states	accessions_represented	total_accessions	coverage	haplotype_id
1	6	213	0.028169014084507043	hap_ba23a7799e5c
2	17	213	0.07981220657276995	hap_8ddb95e3ef4a
3	24	213	0.11267605633802817	hap_71ec79d01e7e
4	28	213	0.13145539906103287	hap_8a1153748e98
5	30	213	0.14084507042253522	hap_538e23ca86cb
6	35	213	0.1643192488262911	hap_c4dfac06ffec
7	39	213	0.18309859154929578	hap_1f945568f197
8	43	213	0.20187793427230047	hap_2419b0841e7c
9	48	213	0.22535211267605634	hap_c52b2cf4c7a6
10	52	213	0.24413145539906103	hap_c014f30a4daf
11	54	213	0.2535211267605634	hap_25908b0f82d9
12	55	213	0.25821596244131456	hap_aa3c3e10892b
13	58	213	0.27230046948356806	hap_f42e9205b691
14	62	213	0.29107981220657275	hap_af45ead73f67
15	65	213	0.3051643192488263	hap_fdbfe77dbf7f
16	69	213	0.323943661971831	hap_3f36d3d05c6d
17	70	213	0.3286384976525822	hap_9d59a1b7091f
18	71	213	0.3333333333333333	hap_dc899f4b3e04
19	72	213	0.3380281690140845	hap_1f876ea04e0f
20	75	213	0.352112676056338	hap_a6ca3d05175d
21	76	213	0.3568075117370892	hap_e817a97cd0f3
22	79	213	0.37089201877934275	hap_401a6ee3e281
23	83	213	0.38967136150234744	hap_a3711291050d
24	84	213	0.39436619718309857	hap_e357f7e13d39
25	85	213	0.39906103286384975	hap_e7c3424181d6
26	86	213	0.40375586854460094	hap_ed2b70a59492
27	88	213	0.4131455399061033	hap_e42b3a05ed9f
28	89	213	0.41784037558685444	hap_2e29e1c739a3
29	91	213	0.4272300469483568	hap_5a29761895dd
30	93	213	0.43661971830985913	hap_aeb5bee2b0c0
31	94	213	0.4413145539906103	hap_f11b0cf30e2e
32	95	213	0.4460093896713615	hap_d227a020b28f
33	97	213	0.45539906103286387	hap_d72013fffc4a
34	98	213	0.460093896713615	hap_b8a9bfe56e12
35	100	213	0.4694835680751174	hap_520aa56cc81b
36	102	213	0.4788732394366197	hap_80aa33d8bdb6
37	103	213	0.4835680751173709	hap_00093a490655
38	104	213	0.48826291079812206	hap_f5651bd63f3a
39	106	213	0.49765258215962443	hap_0c9d6200e2bf
40	108	213	0.5070422535211268	hap_1e17f16d8bac
41	110	213	0.5164319248826291	hap_293cf905bfe2
42	111	213	0.5211267605633803	hap_008168b3e008
43	112	213	0.5258215962441315	hap_dd857ad3ae7e
44	114	213	0.5352112676056338	hap_dc66aad1b1ee
45	116	213	0.5446009389671361	hap_cf02aa5fd8fb
46	118	213	0.5539906103286385	hap_b44e86821290
47	119	213	0.5586854460093896	hap_c4d30331bda2
48	120	213	0.5633802816901409	hap_cab89f9834c2
49	121	213	0.568075117370892	hap_8d5d93bf81d3
50	123	213	0.5774647887323944	hap_f10c9c32334f
51	124	213	0.5821596244131455	hap_80473d81c671
52	125	213	0.5868544600938967	hap_369454ef83a5
53	126	213	0.5915492957746479	hap_cb93144e7fab
54	127	213	0.596244131455399	hap_b1081fdc5d7f
55	129	213	0.6056338028169014	hap_a489e0146eed
56	130	213	0.6103286384976526	hap_84bb32399d2b
57	131	213	0.6150234741784038	hap_4a277b6a4e1a
58	132	213	0.6197183098591549	hap_4d38d41f5cf1
59	133	213	0.6244131455399061	hap_b7559356ca3f
60	134	213	0.6291079812206573	hap_7ae38b93e05b
61	135	213	0.6338028169014085	hap_640060049ee9
62	136	213	0.6384976525821596	hap_7c043b34fe53
63	137	213	0.6431924882629108	hap_4bc71e19de38
64	138	213	0.647887323943662	hap_27f354a3411b
65	139	213	0.6525821596244131	hap_e75d29141f81
66	140	213	0.6572769953051644	hap_8a0c2b2925bf
67	141	213	0.6619718309859155	hap_addc419d6004
68	142	213	0.6666666666666666	hap_eed3c1ecc734
69	143	213	0.6713615023474179	hap_c8f41aba89a6
70	144	213	0.676056338028169	hap_bb9b36062983
71	145	213	0.6807511737089202	hap_40bcea4dad5f
72	146	213	0.6854460093896714	hap_422f9dee362e
73	147	213	0.6901408450704225	hap_ca30f093f120
74	148	213	0.6948356807511737	hap_c7da94c472f6
75	149	213	0.6995305164319249	hap_d67f1f5a4759
76	150	213	0.704225352112676	hap_1151d88b4724
77	151	213	0.7089201877934272	hap_b8cdbd7d6376
78	152	213	0.7136150234741784	hap_a42f89e7cb9a
79	153	213	0.7183098591549296	hap_5c318fc1b4df
80	154	213	0.7230046948356808	hap_30ed7c0d7b76
81	155	213	0.7276995305164319	hap_2444917080a1
82	156	213	0.7323943661971831	hap_2c4082218348
83	157	213	0.7370892018779343	hap_044d7e9eae94
84	158	213	0.7417840375586855	hap_3dd5459077bb
85	159	213	0.7464788732394366	hap_ebb9e9cb2ec7
86	160	213	0.7511737089201878	hap_0c24aaae916c
87	161	213	0.755868544600939	hap_1bf2b0a6f880
88	162	213	0.7605633802816901	hap_c5e02e189eb6
89	163	213	0.7652582159624414	hap_69c8baeb08c7
90	164	213	0.7699530516431925	hap_fd89166332fd
91	165	213	0.7746478873239436	hap_20455d07e21e
92	166	213	0.7793427230046949	hap_3d33b441b308
93	167	213	0.784037558685446	hap_698a72bdc06f
94	168	213	0.7887323943661971	hap_c724f0183504
95	169	213	0.7934272300469484	hap_80febfabff50
96	170	213	0.7981220657276995	hap_381b88739c97
97	171	213	0.8028169014084507	hap_28cdbdd6743c
98	172	213	0.8075117370892019	hap_b171b57885a9
99	173	213	0.812206572769953	hap_5621ddab0874
100	174	213	0.8169014084507042	hap_436fcbfe3e51
101	175	213	0.8215962441314554	hap_ffb12b3ccf6d
102	176	213	0.8262910798122066	hap_6f6cc3cb8bd5
103	177	213	0.8309859154929577	hap_13100bf311c9
104	178	213	0.8356807511737089	hap_6d988569252f
105	179	213	0.8403755868544601	hap_805dc6712802
106	180	213	0.8450704225352113	hap_226b3fb9db0c
107	181	213	0.8497652582159625	hap_9bb633ebd454
108	182	213	0.8544600938967136	hap_863dcdb5bf35
109	183	213	0.8591549295774648	hap_8b375f260df6
110	184	213	0.863849765258216	hap_ec5e1edaa2f1
111	185	213	0.8685446009389671	hap_83a31ad3adc8
112	186	213	0.8732394366197183	hap_5e51e33064af
113	187	213	0.8779342723004695	hap_4bcb5aaf83c9
114	188	213	0.8826291079812206	hap_a06c45b8501f
115	189	213	0.8873239436619719	hap_6c71af58d39b
116	190	213	0.892018779342723	hap_872e74ac868e
117	191	213	0.8967136150234741	hap_4884986a0a09
118	192	213	0.9014084507042254	hap_6e8cc58c992b
119	193	213	0.9061032863849765	hap_36c757622d4d
120	194	213	0.9107981220657277	hap_1a2089c38e18
121	195	213	0.9154929577464789	hap_8be8309e44ea
122	196	213	0.92018779342723	hap_a9a317cd62d5
123	197	213	0.9248826291079812	hap_7efbdc84d6ff
124	198	213	0.9295774647887324	hap_0bc0e0ffc048
125	199	213	0.9342723004694836	hap_ef17c2a30bd0
126	200	213	0.9389671361502347	hap_14b9ef8fa1b0
127	201	213	0.9436619718309859	hap_4b2bab59a2e0
128	202	213	0.9483568075117371	hap_957ab32bf0e9
129	203	213	0.9530516431924883	hap_22bdb4152138
130	204	213	0.9577464788732394	hap_92b73fb640b9
131	205	213	0.9624413145539906	hap_d3b5e2959022
132	206	213	0.9671361502347418	hap_071900d16878
133	207	213	0.971830985915493	hap_652f18517d05
134	208	213	0.9765258215962441	hap_714750f837eb
135	209	213	0.9812206572769953	hap_962f236b0a11
136	210	213	0.9859154929577465	hap_369e70d338ed
137	211	213	0.9906103286384976	hap_e19d0a534671
138	212	213	0.9953051643192489	hap_8d047602eb6d
139	213	213	1.0	hap_fa27abb6d4b7
