path	sha256	bytes
followup/.gitattributes	705fd4d6451a31d36b3df7de96f83f30ac976c9b4a6d1e51671d8e2f33e2d0da	8
followup/archival_coverage_curve.tsv	b1b07f9034aaa445de208b4218033d191d9133bef212d450b4060b957a88a9c6	6730
followup/balanced_development_panel.tsv	a3b0cef2052823b4ffe61e41fa7388dacf32bf313fab73beae6f5ca66eca1f4c	212322
followup/balanced_genotype_coverage.tsv	eeab64a7dfc60c4bfdea88f897965a6cf99043ef87f4d6a6f069548e8709899f	198
followup/balanced_only_panel.tsv	652441e9b0608e37b4007eb8b60edddb5d249af42de8afa46edce11aa60dfffd	15316
followup/balanced_panel_summary.json	f4e8dc3b74c34e965c7f73cfc605a87e5723bdcd47f21b929bfca8f639c411a7	300
followup/benchmark.tsv	6c1a807b7a346858553bd8842dea782942d25bb5255527736c33411ad202664c	76526
followup/benchmark_summary.tsv	2a9739e7a29fab3f646904bca1f2010d2534dba6d48c997a2349bd8b06f46623	8977
followup/code_manifest.tsv	6f773d5bb3d6fb8f78f3ed6f303bff782619bbc8c4f254864468ab97f268b508	469
followup/control_contacts.tsv	a6d214d4d36455abb17ac44cb224c1214378c0720fa4c09519c3dbb80b77083c	5007
followup/coverage_curve.tsv	b41b0f47cd4865534ab0fafef0beaa119ee43c17c2ace23499b96e9d23a43fc3	16400
followup/coverage_summary.json	4a825487e35a36510fb5e710f50091b3bf02289ab0a905d938e8806a8efbc2c2	1441
followup/curation_audit.tsv	b30b1641c1139cfdb3f42b82b54928c8305e8c4ed2b8c768a5257c99f7ccfb3b	401
followup/development_panel.tsv	c775dc5ebbc9ad4a3328a63d20dcf578299de4601e48a44b1d70238f49ec5f7f	197098
followup/development_sequences.json	968844c8e209cc72c049019e6de9727d9a8fafa0c083542d39400a73d5e33a78	373715
followup/downloads.tsv	dafc89c5729ba0f394c28631b7c82e616425495300928baf1ed4be470ff7993b	29150
followup/energy_terms.tsv	888626e5674d40e121ab0ffa9c93dfbf093e7ff9dcc6a66fe408d397ba214c92	108680
followup/figures/benchmark.pdf	0e405acd5d51b50d7c5ec3fcf7835588142a8316a2acaad6170cdb135239c8a4	17335
followup/figures/benchmark.png	52f2af7d10364d55d411051e74d4cf2b3b5c0f71aa5da9ba6fabf743cde6793d	65731
followup/figures/control_deltas.pdf	e31d27546c8287fdb5ddcb9468a8fdf3a8af2f63cc770f23f29fce4062180496	27760
followup/figures/control_deltas.png	7e9851bdf9199daadab7230ccf34f3db74197b493aa6c749a57b732bf8374f9e	106476
followup/figures/coverage.pdf	c94b40560431af0b24452cc8424c29ef2bbeac08df06679cbbf0f9717fc55978	13837
followup/figures/coverage.png	82ec457a9c633458cff73493228c9fc70ce72af51920bc017429425d9be07f45	83232
followup/figures/genotype_coverage.pdf	7907403c4ad4118b808a0cfa86cfe47abf49c951dd582ee1352facaf40e16b7a	14508
followup/figures/genotype_coverage.png	ac41ea25beafd5c6fcc0f0c01ca471fa38f952f90aafd0d26ce0f7bd14e0d146	48725
followup/figures/geometry.pdf	736264d667307398909a06c11bdcaa2526a8cf2440ea991d9419f273bc6f77a1	17322
followup/figures/geometry.png	5b7add1ec00dcf5c5a7420033584b9f068ce5d331055d36c6e11b9bf5fb2a8d8	74701
followup/genotype_counts.tsv	56bd07a21ee77b6aaa83d11ae7ab1504486f515ee39a17145b0a4f785c028dd7	533
followup/genotype_coverage.tsv	4cdce8f389df90374a16788f200da1492085d46a74c7280b0700d784d51577a8	209
followup/ground_truth.tsv	16a020a024ac2c3d9da0e987123dd3076bf98df53d0a3b03d2540fc141ae465d	21444
followup/interface_positions.tsv	9fcac823120b543393f727e67491b51df216dd4c33d9940d28de57c6d49897a3	3724
followup/model_audit.tsv	23f74bff2fa73e255ab2a982773a2b984ec57f26c291ea9f5313870fa12a51a1	2408
followup/models/archive/C157S.pdb	a22a0d979fc851e5aafbbb3fa90e82328f64ef52ee45d6d796d612cd33996e67	198085
followup/models/archive/C190R.pdb	c06e8e06bde6241f25517b03f3291415a2d76f5229485de6c9f30e67a04fa637	198805
followup/models/archive/D196A.pdb	9ec98b88f434f270442fbb202ac0e27ac5613f14df5f10b4669adb24f4384af4	197765
followup/models/archive/D196E.pdb	7643b2453f40894c90fbe23be14883d06612944b7f46886c4e67faedccdd5531	198085
followup/models/archive/E188A.pdb	d37dff417a540b30feb873516255c9cd74c9ac8f36d3ba42358788452b64e572	197685
followup/models/archive/E188K.pdb	19910888ac44958f86e58f76f8fed33448e28359439dc599fa019ce294b0d730	198245
followup/models/archive/F150S.pdb	06b30e6e38066f344886e38aa3cbb98edf198e891dbeaca5a9c8997ee047c2e8	197685
followup/models/archive/F186A.pdb	088e8511b0fd4e12cc9caad08ced56c1575ff1c77747a4eb3428f62e20309aa5	197525
followup/models/archive/F186L.pdb	c3d535653eedc28ee1d1b85eb637950a0ba4c659946b7f5af600df62f1a1f244	197765
followup/models/archive/F186L_E188K.pdb	188d100539b9ad5a44dd2cad54d3f8a5a63c465278e23cdd7ee3a25c65411618	198005
followup/models/archive/F186S.pdb	e6bc3c60bfadfec6262c8640639c2355ee37d9da5b2cbb7340546a4351370358	197685
followup/models/archive/I181A.pdb	f7f1ef76ae891048753d86ef18c9f7f64443a47b09b9589786d69661967b2944	197765
followup/models/archive/I182A.pdb	9252b9c28e6551d398b4167b49b28c33d23fa9f831ddfa4ebeb2d74d179ecfb6	197765
followup/models/archive/I182F.pdb	50e3e674473a59ffac9a8b2aff48dc872dc579d1fe5312c92b4d0b3c0e56d51c	198245
followup/models/archive/K124T.pdb	173a75a97209b7f0b1d95e1cc392464a95667b9ac7ca157e41576587a4a5afc7	197685
followup/models/archive/K171A.pdb	76893c6b9eed1b435d03251f2aeccdefdd0bc366cd94bc649f6d2d6aa1fb0775	197445
followup/models/archive/L162P.pdb	2c166cbd71162c09a02cb2fd9b09400ebcc04cd76809f33008f24fa22446549a	197845
followup/models/archive/N184A.pdb	56b7eeb1a29ebbadece2daf26330a5af362ce95db47a5a2687885c20ac121f3d	197605
followup/models/archive/N184Y.pdb	56fcad5474eb62578065f34765a303f5fca4e0f654c18316f7a951c14e69e31c	198245
followup/models/archive/native.pdb	1644b7adcfa915446c4d9765eed42b109ce2d9f80398642a3c2f1013c8f5330b	219524
followup/models/archive/T163A.pdb	3c5dc2de71a4cd42b6ede14858e53bf6cce43f9e9b0882e21f2c34e20a7f30b2	197765
followup/models/archive/T166I.pdb	ae5a622e9f690b6cf24e9f06161a447c1a15e3abbdbf0625649f951cdb0bb9bd	198005
followup/models/archive/V146E.pdb	f05375f9909437f22971929e3b3fbd6e7c6645b665eda2c55765e931c8b0b230	198165
followup/models/archive/wt.pdb	6acbc194983985496582a95b47c05232228c54d304af9bca56c19ff0889976db	198005
followup/models/archive/wt_second.pdb	650530766275231cc680504a10a5f0c5a9666676efb4fb26784d08feb13dbffa	198005
followup/models/bound_ae/C157S.pdb	811705111067b3edd8c8c64d46c5b06a1722ef9323991b4213dd272d4042f556	191445
followup/models/bound_ae/C190R.pdb	9c4c21ce112140e42d047d9697a536841e057d5b9e34ad9ee3a598147df431c6	192165
followup/models/bound_ae/D196A.pdb	b1388c9eb88871b9ddbd4c068283167567e30d7e124a1c2558eea5e3f518aad3	191125
followup/models/bound_ae/D196E.pdb	90b5a61f43e0ac51d93a6955de0ac551775ec4e30cd4d2c79b4cfabb3a7a73b1	191445
followup/models/bound_ae/E188A.pdb	d207bbca2d4a903b36446bc0f2f5125af5098d866ce80056238917bb23307750	191045
followup/models/bound_ae/E188K.pdb	77e4a6d870d073dd072dcbfd161706869363a023aa8f66b9260028697b915d7d	191605
followup/models/bound_ae/F150S.pdb	fbaa0613d9a0baac19340458d3176c9a727cd8baf17991f45da35f09baaa8dd0	191045
followup/models/bound_ae/F186A.pdb	43db2ac675a0aa03ac139a44343e84cfe8b9cade5c39af83a7d40bce2def43bc	190885
followup/models/bound_ae/F186L.pdb	815d0a4e39dde9383046d93c33be8b7fbe19866519e798087d23cf996dcc887a	191125
followup/models/bound_ae/F186L_E188K.pdb	3bc47f745cee2f2e1672c274ae11b099e41d22a86e1fe25d82e23396bd436bac	191365
followup/models/bound_ae/F186S.pdb	d3a494886a705760c6af285bb678fd2376b521d3b9e49494d91a1ccd05912060	191045
followup/models/bound_ae/I181A.pdb	f4ebf9efaede9c4fe591ba0a0d98b28bb0248e0f42cbeda078ab2be02fb57084	191125
followup/models/bound_ae/I182A.pdb	d5aff175e27a353972eb0967696a29dcc36107db5863812ef4547298c2da33c4	191125
followup/models/bound_ae/I182F.pdb	7dd35bf87e4e685e197ea0c5fd438febc0c21d2200e3cfce78aa886448663cf3	191605
followup/models/bound_ae/K124T.pdb	0af2d08dad38bcb9b8d2998a54733ba7c325a88ff559e4126b75a0f12554f46c	191045
followup/models/bound_ae/K171A.pdb	798250e0bf1cf05d7334c6c279e2af82ce8dfa8949cc1de6901c97a16fc4759f	190805
followup/models/bound_ae/L162P.pdb	df1558e64a1e58538b250e67246ff908bff1db12546016b84c74b8380f200447	191205
followup/models/bound_ae/N184A.pdb	5167c0c2b4749190c4dbb7209eaf250cb1db4e5b86673371d6355e43e96e83a0	190965
followup/models/bound_ae/N184Y.pdb	2fb4ce201ea59e08de955004e2ce0a2a64a21220de1adaa3c5063dc3b6ff8968	191605
followup/models/bound_ae/native.pdb	a18b382728388bc70fcd56c29b53a5690a831620a494f6be9a38e9a77dd061ac	151382
followup/models/bound_ae/T163A.pdb	2d5496368e3567760114a94ae56c245c58dda17c47d3489a06f5810da1e6425f	191125
followup/models/bound_ae/T166I.pdb	6ad99067841e11503bc9d73471bac9b358dee884e74aeded87dcff5adcd94585	191365
followup/models/bound_ae/V146E.pdb	32f71fe8e98fd8f2b22631365233d51395ebb7294ba635b2877dd10bb85a8d2e	191525
followup/models/bound_ae/wt.pdb	8a5697007071b745ac632e190947cc5ad20d1b55cc2d512dc50309d9230c75af	191365
followup/models/bound_ae/wt_second.pdb	dcfeab412659ff091bb3aa0437ef488f176cc84a8a0b273f2cc4fed37539f979	191365
followup/models/bound_bh/C157S.pdb	afeb935c6d1afc8a6d36e837ef4380f07f7973457787abbf46be2aa1f5a04d3f	200565
followup/models/bound_bh/C190R.pdb	eb18f4c1042d97826b698cfe40db33fc2cb3ac9f0cede5d6743d3237831c1542	201285
followup/models/bound_bh/D196A.pdb	df16c261bf285dc1e17a2e400e22c0b4875454c0a93916dfaa03f31ea3745479	200245
followup/models/bound_bh/D196E.pdb	01718d18176df22d2ff2d02a1f532bf387b3bb3a26f3853468853d8893a9662b	200565
followup/models/bound_bh/E188A.pdb	b3703708ff162d1a1689210f88d7f99bd8b6cb92ceeef3b4db0d0e919ad103a5	200165
followup/models/bound_bh/E188K.pdb	b55c9ec0ef2c6b13de1b5c6a32a75a40ca73a82d0666ffe2856eb3f98e2ce09c	200725
followup/models/bound_bh/F150S.pdb	0f1c3043fe076f97b35d17a16609d244cc752d3a1a13e1535703cd1aa857581c	200165
followup/models/bound_bh/F186A.pdb	8c69d119f268af78cca236eac7067f2bf8df1c3b4ce705209e37872e9af95329	200005
followup/models/bound_bh/F186L.pdb	55e7d33099bc89427951cd46fa7b9e0076d7c2d1114e669db61d0fd30299e52d	200245
followup/models/bound_bh/F186L_E188K.pdb	d850ff0fc1c156c28f869ae99f0da37a530072d102ac97954e5908f21cbd7ef3	200485
followup/models/bound_bh/F186S.pdb	28c5a8fe204dcc697a49452d155ea2099cfbd8d9f68ca1c947226c22696657e6	200165
followup/models/bound_bh/I181A.pdb	f3969b9564928bf310cb2c87ccf62c6d395f286461a923eb3ec927c47f858215	200245
followup/models/bound_bh/I182A.pdb	8f80a83d007f1f946fe7f155a279143193cc5034586086ad54490e3c356e99bd	200245
followup/models/bound_bh/I182F.pdb	918f6a55d2a34b7c9dc01d4e17deb09f39844ed086c7fbd738ce2d7eddad5379	200725
followup/models/bound_bh/K124T.pdb	15c7184eb16e034e23de423a9d5aae51e7e542e838329564f728e1215f55b3f2	200165
followup/models/bound_bh/K171A.pdb	37dccaff417a7d2d6639b7dde6c109e065efc5e004a7ffad74ae32c6d5286383	199925
followup/models/bound_bh/L162P.pdb	8eb7da7ad943a629ce293c319e89c245d401b6ffcd795443a174d60ca35b6736	200325
followup/models/bound_bh/N184A.pdb	16f10f46cdc2b4973040f836dc605e599b0b4565c1844a1b4996407fb9547144	200085
followup/models/bound_bh/N184Y.pdb	4cd0dccbc7b381a6b605774ad66dca93f63d726ed703ef4778f98e82d6dd7ce7	200725
followup/models/bound_bh/native.pdb	5cd23aa536403688426894e7a2fbc2594688fe303e41af4e089c7ffa0481fe48	158926
followup/models/bound_bh/T163A.pdb	e7cec109c0c7d874235364149daa74c8679677142fb790402ae60018f44d5ae7	200245
followup/models/bound_bh/T166I.pdb	437eff8a6fe4b8bf9076e8c9b67455455f448ecec98019fefe4c57c486a8fb02	200485
followup/models/bound_bh/V146E.pdb	caad233621950ba815db96d5545266c10bb3a879f6fde1cd7ca9e3bddb26bb58	200645
followup/models/bound_bh/wt.pdb	2a239a7ea091f23dc8f7619e6cc19c78acfdfaa99955babe6d247ee9409bd883	200485
followup/models/bound_bh/wt_second.pdb	52e5b4d11fa38e2f07a7feb108b2ae15af2bd82c78dc2d631192fa45fb375d91	200485
followup/models/g8q_a/C157S.pdb	d91e46004a88f96373687f10bdc4761ad18f30bcdd350ed69290e31ff07803b5	198085
followup/models/g8q_a/C190R.pdb	f52a8abbc2f5fa1d5c2eee32305a259bcb29ee8aa5af8e288e66266e5e5762f2	198805
followup/models/g8q_a/D196A.pdb	21199b06e8d769115090a7792a54a949bbcb357689fded656b6ab94b835f7482	197765
followup/models/g8q_a/D196E.pdb	1fa4e7b8f13f3ece1cd5a36d47cb6873caeb8b25a3710f3993d504bd3c406715	198085
followup/models/g8q_a/E188A.pdb	78d3c0ae0f131a6b8028597e7a759b39da667faf85dfef3e5c0d7f20a1554795	197685
followup/models/g8q_a/E188K.pdb	e9f8f73a330fdf3b8e230fd213b90af0159e209cba8c54b4ea75218c29649ebe	198245
followup/models/g8q_a/F150S.pdb	2004754f7a74e4a71cda10c226343bd19c7098965d6b01f6b6c823e363d82cc3	197685
followup/models/g8q_a/F186A.pdb	9307375d0f9e7fee9cb8f232ad615e43c4b2ac937381979f523f823027fd1e6b	197525
followup/models/g8q_a/F186L.pdb	e7df33c42c175ade13c07e9cfaa54ce9e5889515ab134c9e96def00a263e41a3	197765
followup/models/g8q_a/F186L_E188K.pdb	28af4c32a5da980653608812c19ad1504b1a501bdb389a18bcfc0fd286fa7a9c	198005
followup/models/g8q_a/F186S.pdb	baf82fd5ddd5ec12233e1177195b77ffc435cb71ed3db327dafc4010f076f1a4	197685
followup/models/g8q_a/I181A.pdb	f6b1b87af548bd3e0e85a0fb30f86b779c8f3d66f7f3583dc33178e2d05e7e72	197765
followup/models/g8q_a/I182A.pdb	9c83f055e92b4f513b4a1978d3540e1aa545e1dddf1b714be66859de549b58de	197765
followup/models/g8q_a/I182F.pdb	0f37038924d72fa482468ef8f532cc00f63d1d23d24bbd1bed5575e4b95c4ebf	198245
followup/models/g8q_a/K124T.pdb	dfaeb541f20722ce8fb56d87c5b3553b7100f892efb0c97d5642ded17a540917	197685
followup/models/g8q_a/K171A.pdb	efa349e270855ebe60c8fb17bc84c3630bec468ed573fa8b91cd109e78414f8e	197445
followup/models/g8q_a/L162P.pdb	6e11c695bbe771acbbabee725b68d15e876bf625d22d32524a3e7dbdfb498185	197845
followup/models/g8q_a/N184A.pdb	463481f87161ecab23dc3b7c04305fbb73a53dfbc04a0b0aeb4c04c040776652	197605
followup/models/g8q_a/N184Y.pdb	67b14436aca18daa6827685d86cb19776c5c42c0fb714e84022e3219e3753bb8	198245
followup/models/g8q_a/native.pdb	042fd76f2fb7f04f1b32f2b6b1b7338f4ca43d9e684b97e50362eb8c54cb595a	161878
followup/models/g8q_a/T163A.pdb	0a59c7ac87b1a38aefe2d3331a19ebc9bb4ef560f04bd7b998f4281ef0ed31e2	197765
followup/models/g8q_a/T166I.pdb	253d72f27ddc2a6cbd6951e3e5acbe23db0d6ac58d9d123c47bbfdc7dd164996	198005
followup/models/g8q_a/V146E.pdb	365a6fd71a1e8f734d89096bc53b1aee587d717b492caf3ddefef1f958971213	198165
followup/models/g8q_a/wt.pdb	93c79b40fcf893094402d0aa7447e37b9858dfb411012f83a452db89943d8ab9	198005
followup/models/g8q_a/wt_second.pdb	4a8d56544b68a3d71b8238d0a9a2d346645383d443a3ca0f9f903f2be9d90d63	198005
followup/models/g8q_b/C157S.pdb	587fb94bd875115447a30c1d95f1641fffb0578fc3420c9a3e300c828bd1844c	195285
followup/models/g8q_b/C190R.pdb	0a14674f914a99def338e85460f34239cf7e1815d4dd9822a334d262eb6117de	196005
followup/models/g8q_b/D196A.pdb	aef18135c704af5bbef9a63192c238df37c2b8979db57502770ba9a961f8fce1	194965
followup/models/g8q_b/D196E.pdb	e7de284b66a36d524ad05d499b07bd2e3a21ca492e5fe231d2819644ca89d7b7	195285
followup/models/g8q_b/E188A.pdb	c983561477ea561f3846dbf6ddbe5576c9026de02d88e465bf998befd7a5e367	194885
followup/models/g8q_b/E188K.pdb	5a529c8ff69df2900e8e29fe8f5c11391702962f4b0e68f86c6ab817fb05a310	195445
followup/models/g8q_b/F150S.pdb	a088942e2a714787bd8924edcad3a9669bf897572325eceaded90b1a88f1d8f0	194885
followup/models/g8q_b/F186A.pdb	86cf40b683472ffa92ce678a7e049ea23638d098d744dc47890990d6678a1b3f	194725
followup/models/g8q_b/F186L.pdb	9d66521053d5dd061c2c629d4e164c49d0d47727d0b76b2a6069e620a0161361	194965
followup/models/g8q_b/F186L_E188K.pdb	312438222ce86c962b65cb2f036c76d666c24aa111865bb51e2024de84926567	195205
followup/models/g8q_b/F186S.pdb	55b472b273997a9bb8d9e34595cfae00cd57d72732dd1c0b27ca536780381731	194885
followup/models/g8q_b/I181A.pdb	bb505a41d5670fc0944a657f7fae270c1d1cdf569592d42133762aafc45e036f	194965
followup/models/g8q_b/I182A.pdb	29c8a527ccf49636efb50143a904cde97d9cf87e51e8a17e4f7db1949b386281	194965
followup/models/g8q_b/I182F.pdb	1e6711b1e01d2bf027d52497db0034fb8b3abb4cbcc1ab8d08b44c013172b7fb	195445
followup/models/g8q_b/K124T.pdb	cdf6f1185da44a09757264246498452b8a1ee68c8f7711997ae833be5cd608e0	194885
followup/models/g8q_b/K171A.pdb	3c96e968a0745e94c24f49754ce8c31b3b35830727dad10332ea0cec67e1c15e	194645
followup/models/g8q_b/L162P.pdb	55235f21d84034192ee3ee1710685fd745c7f1ca43bfb74a1d5b667963763efe	195045
followup/models/g8q_b/N184A.pdb	50bf9464e979f09d89a6fd18d8c5a296644332c5258ca8386d831fb941b534ea	194805
followup/models/g8q_b/N184Y.pdb	f505f2b07c5ecf0ac84b3a455d25fd7c82cfa75e5b1a470d9ceeb2129f046436	195445
followup/models/g8q_b/native.pdb	1c838ee149c272efea8f58e8614c04a6c60efa905ed46cd70147ada8cf6dd6e7	159336
followup/models/g8q_b/T163A.pdb	c11172ec05dc87303fb1a818faf32ca76db6120a623f8f995644e68b8b569b0a	194965
followup/models/g8q_b/T166I.pdb	2c67108114c5d6259cae903bc4a4c0e6399600a79d999421576fffd0dfc611d1	195205
followup/models/g8q_b/V146E.pdb	75dee4ea4d2e299b8f3686561935b1a6b9b625216a19422161ad59611f87af26	195365
followup/models/g8q_b/wt.pdb	948163b8e0dac3c95aa72c25e06df717509058f27b0b354949a6d6be9d986c5d	195205
followup/models/g8q_b/wt_second.pdb	38b2f2a3bd8dc8b6976d1a3dd9f1972cdbebe25045256a456ba31188ec3dc7b2	195205
followup/models/tcx_a/C157S.pdb	2ce6ab6213301a69665c07f5321006986f8a58dc25017b077ce4e499955a7dc3	198085
followup/models/tcx_a/C190R.pdb	5ec50bb6cfb9104012b3e1c175dca7b6692abb0716c93cea53ebff3ed098a4fb	198805
followup/models/tcx_a/D196A.pdb	7431d606da166fe2743d0a0c7517fd056c49bfa699e0eb04e39dd74d6bf99da8	197765
followup/models/tcx_a/D196E.pdb	c742b44270b1fafa39030d19ebcacf2c27a66650d8b43f0fb0636b7a913a53a4	198085
followup/models/tcx_a/E188A.pdb	8063c7c8bcd7246c276999eb4e1f88a163f11319c5e6dc9ed40c3b74ccbdb269	197685
followup/models/tcx_a/E188K.pdb	598f6cff1cca05ac87115a394cef57a7713ed9d4ed3e3df319f0660a38116540	198245
followup/models/tcx_a/F150S.pdb	841db69b195d42df1b08f17f10e5f1da22c891f2a10f273339fd584ea49995bc	197685
followup/models/tcx_a/F186A.pdb	50ce3edd1df40920605d3a231139d9a31c84b6eee56f6c51fc653b0f107b1942	197525
followup/models/tcx_a/F186L.pdb	e73015c1fe23acb46dc6d92c8190235db1628737fa30627d2ed74bfb54bab4e5	197765
followup/models/tcx_a/F186L_E188K.pdb	d120a0e493b1ca64fcd751754a05e4c1400945eea968709dfb0f5ccaaae3e47e	198005
followup/models/tcx_a/F186S.pdb	68f6aecdeef75ea1d21b00e50f1409877660b4df6a7dc3dcd43a4d194ec7b5cd	197685
followup/models/tcx_a/I181A.pdb	b936c44cae38ef4dc1494817c3d63c3eb6aed6de196ca71ffac94fa11547b4be	197765
followup/models/tcx_a/I182A.pdb	417046cdd9b2efc6075df12e01b2b088925d4bf38079f524e3027aaaebc46cb1	197765
followup/models/tcx_a/I182F.pdb	9ac5f2e63053331de288a7248bddadea090980d5a068a93d1be9659022662162	198245
followup/models/tcx_a/K124T.pdb	d74b9b4aac7d9bb35389c2e0278dc7911be021fc976f984af5708c7aaffa652e	197685
followup/models/tcx_a/K171A.pdb	9655a20405e6152e2bbb508df7f9660665b97bae1f436a9a79155cb586198471	197445
followup/models/tcx_a/L162P.pdb	f50547aecba39457be74bca90db0ca733539826b42757a1fae77f478d7fb2771	197845
followup/models/tcx_a/N184A.pdb	e472b19618066d7cd50640d08f8270a1b00decb32caa4ec33ff7f5e029c8f077	197605
followup/models/tcx_a/N184Y.pdb	beda6df18f6eb39e04d5824264b74f3eddf4e3c913b5ecf8012f85d9fb44725a	198245
followup/models/tcx_a/native.pdb	41845ae9206a8b2dbcf223a4f399aff428289f9bb474134b4720c41521b714d8	161878
followup/models/tcx_a/T163A.pdb	5bca1dc829c5cb6a5dc1069c64c8981f68223013cf6b356dc724bf172e2070dd	197765
followup/models/tcx_a/T166I.pdb	227408facf561ea9cede4581d4fbb5b30bd0ae02956dd004e3a540e005257e55	198005
followup/models/tcx_a/V146E.pdb	f5f20c0b472323afe988e384ecba0ae3268a28009544607f56be61c5903ef832	198165
followup/models/tcx_a/wt.pdb	c5c5adc110596155f6d828ce6a6004928e20f390bf7e546d1c85cfdc95273742	198005
followup/models/tcx_a/wt_second.pdb	7278c9e88984b273ec6792fa36ba9159b216f6d711a965fc1019eb8e7cfadfb1	198005
followup/models/x0e_b/C157S.pdb	be0de3c389130594a352340652ac815b58c0cf294530baceb3a270a93aed0e91	196405
followup/models/x0e_b/C190R.pdb	d83610014336ce48547ee8f597b2812a493256f62a0194e59dc36a81052272fd	197125
followup/models/x0e_b/D196A.pdb	b0d3f6bb859cf5698b93fa66d82de64714421883d9b8701ee508b45ba61e4236	196085
followup/models/x0e_b/D196E.pdb	4bce0f02fd282d5a1dae3b782b599de60768a710c1a04dec0ceacd3a359f18f0	196405
followup/models/x0e_b/E188A.pdb	9d5a03bb264708f7c65359b99de5491985324c0c062f8df0f359884427c48b3a	196005
followup/models/x0e_b/E188K.pdb	55fe21e2d8362e4a5d5b29036686d05d2aebb40be760e7b57727e9190cb2bf94	196565
followup/models/x0e_b/F150S.pdb	446c47401d27f189212a9a2a6d66afdd94c8567f35e1cd68c6ca0d3e8d31ef29	196005
followup/models/x0e_b/F186A.pdb	110b69059c49ee96509759cd357a8b6073d8aaf7cfa6b14ab8bb7a46b8b5666c	195845
followup/models/x0e_b/F186L.pdb	2457455a61f2709b89fabeaea9a76f0d002c013267734396304810be76ba34d5	196085
followup/models/x0e_b/F186L_E188K.pdb	67fe2305e1d3af785c08ba9fccd130f0ad169121f3ebc20099ea53ab933d387e	196325
followup/models/x0e_b/F186S.pdb	c3cefc9e43ca95be514404144fb7dcdd3beb1f75d18ed398b1ca69b5d4d74f1b	196005
followup/models/x0e_b/I181A.pdb	c11a63808e29a63ad28ec16089a3fe366afed5fe3269f1ba1d1e237e36826e05	196085
followup/models/x0e_b/I182A.pdb	b3c8c109ec45374e111e35dd3d494ec54a89cea0e1b47b5b0177dbb84dafe537	196085
followup/models/x0e_b/I182F.pdb	f5fd0e6ef612f20761383056b16c9e62b1b052903946e7acfbfde9626e9abbee	196565
followup/models/x0e_b/K124T.pdb	f81a5cb5cef4f45d350e69bbc5719515143401fd96c691d5bfb9fe6662bd5e58	196005
followup/models/x0e_b/K171A.pdb	b0724bd2ae3331d019fcde0a8f84113e927316f6f3b9339385c9f4414e938537	195765
followup/models/x0e_b/L162P.pdb	88d12fccf647464d76fc7b3a523ebf8c258a600e9f3eb85d8a262eddd6b4fa3a	196165
followup/models/x0e_b/N184A.pdb	d5b414f8561127676d3dc50d2f95b0ccf8ad939777bb42b4cce7f8b14e125499	195925
followup/models/x0e_b/N184Y.pdb	5171bf5dff06b7e0915813172c3259751ed5e4cde7854333b1c76ec79b2222a5	196565
followup/models/x0e_b/native.pdb	d2d8b2f79c310fe7bff2fbb8ac0290eab5b33c41327defc717c3199505c5cfb1	215178
followup/models/x0e_b/T163A.pdb	6dcda5d4e29bca8f8ac409ff43e767eb49d20c859feb7e96e5dfca99ba0410f4	196085
followup/models/x0e_b/T166I.pdb	fdb0556fb392046021ab62641558000434a6a9d54cd7a2c04e3b42f089c8ad28	196325
followup/models/x0e_b/V146E.pdb	d2b85e22429ffc8965861d67986c88cd7b58a184a876b5f0e772c5577d15dc18	196485
followup/models/x0e_b/wt.pdb	c03d4e8883e945865fffc7c6627c593a42729cd8f21c3c742e99f433f9b8b2e2	196325
followup/models/x0e_b/wt_second.pdb	543dd164c12fd4feb51499e9a00658ffce5d0d4012e989303baaa103bb06b965	196325
followup/models/x0e_core/C157S.pdb	3db7beda79b2ca19e9dfcec1a3504d35e5a95adc420a6889785354a9613f060f	198085
followup/models/x0e_core/C190R.pdb	0a62dd028dab64f53edc90dcac61b1cb96d3cfec1f0651a4ab2756fb878f1bab	198805
followup/models/x0e_core/D196A.pdb	64510e82d94a4ed3d2403e375cf8f706abbd16c8c4bea22e7d27eda123d1e890	197765
followup/models/x0e_core/D196E.pdb	ebc3b5071bb633894273a290fde87dd36b6bc369cc5c6425797280c391a71bc3	198085
followup/models/x0e_core/E188A.pdb	3bd80699b8babf75b7cc81f3ed9b822cd394910c868f1da1275af44837689ce0	197685
followup/models/x0e_core/E188K.pdb	f4a5290d1d18d83beb44cbbce5f3679a24a506d7e38d2be7ee4865a8e1c694f6	198245
followup/models/x0e_core/F150S.pdb	b0d5a36313df47870a488fcaa49e4f29814300657910b8aaac9b41357ef41871	197685
followup/models/x0e_core/F186A.pdb	5eaff485b839f4ccb558ff4b1acbba372237bc949c60fb689993585169aaabf0	197525
followup/models/x0e_core/F186L.pdb	f67a2ecfba9c3fa746af868d571455f519512f720f56011b5810f308b80a72bd	197765
followup/models/x0e_core/F186L_E188K.pdb	895af096d3bd8c9a37464ad7376cb6d582fc2817be6f3e61d2fd6f3c66fd743a	198005
followup/models/x0e_core/F186S.pdb	75b5a0305d2d61ffc11ccedf531ecfcd00e39dca00458e444944b3bef783932a	197685
followup/models/x0e_core/I181A.pdb	75c4009711f42911bae8feea545f32048a978902c5e965bee531211ea51b8c41	197765
followup/models/x0e_core/I182A.pdb	6cc72e8df24a3271627e1786fe5ebdb805cf77319b403e53185857179632ae09	197765
followup/models/x0e_core/I182F.pdb	b5db202e35f392d0fa011e94ed6557d77e94692c4b3b068a04b7127c29f75621	198245
followup/models/x0e_core/K124T.pdb	5052af82ddae2c5788c4134f98ba42d3de2e2c605b403644167691d1e121cefb	197685
followup/models/x0e_core/K171A.pdb	25178c724f5352177da8bfc0b19b62c3edc9762fe9322321178c33908752efe2	197445
followup/models/x0e_core/L162P.pdb	b507dd69f45b7025fa0ee711e1522748cef2a09bb37bb9bf69976a20bb7f1314	197845
followup/models/x0e_core/N184A.pdb	7db8216c4380df6d1269e3b6d0f19068dd60710190253238e50a844c58cfb5cd	197605
followup/models/x0e_core/N184Y.pdb	635f4edbe1cb46268e62d751a106a55c9e87cd8449987dc1f2744378903c8ffb	198245
followup/models/x0e_core/native.pdb	f7644939698fdeddea21cfbf0542d4fae8b11b7846bc1def71c7f2d3d0e91638	219524
followup/models/x0e_core/T163A.pdb	26d95c87081c3e896e22538b6cf49ba81e48a4e4c29061e33831a9a55faa99c2	197765
followup/models/x0e_core/T166I.pdb	a36a86e111dca90a1725cfc77446af134aa3556cbba73933f7db1ae8c6bd2a3e	198005
followup/models/x0e_core/V146E.pdb	2fba716a438fb857ee838c483f88fd49074c371368103275033385cb02d6fd30	198165
followup/models/x0e_core/wt.pdb	fb9b953c5e8e93e58c57937ef20ff63cac1f535cbf7dc4d45fba1a5affa2f6fe	198005
followup/models/x0e_core/wt_second.pdb	281891c78ba37d8199569315d3b224b3ef1ef3ce76b26c98985ee03c454f4d1d	198005
followup/original_snapshot.tsv	afdda511f0e5eb4556d59fb27cb7ff99f17c5025ab08803575184830df248348	33144
followup/protocol.json	6a08bf32cbcc7167e64a2720ed814fc7eb86401bdd949f1ead0ab0a56561c70b	2740
followup/protocol_lock.json	eebc7fe42f0c2f6fc449b18857b8e459e099973e181c24862802002ffdfb31a9	352
followup/quarantine/future_reserve.json	6a18226bcb770964a552c8f82aba7102cc0a62dd81e5ced2335a4b0b5df28cff	4289
followup/queries.tsv	dff9c8cb286ce3849bdf4ad47729d7698879aa1bbc94333724a557f896f19d7e	15482
followup/README.md	0c32695b8b17a799d332eec5b3db6b7dfb24a0693a9af87f999dbcf93020f3f4	12764
followup/reproduction_manifest.tsv	6ac0a6188b42ede7bc24f8e50e561db16ba5ee94684abbbf46d9864baf219fcf	331438
followup/sequence_manifest.tsv	5ff4aa6d4b12ca30998864368311994a5ea3dc47c041b841b268fb45da2012a5	226814
followup/split_manifest.tsv	d03009f3e365971527666c0ef35c863d349d5d44d3fda90b60db488c4474cfff	46641
followup/state_manifest.tsv	8c4c19f715b4684bfb5326f2362d7f78a0af7a73b8cee244ba43ed834b5eb8af	60208
followup/state_pilot.json	413c8919edc520dcd7b2d4346bbd125a18f7060df203f1c2bc5cd0867d2d8751	181
followup/state_summary.json	25ceb132978484eae7a92620ab713feef9c4fd3a10b1219daaf03ea2306c2e56	305
followup/structure_sources.tsv	a50be83cdfce5e4c6c5f3bb321e03224a354760943a77d1dbd3e8ebdda3c3118	746
followup/technical_controls.json	a78f354b11b4b6be2c27b6a6d9d22534ea10300299018dfff753fa72b4f9030f	417
followup/wt_repair_sensitivity.tsv	e68eea018e6f18c68f7bea69f338176d667607ed5bfdf58b3bc11c5d7405ad69	1865
