model	mode	tolerance	original_single_correct	original_single_total	always_reduced_baseline	external_reduced_correct	external_reduced_total	wt_total	wt_vdwrep	interpretation
archive	repacked	0	8	11	10	2	4	34.81	93.15	diagnostic only; no model or threshold selected by these labels
archive	repacked	0.1	7	11	10	1	4	34.81	93.15	diagnostic only; no model or threshold selected by these labels
archive	repacked	0.25	5	11	10	1	4	34.81	93.15	diagnostic only; no model or threshold selected by these labels
archive	repacked	0.5	5	11	10	1	4	34.81	93.15	diagnostic only; no model or threshold selected by these labels
archive	repacked	1	5	11	10	1	4	34.81	93.15	diagnostic only; no model or threshold selected by these labels
archive	fixed_e2	0	7	11	10	2	4	34.81	93.15	diagnostic only; no model or threshold selected by these labels
archive	fixed_e2	0.1	7	11	10	2	4	34.81	93.15	diagnostic only; no model or threshold selected by these labels
archive	fixed_e2	0.25	5	11	10	1	4	34.81	93.15	diagnostic only; no model or threshold selected by these labels
archive	fixed_e2	0.5	5	11	10	1	4	34.81	93.15	diagnostic only; no model or threshold selected by these labels
archive	fixed_e2	1	5	11	10	1	4	34.81	93.15	diagnostic only; no model or threshold selected by these labels
bound_ae	repacked	0	10	11	10	4	4	-38.93	10.27	diagnostic only; no model or threshold selected by these labels
bound_ae	repacked	0.1	9	11	10	1	4	-38.93	10.27	diagnostic only; no model or threshold selected by these labels
bound_ae	repacked	0.25	9	11	10	0	4	-38.93	10.27	diagnostic only; no model or threshold selected by these labels
bound_ae	repacked	0.5	8	11	10	0	4	-38.93	10.27	diagnostic only; no model or threshold selected by these labels
bound_ae	repacked	1	5	11	10	0	4	-38.93	10.27	diagnostic only; no model or threshold selected by these labels
bound_ae	fixed_e2	0	9	11	10	2	4	-38.93	10.27	diagnostic only; no model or threshold selected by these labels
bound_ae	fixed_e2	0.1	9	11	10	0	4	-38.93	10.27	diagnostic only; no model or threshold selected by these labels
bound_ae	fixed_e2	0.25	9	11	10	0	4	-38.93	10.27	diagnostic only; no model or threshold selected by these labels
bound_ae	fixed_e2	0.5	8	11	10	0	4	-38.93	10.27	diagnostic only; no model or threshold selected by these labels
bound_ae	fixed_e2	1	5	11	10	0	4	-38.93	10.27	diagnostic only; no model or threshold selected by these labels
bound_bh	repacked	0	8	11	10	3	4	-30.17	13.89	diagnostic only; no model or threshold selected by these labels
bound_bh	repacked	0.1	8	11	10	3	4	-30.17	13.89	diagnostic only; no model or threshold selected by these labels
bound_bh	repacked	0.25	5	11	10	0	4	-30.17	13.89	diagnostic only; no model or threshold selected by these labels
bound_bh	repacked	0.5	3	11	10	0	4	-30.17	13.89	diagnostic only; no model or threshold selected by these labels
bound_bh	repacked	1	2	11	10	0	4	-30.17	13.89	diagnostic only; no model or threshold selected by these labels
bound_bh	fixed_e2	0	8	11	10	3	4	-30.17	13.89	diagnostic only; no model or threshold selected by these labels
bound_bh	fixed_e2	0.1	8	11	10	3	4	-30.17	13.89	diagnostic only; no model or threshold selected by these labels
bound_bh	fixed_e2	0.25	5	11	10	0	4	-30.17	13.89	diagnostic only; no model or threshold selected by these labels
bound_bh	fixed_e2	0.5	3	11	10	0	4	-30.17	13.89	diagnostic only; no model or threshold selected by these labels
bound_bh	fixed_e2	1	2	11	10	0	4	-30.17	13.89	diagnostic only; no model or threshold selected by these labels
g8q_a	repacked	0	2	11	10	0	4	56.78	112.28	diagnostic only; no model or threshold selected by these labels
g8q_a	repacked	0.1	2	11	10	0	4	56.78	112.28	diagnostic only; no model or threshold selected by these labels
g8q_a	repacked	0.25	2	11	10	0	4	56.78	112.28	diagnostic only; no model or threshold selected by these labels
g8q_a	repacked	0.5	1	11	10	0	4	56.78	112.28	diagnostic only; no model or threshold selected by these labels
g8q_a	repacked	1	1	11	10	0	4	56.78	112.28	diagnostic only; no model or threshold selected by these labels
g8q_a	fixed_e2	0	6	11	10	1	4	56.78	112.28	diagnostic only; no model or threshold selected by these labels
g8q_a	fixed_e2	0.1	5	11	10	1	4	56.78	112.28	diagnostic only; no model or threshold selected by these labels
g8q_a	fixed_e2	0.25	5	11	10	1	4	56.78	112.28	diagnostic only; no model or threshold selected by these labels
g8q_a	fixed_e2	0.5	5	11	10	1	4	56.78	112.28	diagnostic only; no model or threshold selected by these labels
g8q_a	fixed_e2	1	4	11	10	1	4	56.78	112.28	diagnostic only; no model or threshold selected by these labels
g8q_b	repacked	0	1	11	10	0	4	315.11	368.22	diagnostic only; no model or threshold selected by these labels
g8q_b	repacked	0.1	1	11	10	0	4	315.11	368.22	diagnostic only; no model or threshold selected by these labels
g8q_b	repacked	0.25	1	11	10	0	4	315.11	368.22	diagnostic only; no model or threshold selected by these labels
g8q_b	repacked	0.5	1	11	10	0	4	315.11	368.22	diagnostic only; no model or threshold selected by these labels
g8q_b	repacked	1	1	11	10	0	4	315.11	368.22	diagnostic only; no model or threshold selected by these labels
g8q_b	fixed_e2	0	8	11	10	4	4	315.11	368.22	diagnostic only; no model or threshold selected by these labels
g8q_b	fixed_e2	0.1	7	11	10	4	4	315.11	368.22	diagnostic only; no model or threshold selected by these labels
g8q_b	fixed_e2	0.25	7	11	10	4	4	315.11	368.22	diagnostic only; no model or threshold selected by these labels
g8q_b	fixed_e2	0.5	7	11	10	4	4	315.11	368.22	diagnostic only; no model or threshold selected by these labels
g8q_b	fixed_e2	1	7	11	10	4	4	315.11	368.22	diagnostic only; no model or threshold selected by these labels
tcx_a	repacked	0	2	11	10	0	4	285.19	378.24	diagnostic only; no model or threshold selected by these labels
tcx_a	repacked	0.1	2	11	10	0	4	285.19	378.24	diagnostic only; no model or threshold selected by these labels
tcx_a	repacked	0.25	1	11	10	0	4	285.19	378.24	diagnostic only; no model or threshold selected by these labels
tcx_a	repacked	0.5	1	11	10	0	4	285.19	378.24	diagnostic only; no model or threshold selected by these labels
tcx_a	repacked	1	1	11	10	0	4	285.19	378.24	diagnostic only; no model or threshold selected by these labels
tcx_a	fixed_e2	0	7	11	10	2	4	285.19	378.24	diagnostic only; no model or threshold selected by these labels
tcx_a	fixed_e2	0.1	6	11	10	0	4	285.19	378.24	diagnostic only; no model or threshold selected by these labels
tcx_a	fixed_e2	0.25	6	11	10	0	4	285.19	378.24	diagnostic only; no model or threshold selected by these labels
tcx_a	fixed_e2	0.5	6	11	10	0	4	285.19	378.24	diagnostic only; no model or threshold selected by these labels
tcx_a	fixed_e2	1	6	11	10	0	4	285.19	378.24	diagnostic only; no model or threshold selected by these labels
x0e_b	repacked	0	1	11	10	0	4	322.93	379.7	diagnostic only; no model or threshold selected by these labels
x0e_b	repacked	0.1	1	11	10	0	4	322.93	379.7	diagnostic only; no model or threshold selected by these labels
x0e_b	repacked	0.25	1	11	10	0	4	322.93	379.7	diagnostic only; no model or threshold selected by these labels
x0e_b	repacked	0.5	1	11	10	0	4	322.93	379.7	diagnostic only; no model or threshold selected by these labels
x0e_b	repacked	1	1	11	10	0	4	322.93	379.7	diagnostic only; no model or threshold selected by these labels
x0e_b	fixed_e2	0	1	11	10	0	4	322.93	379.7	diagnostic only; no model or threshold selected by these labels
x0e_b	fixed_e2	0.1	1	11	10	0	4	322.93	379.7	diagnostic only; no model or threshold selected by these labels
x0e_b	fixed_e2	0.25	1	11	10	0	4	322.93	379.7	diagnostic only; no model or threshold selected by these labels
x0e_b	fixed_e2	0.5	1	11	10	0	4	322.93	379.7	diagnostic only; no model or threshold selected by these labels
x0e_b	fixed_e2	1	1	11	10	0	4	322.93	379.7	diagnostic only; no model or threshold selected by these labels
x0e_core	repacked	0	1	11	10	0	4	361.89	441.95	diagnostic only; no model or threshold selected by these labels
x0e_core	repacked	0.1	1	11	10	0	4	361.89	441.95	diagnostic only; no model or threshold selected by these labels
x0e_core	repacked	0.25	1	11	10	0	4	361.89	441.95	diagnostic only; no model or threshold selected by these labels
x0e_core	repacked	0.5	1	11	10	0	4	361.89	441.95	diagnostic only; no model or threshold selected by these labels
x0e_core	repacked	1	1	11	10	0	4	361.89	441.95	diagnostic only; no model or threshold selected by these labels
x0e_core	fixed_e2	0	4	11	10	2	4	361.89	441.95	diagnostic only; no model or threshold selected by these labels
x0e_core	fixed_e2	0.1	4	11	10	2	4	361.89	441.95	diagnostic only; no model or threshold selected by these labels
x0e_core	fixed_e2	0.25	4	11	10	2	4	361.89	441.95	diagnostic only; no model or threshold selected by these labels
x0e_core	fixed_e2	0.5	4	11	10	1	4	361.89	441.95	diagnostic only; no model or threshold selected by these labels
x0e_core	fixed_e2	1	4	11	10	0	4	361.89	441.95	diagnostic only; no model or threshold selected by these labels
