model	cd81_position	min_distance	cd81_atom	e2_structure_position	e2_atom
archive	124	8.515040609010407	NZ	445	CE1
archive	146	14.6398149546128	O	442	CE1
archive	150	12.295016809339407	O	442	CD1
archive	157	3.455329119349314	O	442	CD1
archive	162	4.164140194459516	O	442	CZ
archive	163	1.0906006705503302	CG2	438	O
archive	166	2.2984455052586164	OG1	442	CE1
archive	171	3.504142090317631	CB	424	NH2
archive	181	3.655708326702883	CD1	426	CB
archive	182	3.3149285874534713	O	617	OH
archive	184	3.8514484536401365	ND2	442	CD1
archive	186	3.1641457478287194	CZ	616	CB
archive	188	3.8140808028037005	CA	444	CG2
archive	190	5.610628025377005	N	442	CD2
archive	196	7.699652693345628	OD2	444	OG1
x0e_b	124	6.417012848829284	NZ	445	NE2
x0e_b	146	14.188341470594949	O	442	CZ
x0e_b	150	9.972981088337479	O	442	CE2
x0e_b	157	2.773204970106187	O	442	CE1
x0e_b	162	5.041394414575801	C	438	CD1
x0e_b	163	1.1834534060599406	CG2	438	CG2
x0e_b	166	4.603026705952852	CG2	441	CD1
x0e_b	171	3.3194758756392218	CG	424	NH2
x0e_b	181	3.679401776038738	O	442	CZ
x0e_b	182	4.123785231852495	O	617	OH
x0e_b	184	2.607906160974623	O	442	CD2
x0e_b	186	0.16917674856142773	CA	442	CA
x0e_b	188	3.1762075248330928	C	442	CD2
x0e_b	190	4.814339127227373	N	442	CD2
x0e_b	196	7.267836603172383	OD2	444	OG1
x0e_core	124	10.499561606139338	NZ	445	NE2
x0e_core	146	13.89395282155521	O	442	CZ
x0e_core	150	11.458300709367965	O	442	CD1
x0e_core	157	2.65128824126313	O	442	CD1
x0e_core	162	5.5965186717188375	O	438	CD1
x0e_core	163	2.502734634392322	O	438	CD1
x0e_core	166	1.9506360339604556	CG2	442	CZ
x0e_core	171	3.228756618778579	NZ	429	O
x0e_core	181	1.5212764239599172	CA	441	CD2
x0e_core	182	0.9141314158703396	CG2	617	CZ
x0e_core	184	0.9601086592854828	O	442	CA
x0e_core	186	1.9881901689423063	CA	443	CE1
x0e_core	188	1.8310418930053738	N	444	OG1
x0e_core	190	6.264891937659939	N	442	CD2
x0e_core	196	8.229032350052675	OD2	444	CG2
g8q_a	124	8.381275862008108	NZ	445	CE1
g8q_a	146	14.656028207322894	O	442	CE1
g8q_a	150	12.514477401805856	O	442	CD1
g8q_a	157	3.625635469645753	O	442	CD1
g8q_a	162	4.1800749928208045	C	442	CZ
g8q_a	163	1.6421459222214818	OG1	438	CD1
g8q_a	166	2.446533952487977	OG1	442	CE1
g8q_a	171	3.9690894980575533	CB	424	NH2
g8q_a	181	3.854955549702282	CD1	427	CD1
g8q_a	182	2.7277620370377282	CD1	422	CG2
g8q_a	184	4.049480115814138	O	442	N
g8q_a	186	2.824111089883521	CZ	616	CB
g8q_a	188	3.9438165571245873	CA	444	CG2
g8q_a	190	5.626769612503518	N	442	CD2
g8q_a	196	7.790377161786159	OD2	444	OG1
g8q_b	124	6.358672606224767	CD	445	NE2
g8q_b	146	13.83186048750199	O	442	CE1
g8q_b	150	10.380878776535653	O	442	CZ
g8q_b	157	2.3712913048707156	O	442	CE1
g8q_b	162	5.262390444993502	N	438	CD1
g8q_b	163	1.9344405861829084	CG2	438	CB
g8q_b	166	4.904595146489586	CG2	441	CD1
g8q_b	171	3.7794184084519684	CG	424	NH2
g8q_b	181	3.4086985761505098	O	442	CE2
g8q_b	182	4.534211644667302	O	617	OH
g8q_b	184	1.666827930522439	O	442	CD2
g8q_b	186	0.5854033946959875	CA	442	CA
g8q_b	188	3.390241437364217	N	442	CD2
g8q_b	190	5.054732535914185	N	442	CD1
g8q_b	196	7.238525506254874	OD2	444	OG1
tcx_a	124	6.791402122623655	NZ	445	NE2
tcx_a	146	13.803630259231259	O	442	CE2
tcx_a	150	9.876850729000266	O	442	CE2
tcx_a	157	2.5453071439941204	O	442	CE2
tcx_a	162	0.7742353430848776	CD1	438	CG2
tcx_a	163	3.479440296527996	C	441	CD2
tcx_a	166	3.3170274088378804	N	441	CD2
tcx_a	171	7.552527464922259	N	427	CD2
tcx_a	181	3.0634982481818733	CD1	424	NE
tcx_a	182	2.8500527824986035	CG1	422	CD1
tcx_a	184	1.3986690049769934	O	442	CD1
tcx_a	186	3.512815743950155	CE1	443	OH
tcx_a	188	3.141928390274987	CA	444	OG1
tcx_a	190	5.5416743928654	N	442	CD2
tcx_a	196	6.802296947928366	OD2	444	CG2
bound_ae	124	9.982288625674496	NZ	445	NE2
bound_ae	146	12.225492400203379	N	529	OH
bound_ae	150	13.240222185323471	O	442	CD1
bound_ae	157	3.332490463351125	O	442	CE1
bound_ae	162	5.505967813277942	O	442	CZ
bound_ae	163	2.7821999768400727	CG2	438	O
bound_ae	166	3.480964661747772	CG2	442	CE1
bound_ae	171	3.262446896920954	CG	424	NH2
bound_ae	181	2.941748332627952	O	423	CB
bound_ae	182	3.1797174525118566	C	422	O
bound_ae	184	2.86516235909504	ND2	509	OH
bound_ae	186	3.136572422550739	CZ	443	CE1
bound_ae	188	3.6547300471781496	CA	442	CB
bound_ae	190	5.7435096354758555	N	442	CD2
bound_ae	196	6.652181988336009	OD2	444	OG1
bound_bh	124	10.258036425305264	NZ	443	OH
bound_bh	146	10.352946513553379	N	529	OH
bound_bh	150	12.762521994859265	N	529	OH
bound_bh	157	5.082146690114832	O	442	CB
bound_bh	162	7.296935377141505	O	438	CD1
bound_bh	163	2.8932318907233845	CG2	438	O
bound_bh	166	3.1828127902696703	OG1	442	CD2
bound_bh	171	2.9894362798021974	O	527	CG
bound_bh	181	3.108817234118815	CG2	422	O
bound_bh	182	3.1015612687143372	O	422	O
bound_bh	184	3.695317585602696	O	617	OH
bound_bh	186	3.566472426981402	CB	441	O
bound_bh	188	4.207473619193893	N	442	O
bound_bh	190	6.040020165100295	N	443	CD1
bound_bh	196	8.997019636895319	OD2	443	OH
