path	identifier	source_url	retrieved_utc	bytes	sha256
data/raw/followup/1G8Q.cif	1G8Q	https://files.rcsb.org/download/1G8Q.cif	2026-10-04T03:52:49.580772+00:00	203280	df8e400b3c4f4a5bd180ec9bbd72801909d062d4ea47d30dab10a9da90d062e5
data/raw/followup/5TCX.cif	5TCX	https://files.rcsb.org/download/5TCX.cif	2026-10-04T03:52:52.291897+00:00	225542	256cbbeccbf48864dd98eaeadab45f3e5ed4ee45881ac936872e817019fcdaa5
data/raw/followup/PMID15670777.xml	PMID15670777	https://eutils.ncbi.nlm.nih.gov/entrez/eutils/efetch.fcgi?db=pubmed&id=15670777&retmode=xml	2026-10-04T03:52:56.327872+00:00	8327	f3bb2d5f1d588aa870b4a8682f5dc094abefff922abb6b334adda407fe233dc3
data/raw/followup/esearch_1a.json	1a	https://eutils.ncbi.nlm.nih.gov/entrez/eutils/esearch.fcgi?db=nuccore&term=%28txid11103%5BOrganism%3Aexp%5D+OR+%22Orthohepacivirus+hominis%22%5BOrganism%5D%29+AND+8000%3A11000%5BSLEN%5D+AND+%221a%22%5BAll+Fields%5D+NOT+synthetic%5BTitle%5D+NOT+chimeric%5BTitle%5D&retmode=json&retmax=120	2026-10-04T03:56:10.872989+00:00	2901	da8353bca8a12fbe22d58adcf03748fad465fb37828cfe982ca868ec11e1d2c9
data/raw/followup/hcv_1a.gb	3368036621,3368036433,3368016353,3368016351,3368016347,3084076927,3084076922,3084076917,3084076914,3084076910,3084076905,3084076898,3084076895,3084076892,3084076889,3084076886,3084076883,3084076880,3084076877,3084076872,3084076870,3084076867,3084076864,3084076861,3084076858,3084076855,3084076852,3084076849,3084076846,3084076840,3084076837,3084076813,3084076738,3084076731,3084076728,3084076725,3084076722,3084076719,3084076712,3084076709,3084076702,3084076691,3084076688,3084076683,3084076680,3084076673,3084076670,3084076667,3084076660,3084076653,3084076650,3084076647,3084076636,3084076631,3084076626,3084076617,3084076614,3084076611,3084076609,3084076602,3084076595,3084076590,3084076587,3084076582,3084076580,3084076573,3084076569,3084076552,3084076547,3084076545,3084076542,3084076537,3084076526,3084076523,3084076518,3084076511,3084076504,3084076493,3084076490,3084076485,3084076482,3084076479,3084076474,3084076465,3084076456,3084076453,3084076450,3084076443,3084076436,3084076428,3084076423,3084076418,3084076413,3084076404,3084076401,3084076396,3084076391,3084076388,3084076383,3084076375,3084076372,3084076369,3084076363,3084076353,3084076346,3084076343,3084076338,3084076331,3084076328,3084076323,3084076318,3084076313,3084076308,3084076305,3084076295,3084076292,3084076283,3084076281,3084076276,3084076273	https://eutils.ncbi.nlm.nih.gov/entrez/eutils/efetch.fcgi?db=nuccore&id=3368036621%2C3368036433%2C3368016353%2C3368016351%2C3368016347%2C3084076927%2C3084076922%2C3084076917%2C3084076914%2C3084076910%2C3084076905%2C3084076898%2C3084076895%2C3084076892%2C3084076889%2C3084076886%2C3084076883%2C3084076880%2C3084076877%2C3084076872%2C3084076870%2C3084076867%2C3084076864%2C3084076861%2C3084076858%2C3084076855%2C3084076852%2C3084076849%2C3084076846%2C3084076840%2C3084076837%2C3084076813%2C3084076738%2C3084076731%2C3084076728%2C3084076725%2C3084076722%2C3084076719%2C3084076712%2C3084076709%2C3084076702%2C3084076691%2C3084076688%2C3084076683%2C3084076680%2C3084076673%2C3084076670%2C3084076667%2C3084076660%2C3084076653%2C3084076650%2C3084076647%2C3084076636%2C3084076631%2C3084076626%2C3084076617%2C3084076614%2C3084076611%2C3084076609%2C3084076602%2C3084076595%2C3084076590%2C3084076587%2C3084076582%2C3084076580%2C3084076573%2C3084076569%2C3084076552%2C3084076547%2C3084076545%2C3084076542%2C3084076537%2C3084076526%2C3084076523%2C3084076518%2C3084076511%2C3084076504%2C3084076493%2C3084076490%2C3084076485%2C3084076482%2C3084076479%2C3084076474%2C3084076465%2C3084076456%2C3084076453%2C3084076450%2C3084076443%2C3084076436%2C3084076428%2C3084076423%2C3084076418%2C3084076413%2C3084076404%2C3084076401%2C3084076396%2C3084076391%2C3084076388%2C3084076383%2C3084076375%2C3084076372%2C3084076369%2C3084076363%2C3084076353%2C3084076346%2C3084076343%2C3084076338%2C3084076331%2C3084076328%2C3084076323%2C3084076318%2C3084076313%2C3084076308%2C3084076305%2C3084076295%2C3084076292%2C3084076283%2C3084076281%2C3084076276%2C3084076273&rettype=gb&retmode=text	2026-10-04T03:56:27.072253+00:00	2327521	12b777a966926100f3df1e580caa517f7adafff199de64888c13ae977162c047
data/raw/followup/esearch_1b.json	1b	https://eutils.ncbi.nlm.nih.gov/entrez/eutils/esearch.fcgi?db=nuccore&term=%28txid11103%5BOrganism%3Aexp%5D+OR+%22Orthohepacivirus+hominis%22%5BOrganism%5D%29+AND+8000%3A11000%5BSLEN%5D+AND+%221b%22%5BAll+Fields%5D+NOT+synthetic%5BTitle%5D+NOT+chimeric%5BTitle%5D&retmode=json&retmax=120	2026-10-04T03:56:31.738057+00:00	2901	0515fc033a23d24ceb3fac9199d5e34958a39f607d5b9f71a7ad4fc35b2f9176
data/raw/followup/hcv_1b.gb	3368036657,3368036652,3368036641,3368036639,3368036619,3368036617,3368036609,3368036586,3368036578,3368036558,3368036556,3368036545,3368036535,3368036533,3368036531,3368036529,3368036527,3368036519,3368036517,3368036512,3368036503,3368036501,3368036499,3368036493,3368036491,3368036486,3368036484,3368036482,3368036453,3368036451,3368036443,3368036436,3368016349,3368016348,3332185522,3332185520,3332185518,3332185516,3332185514,3332185511,3332185509,3332185507,3332185504,3332185502,3332185499,3332185497,3332185495,3332185493,3332185491,3084076925,3084076908,3084076844,3084076745,3084076715,3084076694,3084076686,3084076576,3084076563,3084076561,3084076555,3084076528,3084076496,3084076394,3084076366,3084076341,3084076334,3084076321,3084076303,3084076300,3084076227,3084076220,3084076194,3084076181,3084076172,2811224811,2634039876,2634039874,2634039872,2634039870,2634039868,2634039866,2634039864,2634039862,2634039860,2634039858,2634039856,2634039854,2634039852,2634039850,2634039848,2634039846,2634039844,2634039842,2634039840,2634039838,2634039836,2634039834,2634039832,2634039830,2634039828,2634039826,2634039824,2634039822,2634039820,2634039818,2634039816,2634039814,2634039812,2634039810,2634039808,2634039806,2634039804,2634039802,2634039800,2634039799,2634039797,2634039795,2634039793,2634039791,2634039789	https://eutils.ncbi.nlm.nih.gov/entrez/eutils/efetch.fcgi?db=nuccore&id=3368036657%2C3368036652%2C3368036641%2C3368036639%2C3368036619%2C3368036617%2C3368036609%2C3368036586%2C3368036578%2C3368036558%2C3368036556%2C3368036545%2C3368036535%2C3368036533%2C3368036531%2C3368036529%2C3368036527%2C3368036519%2C3368036517%2C3368036512%2C3368036503%2C3368036501%2C3368036499%2C3368036493%2C3368036491%2C3368036486%2C3368036484%2C3368036482%2C3368036453%2C3368036451%2C3368036443%2C3368036436%2C3368016349%2C3368016348%2C3332185522%2C3332185520%2C3332185518%2C3332185516%2C3332185514%2C3332185511%2C3332185509%2C3332185507%2C3332185504%2C3332185502%2C3332185499%2C3332185497%2C3332185495%2C3332185493%2C3332185491%2C3084076925%2C3084076908%2C3084076844%2C3084076745%2C3084076715%2C3084076694%2C3084076686%2C3084076576%2C3084076563%2C3084076561%2C3084076555%2C3084076528%2C3084076496%2C3084076394%2C3084076366%2C3084076341%2C3084076334%2C3084076321%2C3084076303%2C3084076300%2C3084076227%2C3084076220%2C3084076194%2C3084076181%2C3084076172%2C2811224811%2C2634039876%2C2634039874%2C2634039872%2C2634039870%2C2634039868%2C2634039866%2C2634039864%2C2634039862%2C2634039860%2C2634039858%2C2634039856%2C2634039854%2C2634039852%2C2634039850%2C2634039848%2C2634039846%2C2634039844%2C2634039842%2C2634039840%2C2634039838%2C2634039836%2C2634039834%2C2634039832%2C2634039830%2C2634039828%2C2634039826%2C2634039824%2C2634039822%2C2634039820%2C2634039818%2C2634039816%2C2634039814%2C2634039812%2C2634039810%2C2634039808%2C2634039806%2C2634039804%2C2634039802%2C2634039800%2C2634039799%2C2634039797%2C2634039795%2C2634039793%2C2634039791%2C2634039789&rettype=gb&retmode=text	2026-10-04T03:56:44.066492+00:00	2212581	1bfefca4e9dd2b7f608750eba838ff30b1ba4a170034a8aef9f3df884bfd910d
data/raw/followup/esearch_2a.json	2a	https://eutils.ncbi.nlm.nih.gov/entrez/eutils/esearch.fcgi?db=nuccore&term=%28txid11103%5BOrganism%3Aexp%5D+OR+%22Orthohepacivirus+hominis%22%5BOrganism%5D%29+AND+8000%3A11000%5BSLEN%5D+AND+%222a%22%5BAll+Fields%5D+NOT+synthetic%5BTitle%5D+NOT+chimeric%5BTitle%5D&retmode=json&retmax=120	2026-10-04T03:56:48.567155+00:00	2832	63cd517a78c446d623c01b9a0c0ece9d74c8b30f10b1b7d3be3105f9c4f83a75
data/raw/followup/hcv_2a.gb	3368036633,3368036603,3368036583,3368036571,3368036568,3368036562,3368036550,3368036542,3368036539,3368036521,3368036515,3368036488,3368036421,3368016352,3084076357,2679314034,2634039650,2191912974,2191912928,393714875,393714872,393714869,393714866,40714444,13122273,13122271,13122269,13122267,13122265,13122263,2299493224,2299493222,2299493220,2299493218,2299493216,2299493214,2299493212,2299493210,2299493208,2299493206,2299493204,2299493202,2299493200,2299493198,2299493196,2299493194,2299493192,2299493190,2299493188,2299493186,2250410513,1827634165,1827634131,1827634129,1827634119,1827634099,1827634097,1827634053,1827634051,1827634045,1827634043,1827634023,1827634013,1827634009,1827633991,1827633975,1788757065,1788757063,157781212,1321100761,1321100759,339647236,339647234,339647232,339647225,339647223,893675795,751660955,557164187,557164185,588293194,576294943,566037479,549720847,549720842,549720835,549720829,549720816,549720809,549720800,549720797,509263120,386646758,418204035,393714880,393714878,396582917,339736679,339736677,339736675,339736673,339736671,339736669,339736667,339736665,339736663,318086327,318086325,318086323,318086321,318086319,318086317,318086315,318086313,318086311,318086309,318086307,318086305,329666323,329666321	https://eutils.ncbi.nlm.nih.gov/entrez/eutils/efetch.fcgi?db=nuccore&id=3368036633%2C3368036603%2C3368036583%2C3368036571%2C3368036568%2C3368036562%2C3368036550%2C3368036542%2C3368036539%2C3368036521%2C3368036515%2C3368036488%2C3368036421%2C3368016352%2C3084076357%2C2679314034%2C2634039650%2C2191912974%2C2191912928%2C393714875%2C393714872%2C393714869%2C393714866%2C40714444%2C13122273%2C13122271%2C13122269%2C13122267%2C13122265%2C13122263%2C2299493224%2C2299493222%2C2299493220%2C2299493218%2C2299493216%2C2299493214%2C2299493212%2C2299493210%2C2299493208%2C2299493206%2C2299493204%2C2299493202%2C2299493200%2C2299493198%2C2299493196%2C2299493194%2C2299493192%2C2299493190%2C2299493188%2C2299493186%2C2250410513%2C1827634165%2C1827634131%2C1827634129%2C1827634119%2C1827634099%2C1827634097%2C1827634053%2C1827634051%2C1827634045%2C1827634043%2C1827634023%2C1827634013%2C1827634009%2C1827633991%2C1827633975%2C1788757065%2C1788757063%2C157781212%2C1321100761%2C1321100759%2C339647236%2C339647234%2C339647232%2C339647225%2C339647223%2C893675795%2C751660955%2C557164187%2C557164185%2C588293194%2C576294943%2C566037479%2C549720847%2C549720842%2C549720835%2C549720829%2C549720816%2C549720809%2C549720800%2C549720797%2C509263120%2C386646758%2C418204035%2C393714880%2C393714878%2C396582917%2C339736679%2C339736677%2C339736675%2C339736673%2C339736671%2C339736669%2C339736667%2C339736665%2C339736663%2C318086327%2C318086325%2C318086323%2C318086321%2C318086319%2C318086317%2C318086315%2C318086313%2C318086311%2C318086309%2C318086307%2C318086305%2C329666323%2C329666321&rettype=gb&retmode=text	2026-10-04T03:56:55.114524+00:00	2180149	367c444bec2cbe3e311e0da71d596adb71290b14fef1698ab4bc676acc1761e7
data/raw/followup/esearch_2b.json	2b	https://eutils.ncbi.nlm.nih.gov/entrez/eutils/esearch.fcgi?db=nuccore&term=%28txid11103%5BOrganism%3Aexp%5D+OR+%22Orthohepacivirus+hominis%22%5BOrganism%5D%29+AND+8000%3A11000%5BSLEN%5D+AND+%222b%22%5BAll+Fields%5D+NOT+synthetic%5BTitle%5D+NOT+chimeric%5BTitle%5D&retmode=json&retmax=120	2026-10-04T03:56:59.812289+00:00	2891	13ed5730150dda829269ffce98623343e77dbfc228d8dfe4a3a62731179719bc
data/raw/followup/hcv_2b.gb	3084076934,3084076809,3084076807,3084076805,3084076803,3084076734,3084076521,3084076516,3084076468,3084076421,3084076359,3084076247,3084076188,3084076184,2191912970,2191912932,1201280818,1095609817,385251056,385251054,385251052,385251050,385251048,385251046,385251044,346223289,295901481,2299493220,2299493218,2299493214,2299493212,2299493210,2299493208,2299493206,2299493194,2299493190,2299493188,2295813861,2295813859,2295813857,2295813855,2295813854,2295813853,2295813851,2295813849,2295813848,2295813846,2295813844,2295813843,2295813842,2295813840,2295813838,2295813837,2295813835,2295813833,2295813831,2295813830,2295813828,2295813827,2295813826,2295813824,2295813822,2295813821,2295813820,2295813818,2295813817,2295813815,2295813814,2295813811,2295813809,2295813807,2295813806,2295813805,2295813803,2295813801,2295813799,2295813798,2295813796,2295813794,2295813792,2295813790,2295813788,2295813786,2295813784,2295813782,2295813781,2295813780,2295813778,2295813776,2295813775,2295813773,2295813771,2295813770,2295813769,2295813768,2295813766,2295813765,2295813763,2295813762,2295813761,2295813759,2295813757,2295813755,2295813754,2295813753,2295813751,2295813749,2295813747,2295813746,2295813744,2295813742,2295813740,2295813738,2295813737,2295813735,2295813733,2295813731,2295813729,2295813728,2295813727	https://eutils.ncbi.nlm.nih.gov/entrez/eutils/efetch.fcgi?db=nuccore&id=3084076934%2C3084076809%2C3084076807%2C3084076805%2C3084076803%2C3084076734%2C3084076521%2C3084076516%2C3084076468%2C3084076421%2C3084076359%2C3084076247%2C3084076188%2C3084076184%2C2191912970%2C2191912932%2C1201280818%2C1095609817%2C385251056%2C385251054%2C385251052%2C385251050%2C385251048%2C385251046%2C385251044%2C346223289%2C295901481%2C2299493220%2C2299493218%2C2299493214%2C2299493212%2C2299493210%2C2299493208%2C2299493206%2C2299493194%2C2299493190%2C2299493188%2C2295813861%2C2295813859%2C2295813857%2C2295813855%2C2295813854%2C2295813853%2C2295813851%2C2295813849%2C2295813848%2C2295813846%2C2295813844%2C2295813843%2C2295813842%2C2295813840%2C2295813838%2C2295813837%2C2295813835%2C2295813833%2C2295813831%2C2295813830%2C2295813828%2C2295813827%2C2295813826%2C2295813824%2C2295813822%2C2295813821%2C2295813820%2C2295813818%2C2295813817%2C2295813815%2C2295813814%2C2295813811%2C2295813809%2C2295813807%2C2295813806%2C2295813805%2C2295813803%2C2295813801%2C2295813799%2C2295813798%2C2295813796%2C2295813794%2C2295813792%2C2295813790%2C2295813788%2C2295813786%2C2295813784%2C2295813782%2C2295813781%2C2295813780%2C2295813778%2C2295813776%2C2295813775%2C2295813773%2C2295813771%2C2295813770%2C2295813769%2C2295813768%2C2295813766%2C2295813765%2C2295813763%2C2295813762%2C2295813761%2C2295813759%2C2295813757%2C2295813755%2C2295813754%2C2295813753%2C2295813751%2C2295813749%2C2295813747%2C2295813746%2C2295813744%2C2295813742%2C2295813740%2C2295813738%2C2295813737%2C2295813735%2C2295813733%2C2295813731%2C2295813729%2C2295813728%2C2295813727&rettype=gb&retmode=text	2026-10-04T03:57:09.243151+00:00	2001087	6a4878504441b7cd5888cbe4155096239b0a671d626b5e0db6192e3ec5ef74ce
data/raw/followup/esearch_3a.json	3a	https://eutils.ncbi.nlm.nih.gov/entrez/eutils/esearch.fcgi?db=nuccore&term=%28txid11103%5BOrganism%3Aexp%5D+OR+%22Orthohepacivirus+hominis%22%5BOrganism%5D%29+AND+8000%3A11000%5BSLEN%5D+AND+%223a%22%5BAll+Fields%5D+NOT+synthetic%5BTitle%5D+NOT+chimeric%5BTitle%5D&retmode=json&retmax=120	2026-10-04T03:57:14.243841+00:00	3119	2baca63d66b8f9144cf2387683679903e4e2aebb785b43478a4c6390572abd88
data/raw/followup/hcv_3a.gb	3368036595,3368036560,3368036438,3084076932,3084076930,3084076920,3084076912,3084076903,3084076901,3084076875,3084076842,3084076743,3084076741,3084076736,3084076717,3084076707,3084076705,3084076700,3084076698,3084076696,3084076678,3084076676,3084076665,3084076663,3084076656,3084076645,3084076643,3084076641,3084076639,3084076634,3084076629,3084076624,3084076622,3084076620,3084076607,3084076605,3084076600,3084076598,3084076593,3084076585,3084076578,3084076571,3084076567,3084076565,3084076559,3084076557,3084076550,3084076540,3084076535,3084076533,3084076531,3084076514,3084076509,3084076507,3084076502,3084076500,3084076498,3084076488,3084076477,3084076472,3084076470,3084076463,3084076461,3084076459,3084076448,3084076446,3084076441,3084076439,3084076434,3084076432,3084076430,3084076426,3084076416,3084076411,3084076409,3084076407,3084076399,3084076386,3084076381,3084076379,3084076377,3084076361,3084076355,3084076351,3084076349,3084076336,3084076326,3084076311,3084076298,3084076290,3084076288,3084076286,3084076279,3084076265,3084076263,3084076261,3084076259,3084076257,3084076242,3084076240,3084076238,3084076236,3084076234,3084076222,3084076218,3084076216,3084076208,3084076204,3084076202,3084076200,3084076198,3084076196,3084076192,3084076190,3084076186,3084076176,3084076174,3084076170,3084076168,3084076163	https://eutils.ncbi.nlm.nih.gov/entrez/eutils/efetch.fcgi?db=nuccore&id=3368036595%2C3368036560%2C3368036438%2C3084076932%2C3084076930%2C3084076920%2C3084076912%2C3084076903%2C3084076901%2C3084076875%2C3084076842%2C3084076743%2C3084076741%2C3084076736%2C3084076717%2C3084076707%2C3084076705%2C3084076700%2C3084076698%2C3084076696%2C3084076678%2C3084076676%2C3084076665%2C3084076663%2C3084076656%2C3084076645%2C3084076643%2C3084076641%2C3084076639%2C3084076634%2C3084076629%2C3084076624%2C3084076622%2C3084076620%2C3084076607%2C3084076605%2C3084076600%2C3084076598%2C3084076593%2C3084076585%2C3084076578%2C3084076571%2C3084076567%2C3084076565%2C3084076559%2C3084076557%2C3084076550%2C3084076540%2C3084076535%2C3084076533%2C3084076531%2C3084076514%2C3084076509%2C3084076507%2C3084076502%2C3084076500%2C3084076498%2C3084076488%2C3084076477%2C3084076472%2C3084076470%2C3084076463%2C3084076461%2C3084076459%2C3084076448%2C3084076446%2C3084076441%2C3084076439%2C3084076434%2C3084076432%2C3084076430%2C3084076426%2C3084076416%2C3084076411%2C3084076409%2C3084076407%2C3084076399%2C3084076386%2C3084076381%2C3084076379%2C3084076377%2C3084076361%2C3084076355%2C3084076351%2C3084076349%2C3084076336%2C3084076326%2C3084076311%2C3084076298%2C3084076290%2C3084076288%2C3084076286%2C3084076279%2C3084076265%2C3084076263%2C3084076261%2C3084076259%2C3084076257%2C3084076242%2C3084076240%2C3084076238%2C3084076236%2C3084076234%2C3084076222%2C3084076218%2C3084076216%2C3084076208%2C3084076204%2C3084076202%2C3084076200%2C3084076198%2C3084076196%2C3084076192%2C3084076190%2C3084076186%2C3084076176%2C3084076174%2C3084076170%2C3084076168%2C3084076163&rettype=gb&retmode=text	2026-10-04T03:57:31.210311+00:00	2309160	382a4e27c6de89cb6837aafae8547e5791da7976f364d61d099c58320af9598d
data/raw/followup/esearch_4a.json	4a	https://eutils.ncbi.nlm.nih.gov/entrez/eutils/esearch.fcgi?db=nuccore&term=%28txid11103%5BOrganism%3Aexp%5D+OR+%22Orthohepacivirus+hominis%22%5BOrganism%5D%29+AND+8000%3A11000%5BSLEN%5D+AND+%224a%22%5BAll+Fields%5D+NOT+synthetic%5BTitle%5D+NOT+chimeric%5BTitle%5D&retmode=json&retmax=120	2026-10-04T03:57:37.329308+00:00	2825	0de0e92a7d3c0f2b5cd841ddacbf98fc337d70871b8b4e829bfc5d2647c2c8d3
data/raw/followup/hcv_4a.gb	3368016354,3368016350,2985633422,2985633420,2985633418,2985633416,2985633414,2985633412,2985633410,2985633408,2985633406,2985633404,2985633402,2985633400,2985633398,2985633396,2985633394,2985633392,2985633390,2985633388,2985633386,2985633384,2985633382,2985633380,2985633378,2985633376,2985633374,2985633372,2985633370,2985633368,2985633366,2985633364,2985633362,2985633360,2985633358,2985633356,2985633354,2985633352,2985633350,2634039490,2634039488,393714875,393714872,393714869,393714866,2250410511,1847315217,1847315215,1847315211,1847315206,1847315203,1827634095,1827633981,1827633979,157781208,1595039340,1190102434,119331269,119331267,119331265,119331263,119331261,119331259,119331257,998151527,379772062,379772060,379772058,379772056,379772054,379772050,379772048,379772046,379772044,379772040,751660971,686484263,686484261,686484259,379772052,379772042,549720829,403220381,339736679,339736677,339736675,339736673,339736671,339736669,339736667,339736665,339736663,318086315,330417184,330417183,329666319,165873794,295311563,295311559,218043729,218043728,218043727,218043726,218043725,218043724,218043722,218043721,218043720,218043719,218043717,218043716,218043715,218043714,89519418,89519416,89519414,89519408,89519406,89519404,110294849	https://eutils.ncbi.nlm.nih.gov/entrez/eutils/efetch.fcgi?db=nuccore&id=3368016354%2C3368016350%2C2985633422%2C2985633420%2C2985633418%2C2985633416%2C2985633414%2C2985633412%2C2985633410%2C2985633408%2C2985633406%2C2985633404%2C2985633402%2C2985633400%2C2985633398%2C2985633396%2C2985633394%2C2985633392%2C2985633390%2C2985633388%2C2985633386%2C2985633384%2C2985633382%2C2985633380%2C2985633378%2C2985633376%2C2985633374%2C2985633372%2C2985633370%2C2985633368%2C2985633366%2C2985633364%2C2985633362%2C2985633360%2C2985633358%2C2985633356%2C2985633354%2C2985633352%2C2985633350%2C2634039490%2C2634039488%2C393714875%2C393714872%2C393714869%2C393714866%2C2250410511%2C1847315217%2C1847315215%2C1847315211%2C1847315206%2C1847315203%2C1827634095%2C1827633981%2C1827633979%2C157781208%2C1595039340%2C1190102434%2C119331269%2C119331267%2C119331265%2C119331263%2C119331261%2C119331259%2C119331257%2C998151527%2C379772062%2C379772060%2C379772058%2C379772056%2C379772054%2C379772050%2C379772048%2C379772046%2C379772044%2C379772040%2C751660971%2C686484263%2C686484261%2C686484259%2C379772052%2C379772042%2C549720829%2C403220381%2C339736679%2C339736677%2C339736675%2C339736673%2C339736671%2C339736669%2C339736667%2C339736665%2C339736663%2C318086315%2C330417184%2C330417183%2C329666319%2C165873794%2C295311563%2C295311559%2C218043729%2C218043728%2C218043727%2C218043726%2C218043725%2C218043724%2C218043722%2C218043721%2C218043720%2C218043719%2C218043717%2C218043716%2C218043715%2C218043714%2C89519418%2C89519416%2C89519414%2C89519408%2C89519406%2C89519404%2C110294849&rettype=gb&retmode=text	2026-10-04T03:57:42.547572+00:00	2059144	39b331d7653c8a3a4c41862bff37a9245d73c4754674dbd2b66347efce5faaf7
data/raw/followup/esearch_5a.json	5a	https://eutils.ncbi.nlm.nih.gov/entrez/eutils/esearch.fcgi?db=nuccore&term=%28txid11103%5BOrganism%3Aexp%5D+OR+%22Orthohepacivirus+hominis%22%5BOrganism%5D%29+AND+8000%3A11000%5BSLEN%5D+AND+%225a%22%5BAll+Fields%5D+NOT+synthetic%5BTitle%5D+NOT+chimeric%5BTitle%5D&retmode=json&retmax=120	2026-10-04T03:57:47.114134+00:00	2020	3e13091d672e9eda7f53dc83155fb8edcdb4899933f89c49c51d949b4cd9009d
data/raw/followup/hcv_5a.gb	3084076835,3084076833,393714875,393714872,393714869,393714866,157781210,1479555233,1479555231,1479555229,751660975,661568185,661568183,661568181,661568179,527179116,527179114,527179112,527179110,527179108,527179106,576294949,554577059,549720835,403220381,339736679,339736677,339736675,339736673,339736671,339736669,339736667,339736665,339736663,318086317,329666321,295021594,295021593,295021592,295021591,295021590,295021589,295021588,295021587,295021586,295021585,295021584,295021583,3660725,218313686,218313685,218313684,218313682,215972016,138754352,2462303,9843676	https://eutils.ncbi.nlm.nih.gov/entrez/eutils/efetch.fcgi?db=nuccore&id=3084076835%2C3084076833%2C393714875%2C393714872%2C393714869%2C393714866%2C157781210%2C1479555233%2C1479555231%2C1479555229%2C751660975%2C661568185%2C661568183%2C661568181%2C661568179%2C527179116%2C527179114%2C527179112%2C527179110%2C527179108%2C527179106%2C576294949%2C554577059%2C549720835%2C403220381%2C339736679%2C339736677%2C339736675%2C339736673%2C339736671%2C339736669%2C339736667%2C339736665%2C339736663%2C318086317%2C329666321%2C295021594%2C295021593%2C295021592%2C295021591%2C295021590%2C295021589%2C295021588%2C295021587%2C295021586%2C295021585%2C295021584%2C295021583%2C3660725%2C218313686%2C218313685%2C218313684%2C218313682%2C215972016%2C138754352%2C2462303%2C9843676&rettype=gb&retmode=text	2026-10-04T03:57:52.320811+00:00	956926	29d31a24727f5a05ecaa1ea7d7f61cfcd9b2bb2b19793c31d6fb25cd1d0dd09a
data/raw/followup/esearch_6a.json	6a	https://eutils.ncbi.nlm.nih.gov/entrez/eutils/esearch.fcgi?db=nuccore&term=%28txid11103%5BOrganism%3Aexp%5D+OR+%22Orthohepacivirus+hominis%22%5BOrganism%5D%29+AND+8000%3A11000%5BSLEN%5D+AND+%226a%22%5BAll+Fields%5D+NOT+synthetic%5BTitle%5D+NOT+chimeric%5BTitle%5D&retmode=json&retmax=120	2026-10-04T03:57:56.817144+00:00	2841	d0a0544aafe8a87bea5036b233a5a4a14673935799f6d43eb3cd1b4117d8b909
data/raw/followup/hcv_6a.gb	3368036646,3368036643,3368036636,3368036630,3368036627,3368036624,3368036614,3368036606,3368036589,3368036580,3368036553,3368036547,3368036524,3368036509,3368036506,3368036496,3368036430,3368036427,3084076786,3084076783,3084076763,2082748888,2082748885,2082748882,2082748879,2082748876,2082748873,2082748870,2082748867,2082748864,2082748861,2082748858,2082748855,2082748852,2082748849,1655515068,1743036357,1743036356,1743036355,1743036322,1743036320,1743036319,1743036317,1743036316,1743036315,1743036314,1743036313,1743036312,1743036311,1743036310,1743036309,1743036308,1743036307,1664596065,1348021538,1348021536,1348021534,1348021532,1348021530,1348021528,339647219,1009028164,1009028162,758739251,758739250,758739249,758739248,758739247,758739246,758739245,758739244,758739243,758739242,758739241,758739240,758739239,758739238,758739237,758739236,758739235,758739234,758739233,758739231,758739229,758739227,758739225,758739223,758739221,758739219,758739217,758739215,758739213,758739211,758739209,758739207,758739205,758739203,758739201,758739199,758739197,758739195,758739193,758739191,758739189,758739187,758739185,758739183,758739181,758739179,758739177,758739175,758739173,758739171,758739169,758739167,758739165,758739163,758739161,758739159,758739157	https://eutils.ncbi.nlm.nih.gov/entrez/eutils/efetch.fcgi?db=nuccore&id=3368036646%2C3368036643%2C3368036636%2C3368036630%2C3368036627%2C3368036624%2C3368036614%2C3368036606%2C3368036589%2C3368036580%2C3368036553%2C3368036547%2C3368036524%2C3368036509%2C3368036506%2C3368036496%2C3368036430%2C3368036427%2C3084076786%2C3084076783%2C3084076763%2C2082748888%2C2082748885%2C2082748882%2C2082748879%2C2082748876%2C2082748873%2C2082748870%2C2082748867%2C2082748864%2C2082748861%2C2082748858%2C2082748855%2C2082748852%2C2082748849%2C1655515068%2C1743036357%2C1743036356%2C1743036355%2C1743036322%2C1743036320%2C1743036319%2C1743036317%2C1743036316%2C1743036315%2C1743036314%2C1743036313%2C1743036312%2C1743036311%2C1743036310%2C1743036309%2C1743036308%2C1743036307%2C1664596065%2C1348021538%2C1348021536%2C1348021534%2C1348021532%2C1348021530%2C1348021528%2C339647219%2C1009028164%2C1009028162%2C758739251%2C758739250%2C758739249%2C758739248%2C758739247%2C758739246%2C758739245%2C758739244%2C758739243%2C758739242%2C758739241%2C758739240%2C758739239%2C758739238%2C758739237%2C758739236%2C758739235%2C758739234%2C758739233%2C758739231%2C758739229%2C758739227%2C758739225%2C758739223%2C758739221%2C758739219%2C758739217%2C758739215%2C758739213%2C758739211%2C758739209%2C758739207%2C758739205%2C758739203%2C758739201%2C758739199%2C758739197%2C758739195%2C758739193%2C758739191%2C758739189%2C758739187%2C758739185%2C758739183%2C758739181%2C758739179%2C758739177%2C758739175%2C758739173%2C758739171%2C758739169%2C758739167%2C758739165%2C758739163%2C758739161%2C758739159%2C758739157&rettype=gb&retmode=text	2026-10-04T03:58:02.247131+00:00	2041717	0abd54c0479734bd29f85226ec5b889a60f1001636d50056a265c77341cc93c6
data/raw/followup/esearch_7.json	7	https://eutils.ncbi.nlm.nih.gov/entrez/eutils/esearch.fcgi?db=nuccore&term=%28txid11103%5BOrganism%3Aexp%5D+OR+%22Orthohepacivirus+hominis%22%5BOrganism%5D%29+AND+8000%3A11000%5BSLEN%5D+AND+%28%22genotype+7%22%5BAll+Fields%5D+OR+%227a%22%5BAll+Fields%5D%29+NOT+synthetic%5BTitle%5D+NOT+chimeric%5BTitle%5D&retmode=json&retmax=120	2026-10-04T03:58:06.498752+00:00	1824	77b2ab250975161c7a0332e0eeddf2b0faef8fda72fddcc786fb7a19d7978451
data/raw/followup/hcv_7.gb	3091479454,3091479452,1057485909,1511000893,1168834188,1058270708,1031418416,763907344,549720847,318086321,295021594,295021593,295021592,295021591,295021590,295021589,295021588,295021587,295021586,295021585,295021584,295021583,290877073,290877072,290877061,290877060,290877059,290877058,290877057	https://eutils.ncbi.nlm.nih.gov/entrez/eutils/efetch.fcgi?db=nuccore&id=3091479454%2C3091479452%2C1057485909%2C1511000893%2C1168834188%2C1058270708%2C1031418416%2C763907344%2C549720847%2C318086321%2C295021594%2C295021593%2C295021592%2C295021591%2C295021590%2C295021589%2C295021588%2C295021587%2C295021586%2C295021585%2C295021584%2C295021583%2C290877073%2C290877072%2C290877061%2C290877060%2C290877059%2C290877058%2C290877057&rettype=gb&retmode=text	2026-10-04T03:58:11.829360+00:00	435085	1d7744f953fca5191b75d36b38e3c7f1c034f90c8f9dbe7be1e2c7e646e57e3f
data/raw/followup/esearch_8.json	8	https://eutils.ncbi.nlm.nih.gov/entrez/eutils/esearch.fcgi?db=nuccore&term=%28txid11103%5BOrganism%3Aexp%5D+OR+%22Orthohepacivirus+hominis%22%5BOrganism%5D%29+AND+8000%3A11000%5BSLEN%5D+AND+%28%22genotype+8%22%5BAll+Fields%5D+OR+%228a%22%5BAll+Fields%5D%29+NOT+synthetic%5BTitle%5D+NOT+chimeric%5BTitle%5D&retmode=json&retmax=120	2026-10-04T03:58:15.693511+00:00	1572	bacacd5342c00fa0e255a5aae957504a81552d8dd5f7317f3399d125675d4cbd
data/raw/followup/hcv_8.gb	2649336004,2649336002,2649336000,2649335998,1431939925,1431939923,1431939921,1431939919	https://eutils.ncbi.nlm.nih.gov/entrez/eutils/efetch.fcgi?db=nuccore&id=2649336004%2C2649336002%2C2649336000%2C2649335998%2C1431939925%2C1431939923%2C1431939921%2C1431939919&rettype=gb&retmode=text	2026-10-04T03:58:20.457329+00:00	145994	5ddc6df7c878bb67175d8c04e8761afecf662302e631998b43834c281cff9509
