path	sha256	original_path
archive/original/.gitignore	b6eabc0b0538ab332051c5f5c93c53b68b590269671a4ecdde531b8a9c90ad2a	.gitignore
CITATION.cff	9192ac8600e70ce9390fa66c535e8f1612647f6337e1233566a905fa34c447b2	CITATION.cff
LICENSE	d204cbabb9e9fdebbd892a3aa0004c51cc987dc81d9664bc8106c909f0ee2f64	LICENSE
archive/original/README.md	4f74d161502fca0e33b96e439732ca48d349420fdf6798a4ba384de3d035c4fc	README.md
config/cd81_mutation_ground_truth.tsv	2ccb1cabf51bef7b81a2e3a8963082958d356bd000adae4e850f02d6b89467fd	config/cd81_mutation_ground_truth.tsv
config/datasets.tsv	327e7a2143e5fa08489f4cec509cf590c1aeed3507cf700e9624418087d58e7a	config/datasets.tsv
config/design.yml	e81d83ffd50ff619bb34a7631abbb3738ac3657595165d4684d636c62b0fdc90	config/design.yml
config/fixed_positions.tsv	d85b100a9cf47403651d46725826b6dd3b94e77ca8297d73029d3c4827db1b82	config/fixed_positions.tsv
archive/original/config/resolved.json	2065c3d5461cc8b7ec0333bbf7d42e3a191c8e4ca86b28038641a8f12f62a1de	config/resolved.json
config/split_manifest.tsv	54278018ffade83c8698af54127d7fb90f4702e929c2f45f45126df2cc9edb76	config/split_manifest.tsv
config/upstream_lock.json	870f2a193f25e7d389880640b45fa5c33b0a26eca28b491f20a474012b01a2cd	config/upstream_lock.json
data/README.md	555a8ddfaed967535e4af07da9b800c3f42b2f2fa06e16b0061f9db497e89e8a	data/README.md
data/processed/3X0E_metadata.json	af7d9e2d97d00259d906d2136eba8364b66ffe7f9d96d648b00dc849617e5991	data/processed/3X0E_metadata.json
data/processed/7MWX_metadata.json	014ecc509eec9f25d42f0b169ab9d6d44e05c73af69134f0b4cf3e31d4b24e89	data/processed/7MWX_metadata.json
data/processed/controls/D196A.pdb	9ec98b88f434f270442fbb202ac0e27ac5613f14df5f10b4669adb24f4384af4	data/processed/controls/D196A.pdb
data/processed/controls/D196E.pdb	7643b2453f40894c90fbe23be14883d06612944b7f46886c4e67faedccdd5531	data/processed/controls/D196E.pdb
data/processed/controls/E188A.pdb	d37dff417a540b30feb873516255c9cd74c9ac8f36d3ba42358788452b64e572	data/processed/controls/E188A.pdb
data/processed/controls/E188K.pdb	19910888ac44958f86e58f76f8fed33448e28359439dc599fa019ce294b0d730	data/processed/controls/E188K.pdb
data/processed/controls/F186A.pdb	088e8511b0fd4e12cc9caad08ced56c1575ff1c77747a4eb3428f62e20309aa5	data/processed/controls/F186A.pdb
data/processed/controls/F186L.pdb	c3d535653eedc28ee1d1b85eb637950a0ba4c659946b7f5af600df62f1a1f244	data/processed/controls/F186L.pdb
data/processed/controls/F186S.pdb	e6bc3c60bfadfec6262c8640639c2355ee37d9da5b2cbb7340546a4351370358	data/processed/controls/F186S.pdb
data/processed/controls/I181A.pdb	f7f1ef76ae891048753d86ef18c9f7f64443a47b09b9589786d69661967b2944	data/processed/controls/I181A.pdb
data/processed/controls/I182A.pdb	9252b9c28e6551d398b4167b49b28c33d23fa9f831ddfa4ebeb2d74d179ecfb6	data/processed/controls/I182A.pdb
data/processed/controls/I182F.pdb	50e3e674473a59ffac9a8b2aff48dc872dc579d1fe5312c92b4d0b3c0e56d51c	data/processed/controls/I182F.pdb
data/processed/controls/K171A.pdb	76893c6b9eed1b435d03251f2aeccdefdd0bc366cd94bc649f6d2d6aa1fb0775	data/processed/controls/K171A.pdb
data/processed/controls/L162P.pdb	2c166cbd71162c09a02cb2fd9b09400ebcc04cd76809f33008f24fa22446549a	data/processed/controls/L162P.pdb
data/processed/controls/N184A.pdb	56b7eeb1a29ebbadece2daf26330a5af362ce95db47a5a2687885c20ac121f3d	data/processed/controls/N184A.pdb
data/processed/controls/N184Y.pdb	56fcad5474eb62578065f34765a303f5fca4e0f654c18316f7a951c14e69e31c	data/processed/controls/N184Y.pdb
data/processed/controls/T163A.pdb	3c5dc2de71a4cd42b6ede14858e53bf6cce43f9e9b0882e21f2c34e20a7f30b2	data/processed/controls/T163A.pdb
data/processed/controls/wild_type_second_repair.pdb	650530766275231cc680504a10a5f0c5a9666676efb4fb26784d08feb13dbffa	data/processed/controls/wild_type_second_repair.pdb
data/processed/discovery_panel.tsv	78c1b74185702d29f56969997027e114f8343a2ae14a3d91cf2d8c798d71d79d	data/processed/discovery_panel.tsv
data/processed/discovery_sequences.json	d21875748355ebbbd8c4b4dd1825e121892724bbd79682a7f270ab83195ddc64	data/processed/discovery_sequences.json
data/processed/frozen_candidates/decoy_0386.pdb	c3cc2afe3119ba2ea746113b72d8c02b0b723060c98a641693feec45ffe33995	data/processed/frozen_candidates/decoy_0386.pdb
data/processed/frozen_candidates/decoy_0405.pdb	4f05346a879bc9d8c3cbb73aa2720b8d282270aa4b4655982af8a8f60d4653ee	data/processed/frozen_candidates/decoy_0405.pdb
data/processed/frozen_candidates/decoy_0441.pdb	f368a558404626c079714dc0c00dfa63a08cb0ce673eca5ec7ba50c9be18fa7a	data/processed/frozen_candidates/decoy_0441.pdb
data/processed/frozen_candidates/decoy_0476.pdb	65b46634c2f0ce7c4b90f0114d9661c274af85f7343a8c855ab2a20544386600	data/processed/frozen_candidates/decoy_0476.pdb
data/processed/frozen_candidates/decoy_0481.pdb	0f0dd72d9dd6df2035c290fe81f52a0843247cf7ec3f9c1fadd9e4acbb81278a	data/processed/frozen_candidates/decoy_0481.pdb
data/processed/frozen_candidates/decoy_0523.pdb	24e27998a96ae882d39b0dd9c2f8cb6bdda35e1a9fe69ba908c4359bb3215688	data/processed/frozen_candidates/decoy_0523.pdb
data/processed/frozen_candidates/decoy_0552.pdb	fb351624df4275629ed2cf8a6e2986912b751da3ec38570be7d49d56141d5e6d	data/processed/frozen_candidates/decoy_0552.pdb
data/processed/h77_reference.json	eb4f9e4441a4615acc6b33c6e280635967536f3c6aa6b53879d69bf540d779c8	data/processed/h77_reference.json
data/processed/held_out_panel.tsv	822cef36aa25a2071411484e8415abad0f8ca343a0a9a3e8e4d8ff1ec4eea3b9	data/processed/held_out_panel.tsv
data/processed/humanization.json	84bd124ac124cb29eaeebe037d22736f8477eb89f57757b0b003245738677d36	data/processed/humanization.json
data/processed/humanized_repaired.pdb	6acbc194983985496582a95b47c05232228c54d304af9bca56c19ff0889976db	data/processed/humanized_repaired.pdb
data/processed/humanized_unrepaired.pdb	1644b7adcfa915446c4d9765eed42b109ce2d9f80398642a3c2f1013c8f5330b	data/processed/humanized_unrepaired.pdb
data/processed/mpnn_fixed_A.jsonl	e830296ba53d979b1938b88903258418d395329a6c9b846f8da022470aec1a45	data/processed/mpnn_fixed_A.jsonl
data/processed/mpnn_fixed_B.jsonl	d9a4697f4c1a552ebbf06921abef64a91adabfe886ab598b588116dc2366f858	data/processed/mpnn_fixed_B.jsonl
data/processed/quarantine/heldout_sequences.json	ee74565e856a8250cb458a2c629bf0931bc1ebc1b1f0a553146e1069f66ddc22	data/processed/quarantine/heldout_sequences.json
data/processed/states/discovery/hap_1f876ea04e0f.pdb	c2897a8700d91f5842aa5679d9209967869f87934de1fde11bb9fd1a0a8cef01	data/processed/states/discovery/hap_1f876ea04e0f.pdb
data/processed/states/discovery/hap_1f945568f197.pdb	aeffa6da543342930aa4b76f5d00dfb428e1feb7dd54780ebf52e5cc7ada8a85	data/processed/states/discovery/hap_1f945568f197.pdb
data/processed/states/discovery/hap_2419b0841e7c.pdb	ab04c4f57e565d080fa35d3d2c7bf6d91e2e7e20d02f737f60728e04881a222b	data/processed/states/discovery/hap_2419b0841e7c.pdb
data/processed/states/discovery/hap_25908b0f82d9.pdb	14d5142f6f28a5e32fb104601473b0b2c091349b839df6835b29226f893f86f2	data/processed/states/discovery/hap_25908b0f82d9.pdb
data/processed/states/discovery/hap_3f36d3d05c6d.pdb	d5b0ee715f372965eea2aba70046dd11f41e095636142ceb5a189c65fd4555f4	data/processed/states/discovery/hap_3f36d3d05c6d.pdb
data/processed/states/discovery/hap_401a6ee3e281.pdb	5d49befa3dd57ceab40a450d8cefa84421fbb91dd83b4602735a686f65b22c84	data/processed/states/discovery/hap_401a6ee3e281.pdb
data/processed/states/discovery/hap_538e23ca86cb.pdb	857d2804f2fc696dce40c60bd4b88222ca7199c858ceb255d148cea0fe4174aa	data/processed/states/discovery/hap_538e23ca86cb.pdb
data/processed/states/discovery/hap_71ec79d01e7e.pdb	ca7144539e5d858d4db15985a3027fce38293f8c0dc0448621eae81dc73a46c8	data/processed/states/discovery/hap_71ec79d01e7e.pdb
data/processed/states/discovery/hap_8a1153748e98.pdb	9ea9d89e1c7eecd1b90fa5a639b8f770cefcf12cf81eeece2b6cd15644d7a1b0	data/processed/states/discovery/hap_8a1153748e98.pdb
data/processed/states/discovery/hap_8ddb95e3ef4a.pdb	6acbc194983985496582a95b47c05232228c54d304af9bca56c19ff0889976db	data/processed/states/discovery/hap_8ddb95e3ef4a.pdb
data/processed/states/discovery/hap_9d59a1b7091f.pdb	487def9f291cb3cd06eed8c8322e9c7ef2795c22ac605b256f02923ea7b408ab	data/processed/states/discovery/hap_9d59a1b7091f.pdb
data/processed/states/discovery/hap_a3711291050d.pdb	ee14b0dcabbe724b42ba9dfd7ee6858ea2426fcd2c85ecac131f15863777c353	data/processed/states/discovery/hap_a3711291050d.pdb
data/processed/states/discovery/hap_a6ca3d05175d.pdb	f7058e9aee97a124757ab20452b38bb266b61bf8324668ef97fc02563cb4836f	data/processed/states/discovery/hap_a6ca3d05175d.pdb
data/processed/states/discovery/hap_aa3c3e10892b.pdb	9e74eaad3366d3b57f8ccb756322fc85b6557cebc6276429550c1a7410eacfba	data/processed/states/discovery/hap_aa3c3e10892b.pdb
data/processed/states/discovery/hap_af45ead73f67.pdb	19bde22a6fd62c3c0ae7a541c6f4f41b0ccc6a564ec6ff1fc64a376df7dd526b	data/processed/states/discovery/hap_af45ead73f67.pdb
data/processed/states/discovery/hap_ba23a7799e5c.pdb	bad40a9ad704d9d925177f471e7a96de34ca9aa0a4a18743f77afc4dd0dea8ec	data/processed/states/discovery/hap_ba23a7799e5c.pdb
data/processed/states/discovery/hap_c014f30a4daf.pdb	6f48c8f97683288c11901bce389e4683a535c5678dd939a2280833266e506249	data/processed/states/discovery/hap_c014f30a4daf.pdb
data/processed/states/discovery/hap_c4dfac06ffec.pdb	64eb1993e2f5aca4ac446f97ecaa0e27201eb61b2f2331f7c581e87b6a9d6cf2	data/processed/states/discovery/hap_c4dfac06ffec.pdb
data/processed/states/discovery/hap_c52b2cf4c7a6.pdb	61a3e50b37f0f319c217fd3405ada6cf9d40f89eee8ccbf66c946a1e94b18446	data/processed/states/discovery/hap_c52b2cf4c7a6.pdb
data/processed/states/discovery/hap_dc899f4b3e04.pdb	8c76cb82d7aebefb36b6b31aae971edeef8e645afb3f5ab3406a98abb0049ba6	data/processed/states/discovery/hap_dc899f4b3e04.pdb
data/processed/states/discovery/hap_e357f7e13d39.pdb	00e815fa055a9a531488561108bba946357ebf13516fd2147b75304ee0bbc4ac	data/processed/states/discovery/hap_e357f7e13d39.pdb
data/processed/states/discovery/hap_e817a97cd0f3.pdb	d9a8f9662bd7cac3342b64e7adc573cfde2f768223d8e767132f0a13ac41bf75	data/processed/states/discovery/hap_e817a97cd0f3.pdb
data/processed/states/discovery/hap_f42e9205b691.pdb	edb26583994c44e1409272a8326c3860a8bec343a070216479397f7fd56c4607	data/processed/states/discovery/hap_f42e9205b691.pdb
data/processed/states/discovery/hap_fdbfe77dbf7f.pdb	c695bfe5bcacefb9731e7a764637aa8c475292e3c27806310284a9bb650ff666	data/processed/states/discovery/hap_fdbfe77dbf7f.pdb
data/processed/states/discovery/reference.pdb	6acbc194983985496582a95b47c05232228c54d304af9bca56c19ff0889976db	data/processed/states/discovery/reference.pdb
data/processed/states/held_out/hap_09de089a8cd2.pdb	a66b12ba247b39587b6479c9bf1a7ac7ee826a124462d018bae4b6c8784d75af	data/processed/states/held_out/hap_09de089a8cd2.pdb
data/processed/states/held_out/hap_252ebf07669a.pdb	f5996757db761be702f66afb57575721b71bddc960b42d7f7b058ac4165d258d	data/processed/states/held_out/hap_252ebf07669a.pdb
data/processed/states/held_out/hap_263ab099835e.pdb	1cc8e241a808c91888a4ccba79da755e8074a7a8201fad838230452fb45ef770	data/processed/states/held_out/hap_263ab099835e.pdb
data/processed/states/held_out/hap_33eb738a7ad7.pdb	457241089fb461abbe258c3d2dd32e9fd4521e547acdd2d94ca11612db9a45e6	data/processed/states/held_out/hap_33eb738a7ad7.pdb
data/processed/states/held_out/hap_6875bdbde43e.pdb	de76aaac5c76d50c8f628dda55d9a6a8b6df8b512369de6a58d1fb5c9a964cf3	data/processed/states/held_out/hap_6875bdbde43e.pdb
data/processed/states/held_out/hap_688a72cbd469.pdb	3823e1482192cf9360ddbb6d83acd0ede133b235d0dfef3788f2244d49d1658d	data/processed/states/held_out/hap_688a72cbd469.pdb
data/processed/states/held_out/hap_8df88e85742a.pdb	6ad5cadaef185999ead65a9a447565bc06c02014436e2cc58ff749bb7a60e183	data/processed/states/held_out/hap_8df88e85742a.pdb
data/processed/states/held_out/hap_97b72fc7c8a9.pdb	eb069db360ec62e7dc43d64b2525cc290678a5866f881ad0b71402f029651f72	data/processed/states/held_out/hap_97b72fc7c8a9.pdb
data/processed/states/held_out/hap_9adf06ae6c9b.pdb	2c75406d6c520db40d7d16074041d48f8beb7361314a242fb0f53ba817a958a1	data/processed/states/held_out/hap_9adf06ae6c9b.pdb
data/processed/states/held_out/hap_d1edd567d6e9.pdb	fafbdc5301a39e5dbdf3612bd4f2162e2dd9c494a8888d5bd36407a2002f4221	data/processed/states/held_out/hap_d1edd567d6e9.pdb
data/processed/states/held_out/reference.pdb	6acbc194983985496582a95b47c05232228c54d304af9bca56c19ff0889976db	data/processed/states/held_out/reference.pdb
docs/methods_notes.md	a36d561d09b6a9ee0e8950461c77071f0d9aaa2f1b43b70544ede9ac0504baf7	docs/methods_notes.md
docs/project_metadata.md	e648e0eed561034dd56d9e85f22ea907765fd3af8d27edea572cde5e3c798d2e	docs/project_metadata.md
docs/report.md	4f74d161502fca0e33b96e439732ca48d349420fdf6798a4ba384de3d035c4fc	docs/report.md
docs/score_dictionary.md	0eaf914b1e55e1423885b55847aa6822dfe70ecd91f746d13f10f3e91d44979b	docs/score_dictionary.md
figures/README.md	e1b103409cce17f612cf57527d59d89fc890190ffe499e6a78eae925e76e6d65	figures/README.md
figures/figure_1.pdf	d17ab3be249c701a3a0126941e841bf0deb46ecb29faeb731b4a87157874c324	figures/figure_1.pdf
figures/figure_1.png	30d9a4e113a6c501ec3b4e55eca10b71269b2c5cf6ebe4a4d372550ca2034d54	figures/figure_1.png
figures/figure_2.pdf	a3671b43777e2f40ad39c6f07f952e9672e03cce3f187aee1a69b17cefefabea	figures/figure_2.pdf
figures/figure_2.png	9aec8647932eb5556779712ffffe1af282193630cdaef5fbf40094d1ec4c1294	figures/figure_2.png
figures/figure_3.pdf	bf71b5aa79875b69d8f953c9dcfc00ebd584c6e962e00dca1fd12facaabc09da	figures/figure_3.pdf
figures/figure_3.png	a88ec436930321897982462701e9279892c3052b33cc898c602b7ebbfa2f7010	figures/figure_3.png
figures/figure_4.pdf	45a45dc0f8949375f486ee45c35a0a121250928a011f0400f9daa57d4339ce3c	figures/figure_4.pdf
figures/figure_4.png	04fc81613431b01343850335f2a2aa400b19749c1fb0ec54a5d768f98899ee0e	figures/figure_4.png
figures/figure_5.pdf	0c5896b0b31e95763a4d9dc010e2fa5ab3772195e6cdaf0f1c65715bf2dfc93a	figures/figure_5.pdf
figures/figure_5.png	448858a6cd23f829249490feeb8f7a8dea8acc80112eacf18f8ab62275b831a0	figures/figure_5.png
figures/figure_6.pdf	41184cd45f242ecec33434c6c31e7883e4065fa1b58540759f532c6599d13b83	figures/figure_6.pdf
figures/figure_6.png	9c6feebceed80b836b6671daafc2a895fe95cc6d98e431a576ef8b32c9448586	figures/figure_6.png
figures/figure_7.pdf	1341ca6a6f0e6d5879dffd6288fdddee01b128b9fdf99171d84bf1dedd1cd6a8	figures/figure_7.pdf
figures/figure_7.png	5e2f1ed59ddce7022fb6d6c6199ef35b798f0de130e31314f3c98a9ae8d6a37e	figures/figure_7.png
figures/figure_8.pdf	555a635592cd9a20b549f4652ee9fcacc4d51ea109d2edd27e5b80fe9bb3b97d	figures/figure_8.pdf
figures/figure_8.png	0ed409f33097fc465a548899b760d7df4675ef25cf9715d41b1f87c1417e4753	figures/figure_8.png
logs/failures.tsv	1eb5973a907bfe97d39923e3645e74590e1f643078c2e10f2f87ca17f646f6b7	logs/failures.tsv
logs/mpnn/A_soluble_20261005_0.1.txt	ea5c4a27ee287dd711be24b3add0fe125cc72cee0e9f56105d4c8a7049ba0d65	logs/mpnn/A_soluble_20261005_0.1.txt
logs/mpnn/A_soluble_20261005_0.2.txt	d22596300301a507fc45a4b69f1fb2ac11cea0bbf08918d7645d03d1249c75cf	logs/mpnn/A_soluble_20261005_0.2.txt
logs/mpnn/A_soluble_20261006_0.1.txt	96fc90aaf0014f3d30d73d4b1967a284b457dfcd8fea94e438ce7b0ef713d91f	logs/mpnn/A_soluble_20261006_0.1.txt
logs/mpnn/A_soluble_20261006_0.2.txt	cb76ed46a9a914cfda2eb0a9311a959d4cbd5e5e81c859ec5af282a4b8cf4cea	logs/mpnn/A_soluble_20261006_0.2.txt
logs/mpnn/A_soluble_20261007_0.1.txt	9f675ab05b3661e5e517940e3683111918e8e61f2d3403eba1d7a3a51ea73c40	logs/mpnn/A_soluble_20261007_0.1.txt
logs/mpnn/A_soluble_20261007_0.2.txt	daf0b4cfa55b880d92a93b50f6795d0a2ef06a5b28868d7b04d47e22fc724ff5	logs/mpnn/A_soluble_20261007_0.2.txt
logs/mpnn/A_soluble_20261008_0.1.txt	6a23c7dbf87c1532ecee6e2f782a791472a84d850846be04fdaf679e9f9c82b5	logs/mpnn/A_soluble_20261008_0.1.txt
logs/mpnn/A_soluble_20261008_0.2.txt	5368cb4a5e2526e28e7f34731c583bdef8cf5b5ae922467b037f944e37baedff	logs/mpnn/A_soluble_20261008_0.2.txt
logs/mpnn/A_soluble_20261009_0.1.txt	b10cae9971dc54b78fa4d4c8815dbdac249d9e764d10a45518463306630738aa	logs/mpnn/A_soluble_20261009_0.1.txt
logs/mpnn/A_soluble_20261009_0.2.txt	3fe5e58de5c5b5d9e2e516516bc805b749a9bf4c6ed2f0db6337c09e2f3eaf4d	logs/mpnn/A_soluble_20261009_0.2.txt
logs/mpnn/A_standard_20261005_0.1.txt	912db21230c432751ed6db11140f88a4606d20096f506d46f6cdc8406c338dc0	logs/mpnn/A_standard_20261005_0.1.txt
logs/mpnn/A_standard_20261005_0.2.txt	01ee9698fe1f9b81062d6421670e5e80a250bad9c1c2de2cf293e90b3387a41f	logs/mpnn/A_standard_20261005_0.2.txt
logs/mpnn/A_standard_20261006_0.1.txt	0e34d26e16d1e794209850ffccfae1c3ea4bd573294a1a9a3e8ace32c4a02fa4	logs/mpnn/A_standard_20261006_0.1.txt
logs/mpnn/A_standard_20261006_0.2.txt	850b829b29df8de33acc874467c5c644ca17bdc884fdb1ecd9dd526e25bd22e5	logs/mpnn/A_standard_20261006_0.2.txt
logs/mpnn/A_standard_20261007_0.1.txt	b9696a9cce85dd0a341e40bf1752d4cb0ba7cfdaa3bc1b6223f31de8bd10e15b	logs/mpnn/A_standard_20261007_0.1.txt
logs/mpnn/A_standard_20261007_0.2.txt	38dcb29ee4048843be267624e82d89a1cc94b022fd8b5d19f2f724c578b72ad8	logs/mpnn/A_standard_20261007_0.2.txt
logs/mpnn/A_standard_20261008_0.1.txt	9f6bb4f52e43a7578d1313e63d2a94b2e0aef92cea3b1f4f37f37be8b1fabd4a	logs/mpnn/A_standard_20261008_0.1.txt
logs/mpnn/A_standard_20261008_0.2.txt	80d79ade05e8499f2cd0e23f500997bedff15e79aa92b9ba016332135e8132c3	logs/mpnn/A_standard_20261008_0.2.txt
logs/mpnn/A_standard_20261009_0.1.txt	e167f466dd450bdee343f33e514ca4cdf06d1d5c4ada09830a3aae9f538bddfc	logs/mpnn/A_standard_20261009_0.1.txt
logs/mpnn/A_standard_20261009_0.2.txt	24284033b5075fec3184ecdbcd733f8c98ce93dab58ac538ec2ba6a1222cff2a	logs/mpnn/A_standard_20261009_0.2.txt
logs/mpnn/B_soluble_20261005_0.1.txt	b4a9bb4b492c71515b1ee129be217d1bab99a1ca070f3148194314b87db24d4f	logs/mpnn/B_soluble_20261005_0.1.txt
logs/mpnn/B_soluble_20261005_0.2.txt	a984441ba69cd474e16dff0e84bb4cc28a45154034bcc69c8de3673f844a8390	logs/mpnn/B_soluble_20261005_0.2.txt
logs/mpnn/B_soluble_20261006_0.1.txt	6682a5e969082f6ad876333b4038c0e57954a19fa067b0bc3239a559b1c00c43	logs/mpnn/B_soluble_20261006_0.1.txt
logs/mpnn/B_soluble_20261006_0.2.txt	b9f0dd9f50ceafb8335a65b070ee8e3470b2cb3fd97c21f4567a19ab8e82e39a	logs/mpnn/B_soluble_20261006_0.2.txt
logs/mpnn/B_soluble_20261007_0.1.txt	d9ef48b8569101481c3dfd7226609cd615cc5fab7828d4b07d2fefc9d82c8930	logs/mpnn/B_soluble_20261007_0.1.txt
logs/mpnn/B_soluble_20261007_0.2.txt	664bade88f0e8e150310e5fd9f7fbf3f8fa85d6369484c21b0574cdc80a0caaa	logs/mpnn/B_soluble_20261007_0.2.txt
logs/mpnn/B_soluble_20261008_0.1.txt	b74b7121022713310f35dc3afa6386674c3e8642ffcb058d373cb393d16ebe66	logs/mpnn/B_soluble_20261008_0.1.txt
logs/mpnn/B_soluble_20261008_0.2.txt	8bd5f0aa6e9d50db37d03ba7c8e2d3c2e6e9c32bbe9bd20898d56f0e0ec9fac1	logs/mpnn/B_soluble_20261008_0.2.txt
logs/mpnn/B_soluble_20261009_0.1.txt	1dcbb9794ea29d3caedd953398a11aaa032c328f27e8b90812ec5a3eb475171f	logs/mpnn/B_soluble_20261009_0.1.txt
logs/mpnn/B_soluble_20261009_0.2.txt	e5ca5393c0cb0ace99b463511fe8e3a46a6d547078e938b6c30df943987912d0	logs/mpnn/B_soluble_20261009_0.2.txt
logs/mpnn/B_standard_20261005_0.1.txt	5247514c7e0833359e943540b371184d345869a7c4b5ffa6d1da71a5798aa3b0	logs/mpnn/B_standard_20261005_0.1.txt
logs/mpnn/B_standard_20261005_0.2.txt	14528befd565fa263d5bf36fe51c9a6201ef57b818c1907c2f58121502edca95	logs/mpnn/B_standard_20261005_0.2.txt
logs/mpnn/B_standard_20261006_0.1.txt	1504d49305e4b38b41132e51f56ed1db6ee4003adb9cba9f42804c1afaf3787e	logs/mpnn/B_standard_20261006_0.1.txt
logs/mpnn/B_standard_20261006_0.2.txt	74d0cebe35e22b1263bbca70e22ac20db2325fe345f485c2e59587f7f1eb172e	logs/mpnn/B_standard_20261006_0.2.txt
logs/mpnn/B_standard_20261007_0.1.txt	2ec84d36682e696cb8180b08b91a69fd8cfb49453eb900431e2973dbd365b6f6	logs/mpnn/B_standard_20261007_0.1.txt
logs/mpnn/B_standard_20261007_0.2.txt	041c0b5aaa2c797bb6728bdb0b6d8db6b71259cf467f77683e257aa2a34e83cb	logs/mpnn/B_standard_20261007_0.2.txt
logs/mpnn/B_standard_20261008_0.1.txt	72d57e5730cbc75f6fc637b9410122613f3691c209e09389b199b40aae37170e	logs/mpnn/B_standard_20261008_0.1.txt
logs/mpnn/B_standard_20261008_0.2.txt	245b9655a7d72370d32418fa8ddb088fe266a32564601c0cdaeb72d82617e8bd	logs/mpnn/B_standard_20261008_0.2.txt
logs/mpnn/B_standard_20261009_0.1.txt	f529fca3450a4717a0f0c55b3340c53a14b4cc8121c5f01d7e54cdb738c560af	logs/mpnn/B_standard_20261009_0.1.txt
logs/mpnn/B_standard_20261009_0.2.txt	4c0fbd49aa39243a4572a380128c7ca4fc560fe37f98d8d35e8f29d4d265c368	logs/mpnn/B_standard_20261009_0.2.txt
logs/mpnn/pilot.txt	9cabb284ad9099a935fbeb820e98b9a8bcbca84fd44a519d035e67cf10a7148d	logs/mpnn/pilot.txt
archive/original/logs/resource_usage.tsv	f1c900ed34547ac6aeb6651db681bbfd6127e34f2a7565bbfb2deae0f94c91ef	logs/resource_usage.tsv
pipeline/__init__.py	3762da476d3df4033ab5eb65b6894fe2cb5e933b466ff3c80fa3ea957fd00f7c	pipeline/__init__.py
pipeline/annotations.py	91c063d2427e7a85d9fc97091e92e424e2312da8823efb7b8ae620d588094de1	pipeline/annotations.py
pipeline/cleanup.py	85c221d114591f40306a3027d56bafab3bed6bcc5f8529fdacf97f55822a779c	pipeline/cleanup.py
pipeline/cli.py	d69b7906da48f31d8ffe1d0c1d56e7da1d4845bbe5ef89db72439366c12c2205	pipeline/cli.py
pipeline/common.py	d46364f655481bf8ccd7e39fa973a3a9c6361c268257eee6fe0f7d2e82a5faf0	pipeline/common.py
pipeline/design.py	845303053743221f6f99a8430d80850e9834cb18d44e7a10159f9c113d694b53	pipeline/design.py
pipeline/diversity.py	f13fe37fe55b8ccbb4d805b2fe9ef3e5542497f033d8e453a47512a7839fa73a	pipeline/diversity.py
pipeline/installation_audit.py	9c46089a313a4115c80995714f9dce41098e8d9d9a9b1575b74d587cc6a0c28d	pipeline/installation_audit.py
pipeline/literature.py	ce9da40f1c0877d7472b2b63f5739bcc022dc15433896e64fb7088952bf0dc65	pipeline/literature.py
pipeline/new_run.py	707f8c4892f20b3ee0f52c7561afdd7ed31cbfc550003e4e242c380d367b0c48	pipeline/new_run.py
pipeline/preparation_sensitivity.py	f409c382bcae577ab0dfbe9d8a09e97033e1f20e49f89688d9a990c03a6e8ca6	pipeline/preparation_sensitivity.py
pipeline/reporting.py	43759f3fe93b72c70798db0190e17f64c93ade4a49839cced3633d0574fd74c7	pipeline/reporting.py
pipeline/scoring.py	987c9db5f213bce5affea2bbdbbdd3d730ecfc23a823cb70aa0ff4f79275f817	pipeline/scoring.py
pipeline/selection.py	f13cdabf4e425d9b93d91d64a6fdea04c1c061fd2700fe14e36743801bb04d7c	pipeline/selection.py
pipeline/sources.py	2036c8dfe6add277b84962306e94072c379d79c83d3bdcf6d20d7cead798d66b	pipeline/sources.py
pipeline/structures.py	d126ceff318b611c5deeac3996f4a56f5dff9a81e4b3b575eb5ca6b209ce356c	pipeline/structures.py
pipeline/verification.py	15932ad0fe2961738bf81be16fda8953d93b8c34980ba645f65cd29890f9829a	pipeline/verification.py
pipeline/wheel_sources.py	d15af430a3227c26b74b1f93927fb6028b88f0859adcc4e06ef11496e8216df3	pipeline/wheel_sources.py
pyproject.toml	91f243727cf6c49c07e540e5b3c1a4767d30698a3069c88d12ab0032e9624098	pyproject.toml
requirements.lock.txt	44f21dc0c0a18c3a31b0d4a4496602bcc6c3c86bca372078631ea944a6b0f4bf	requirements.lock.txt
results/benchmark_summary.json	652408899ef4e83d42dd2050975a4c86a1a673aff83c75c59e50dfac7bd0ac50	results/benchmark_summary.json
results/candidate_biophysics.tsv	7f21ffc1322ae219056b8a5dda3c444f93acfb31c86d632f2f6d754407658862	results/candidate_biophysics.tsv
results/candidate_freeze.tsv	ed2bb58877af2901410c10bcbc1ba16e5d1403227977794e81f0376a3e6bba94	results/candidate_freeze.tsv
results/candidate_freeze_manifest.json	ffd487c5ab1680b42d68a7a3f4ba79c12634b34ce32ebab71c163a8930b113a3	results/candidate_freeze_manifest.json
results/candidate_summary.tsv	e51fd1d025d9e5e782ab65b2d749dd8efb8d639fef066f448ef00e4b7b6a58ce	results/candidate_summary.tsv
results/cd81_mutation_benchmark.tsv	14366296ce83bff5f3e4faa1650c16ad7042ffefc0770d8723c45a9b7520e763	results/cd81_mutation_benchmark.tsv
results/clean_clone_test.tsv	04ba9976783a77c20162bc8d1867f370af47ed3daaab4bcf69b7b96e7cc86226	results/clean_clone_test.tsv
results/cleanup_summary.json	80d6b888fa4c2a4c53459ca1820fc4951d5e3bbeeacece8fd316f6d8812c356e	results/cleanup_summary.json
archive/original/results/configuration.tsv	67d9c9960b22a00459676c4c15a712e92b35594a6f07d1351b4718d55ac01b79	results/configuration.tsv
results/design_filter_funnel.tsv	a73eb45939a0200dcafebcde4e23db5b00cde443dc79419992923fb98fb82936	results/design_filter_funnel.tsv
results/discovery_metrics.tsv	118a2bc5d22c3373a340f9e24f58972356bf98e0a67b97b722d2fdb7d34c6462	results/discovery_metrics.tsv
results/discovery_scores.tsv.gz	87ca61f52b0dc76314ee1cd6f4c5ad52995b548baa71e2f2b25ea00dfbb77dee	results/discovery_scores.tsv.gz
results/disposable_model_manifest.tsv	8a4ab2d544943f65c8d6505e52b238639bcf9307dd135e3323d7527c6499fc3e	results/disposable_model_manifest.tsv
results/disulfide_provenance.tsv	af8e06a60a6fe45abcd2ecbaddb3f0cd99aa874af90ae314d54ff8f4cd06090b	results/disulfide_provenance.tsv
results/diversity_summary.json	add356625f3aa07a566a386044c368002ff8d64e3bbeb5728b42e523304f92fb	results/diversity_summary.json
results/download_manifest.tsv	c5f9ccde7828c404609a26fb102655b3769be444bf407335874bd355d7c6be99	results/download_manifest.tsv
results/e2_glycan_proximity.tsv	1bcf1842f0713b51e76554454b913906ae944c84c443a44281f2cf5eeb9e6c47	results/e2_glycan_proximity.tsv
results/e2_haplotypes.tsv	78c1b74185702d29f56969997027e114f8343a2ae14a3d91cf2d8c798d71d79d	results/e2_haplotypes.tsv
results/e2_interface_residues.tsv	89541c7453d4b49cacc19ad26edfeb59ceb554367c0be57da476782ef83e14fb	results/e2_interface_residues.tsv
results/e2_literature_interface_annotations.tsv	5b64133f9d2d6bfc668f641004bf11e51d1f095b9af051ac10bdbd9846ace9cd	results/e2_literature_interface_annotations.tsv
results/e2_numbering.tsv	18d10aff5e2f55b3325d657cff14cd69bffaed39ca20360394a45b37553d1fa6	results/e2_numbering.tsv
results/e2_position_conservation.tsv	fabafcaf8ca1f08da66c5c2910eb695f52b00f4f38c9be4b4b026020ea0afd30	results/e2_position_conservation.tsv
results/e2_state_manifest.tsv	303f8e8b9f863429a39696f2fe934732d731555a1f21d8204416eb6b6205530f	results/e2_state_manifest.tsv
results/execution_parallelism.json	31c308694c01ce480ce5455ae37c27faa33b2f545c93f7ea7b0f21befd0daaf8	results/execution_parallelism.json
results/figure_manifest.tsv	d48799ed68a01e20e4139a129d82e906cb91aa5317c6c01a0034ae0446e4f680	results/figure_manifest.tsv
results/final_computational_priorities.tsv	f5e7777b61fff6384e5d3707672f933d1fee1aae8ec00143c6349b146d987dc1	results/final_computational_priorities.tsv
results/generated_sequence_annotations.tsv.gz	974686b65db0c9a16c186f178b7d42bd20bd0d15e8731cb5f38143f7f9019bc4	results/generated_sequence_annotations.tsv.gz
results/generated_sequences.tsv.gz	5c4e804a6d92d721ebfd532f72fb1633e07716bc2488d0648d9f2208bd0eefd1	results/generated_sequences.tsv.gz
results/hcv_sequence_manifest.tsv	f19ad0d1a53a7eb26e76c279eef492eea560399108b0362eee929c995682b3a1	results/hcv_sequence_manifest.tsv
results/heldout_genotype_strategy_comparison.tsv	916dba087d3d3f22722866937b8bcd1aef75330ca798880ca0846feebad466cd	results/heldout_genotype_strategy_comparison.tsv
results/heldout_metrics.tsv	b73c397297cca8ecfa482cd467e4474d5462dd3306237723459e9c32ce1e3c39	results/heldout_metrics.tsv
results/heldout_scores.tsv	b6ce50f28ef89096cefbfbcad24e77fc9a5729a55eeab988a8e0422b5161bb1f	results/heldout_scores.tsv
results/heldout_strategy_comparison.tsv	0727268f4360d415b0b63435cc9d5e88eec6987e5a796328b02a4d6e22ac37b7	results/heldout_strategy_comparison.tsv
results/heldout_summary.json	b6028120d6e8f957d02af9254b6942785466d085a4de53eb76615b2f212cb750	results/heldout_summary.json
results/human_residue_mapping.tsv	62307f58ff771f8e3584c7e40d506e250afa5e20a70ee1a8d9b9e68aa26270b2	results/human_residue_mapping.tsv
results/humanization_metrics.tsv	6987819778307e68b801e46d8ed6d5e7f43d435b40ba53cc9e05718a73da40af	results/humanization_metrics.tsv
results/installation_report.json	5a1c8803bfe4a440750ad8f4db778eeca0f5abb6ffbd1c46b0c625370a3948ad	results/installation_report.json
results/installation_validation_complete.json	64cd60329830ba38f6be7215b73719430a4afc341625e2e2614db8078e112dc2	results/installation_validation_complete.json
results/interrupted_discovery_scores.tsv.gz	fe2441b90416f0c533d734d4e2e607a67e8842081580ef73a8772373be34c297	results/interrupted_discovery_scores.tsv.gz
results/largest_tracked_files.tsv	f2c784f108b83d59200ff9bdb3204a577da48a4b0100d1bcb6143be66b736181	results/largest_tracked_files.tsv
results/leakage_audit.tsv	5e970b5de6d1135e789b0bbc91c5eff7aa680caea10c454b0fb2949d3bc15015	results/leakage_audit.tsv
results/leave_one_genotype_out.tsv	c63d5a391bb4d4027373450cbadc7fb6f6814fb79a8be867c961fc5a36a4a0ff	results/leave_one_genotype_out.tsv
results/license_audit.tsv	b0bc9f37bd6703757e77f1a5c647e0ac3b784613b7f4c65a5d6b2953737ee402	results/license_audit.tsv
results/literature_audit.tsv	dd034898230ff4d994b358301cdde7556d3954911ab1bfef570191067b10d5da	results/literature_audit.tsv
results/model_comparison.tsv	35e10fcff7d284e818e68f6597a43a5c1182edb34570d793571071838e1e63da	results/model_comparison.tsv
results/model_comparison_effects.tsv	89dd65fb8b0673442e445842766051dda6b514f3a9dd17da253503783c99dab2	results/model_comparison_effects.tsv
results/mpnn_pilot.json	46cf180220dd70148e6f69640bbeb8b90d85b8d510a802228dcc948d34afa774	results/mpnn_pilot.json
results/pilot_sequences.tsv.gz	a98c41f51120c176a304fdeb661dac432fe292af0ff97daf8b3defbfcf24be57	results/pilot_sequences.tsv.gz
archive/original/results/readme_traceability.tsv	a163f341312ca65b34052863fe2512b23724bdb8a43a742f25ac1ac8930aa6f0	results/readme_traceability.tsv
results/removed_heteroatoms.tsv	69542b7360dc7aeb498d970954350ea424e2e99c016a8f8a1ebb1f2f9f5bbc49	results/removed_heteroatoms.tsv
results/repair_audit.tsv	642dacbd2f90400aafc2f6243b0f89cdc472ae33b19f212e758d9fa6877aff40	results/repair_audit.tsv
archive/original/results/resource_summary.tsv	f1c900ed34547ac6aeb6651db681bbfd6127e34f2a7565bbfb2deae0f94c91ef	results/resource_summary.tsv
results/run_summary.json	2c82f815c6f7e01872b5de123c1c8f26570872314f911d6873976952cf062ee0	results/run_summary.json
results/scientific_discomfort.tsv	7c956cc1a28ec160d49373e01cd75cbd4d0d1ed53a343034066662619527e2db	results/scientific_discomfort.tsv
results/score_dictionary.tsv	efb29df4630c2e8f4cdfea0ca758175e6015a3ab9d02662abcf038c5b7a51512	results/score_dictionary.tsv
results/scoring_optimization_check.json	5f03cd4f88f6d3b2c137ba012ff2a733cad80c26cefe7e6f71dbe9e416f59c5a	results/scoring_optimization_check.json
results/scoring_projection.json	f1d3ecc6520560af1c3cccc530cdfc5ff0c07653fbcb07a5c5fad82d4067ec4a	results/scoring_projection.json
results/seed_variance.tsv	6a9a44aa1f060485ab85e1e988404f7e60fa4e4a221f92d1be13c07b5b832779	results/seed_variance.tsv
results/sensitivity_analysis.tsv	82a76d025836de77e79a5f897f260065be0ef2e2b5c39fcfd9009051d0092f1f	results/sensitivity_analysis.tsv
results/smoke_test.json	9929772340da21c36c3e9ce5b9d1cf5e30579e8fe5bb918dd293c4f79e74a15b	results/smoke_test.json
results/software_manifest.tsv	ec838c42df305b658a6880b58f3284624839f43fb396a79b17147785d138b913	results/software_manifest.tsv
results/strategy_generalization.tsv	cb2638763c65a91407ca4330d8e181b3595c8d364728ccc5bbb4515500d57cb7	results/strategy_generalization.tsv
results/structure_provenance.tsv	20d654a3dbe8d9ee6d0276957239c77ff857b1f0443096555fdeb4523f41e057	results/structure_provenance.tsv
results/test_execution.tsv	15fba760185005d3e34b39e9c7e76a6e021853d59706201821fc6fe4defbaee4	results/test_execution.tsv
results/upstream_file_manifest.tsv	ba231990614b397753c6ef3e6dad33b261e42338a08d523a868215fcf791fc0a	results/upstream_file_manifest.tsv
results/verification.tsv	c0a3b64a055049eea0608677e982522945f1b153d18c16483ca21d7b5fb538e7	results/verification.tsv
results/wheel_manifest.tsv	914314df47c2df67dba5156987f4103654fe3f59428a2b6d932150c25dacced6	results/wheel_manifest.tsv
results/wheel_source_urls.tsv	c096d22a4bc1ddbd1acb2d90e219d174cf5c987d21169712ba6327cac27d4799	results/wheel_source_urls.tsv
results/wt_preparation_candidate_metrics.tsv	326fe30a039b28dade1b15492da0f4407af6ed85bac80b8b8419df47dd2d5e4d	results/wt_preparation_candidate_metrics.tsv
results/wt_preparation_sensitivity.tsv	a4b679a4949faf1cf3e285ab81c412274051001dc6e4a15f48d0e3e6d0569acc	results/wt_preparation_sensitivity.tsv
results/wt_preparation_summary.json	c3fa554c8983c66e4f39c0bd596d982ab5fa0d95163e978dec71640f9ec2d868	results/wt_preparation_summary.json
run_all.sh	bf8275326afc8c622fe4004edc0da06eba4cfa994d5e9010a3e5898ca79abb8a	run_all.sh
scripts/00_configure.sh	f9067a87b0f15a1bad9239af638af8891fdac5afb0f4ddc9665bf504f7f07d01	scripts/00_configure.sh
scripts/02_install.sh	0d173bbf5c0ca2e296c618b8ef1deea4430527a08ea50a816f310f748a2f15eb	scripts/02_install.sh
scripts/19_verify.sh	588d5502de94afb76cefbec77f0a20bc4ede73e1c99b465de7f4016115160add	scripts/19_verify.sh
scripts/finish.sh	161888554806ae1edb68c8611c10f58b41184d3cebc6d19a6438c5dc91a28310	scripts/finish.sh
scripts/stage.sh	58d025b7dd0cb88727ab74d930fb23739052da27b93649f7f00a83afd7717c5d	scripts/stage.sh
tests/fixtures/tiny.pdb	7216514c6d75a09063e5703ce93a118d29696a4cbed8162cb3b79e2122963e01	tests/fixtures/tiny.pdb
tests/test_methods.py	b74dd2f9f0a032c4e73e87631c94b9e8d731a2621843d23f1cb6ed5fe3deb71f	tests/test_methods.py
