stratum	query	accepted_query	warnings	available_count	requested	uids	sampling	search_sha256
1a	"(txid11103[Organism:exp] OR ""Orthohepacivirus hominis""[Organism]) AND 8000:11000[SLEN] AND ""1a""[All Fields] NOT synthetic[Title] NOT chimeric[Title]"	"((""txid11103""[Organism:exp] OR ""Orthohepacivirus hominis""[Organism:exp]) OR ""Orthohepacivirus hominis""[Organism]) AND 00000008000[SLEN] : 00000011000[SLEN] AND ""1a""[All Fields] NOT synthetic[Title] NOT chimeric[Title]"	{}	2201	120	3368036621,3368036433,3368016353,3368016351,3368016347,3084076927,3084076922,3084076917,3084076914,3084076910,3084076905,3084076898,3084076895,3084076892,3084076889,3084076886,3084076883,3084076880,3084076877,3084076872,3084076870,3084076867,3084076864,3084076861,3084076858,3084076855,3084076852,3084076849,3084076846,3084076840,3084076837,3084076813,3084076738,3084076731,3084076728,3084076725,3084076722,3084076719,3084076712,3084076709,3084076702,3084076691,3084076688,3084076683,3084076680,3084076673,3084076670,3084076667,3084076660,3084076653,3084076650,3084076647,3084076636,3084076631,3084076626,3084076617,3084076614,3084076611,3084076609,3084076602,3084076595,3084076590,3084076587,3084076582,3084076580,3084076573,3084076569,3084076552,3084076547,3084076545,3084076542,3084076537,3084076526,3084076523,3084076518,3084076511,3084076504,3084076493,3084076490,3084076485,3084076482,3084076479,3084076474,3084076465,3084076456,3084076453,3084076450,3084076443,3084076436,3084076428,3084076423,3084076418,3084076413,3084076404,3084076401,3084076396,3084076391,3084076388,3084076383,3084076375,3084076372,3084076369,3084076363,3084076353,3084076346,3084076343,3084076338,3084076331,3084076328,3084076323,3084076318,3084076313,3084076308,3084076305,3084076295,3084076292,3084076283,3084076281,3084076276,3084076273	NCBI default-order bounded convenience sample; not prevalence	da8353bca8a12fbe22d58adcf03748fad465fb37828cfe982ca868ec11e1d2c9
1b	"(txid11103[Organism:exp] OR ""Orthohepacivirus hominis""[Organism]) AND 8000:11000[SLEN] AND ""1b""[All Fields] NOT synthetic[Title] NOT chimeric[Title]"	"((""txid11103""[Organism:exp] OR ""Orthohepacivirus hominis""[Organism:exp]) OR ""Orthohepacivirus hominis""[Organism]) AND 00000008000[SLEN] : 00000011000[SLEN] AND ""1b""[All Fields] NOT synthetic[Title] NOT chimeric[Title]"	{}	1034	120	3368036657,3368036652,3368036641,3368036639,3368036619,3368036617,3368036609,3368036586,3368036578,3368036558,3368036556,3368036545,3368036535,3368036533,3368036531,3368036529,3368036527,3368036519,3368036517,3368036512,3368036503,3368036501,3368036499,3368036493,3368036491,3368036486,3368036484,3368036482,3368036453,3368036451,3368036443,3368036436,3368016349,3368016348,3332185522,3332185520,3332185518,3332185516,3332185514,3332185511,3332185509,3332185507,3332185504,3332185502,3332185499,3332185497,3332185495,3332185493,3332185491,3084076925,3084076908,3084076844,3084076745,3084076715,3084076694,3084076686,3084076576,3084076563,3084076561,3084076555,3084076528,3084076496,3084076394,3084076366,3084076341,3084076334,3084076321,3084076303,3084076300,3084076227,3084076220,3084076194,3084076181,3084076172,2811224811,2634039876,2634039874,2634039872,2634039870,2634039868,2634039866,2634039864,2634039862,2634039860,2634039858,2634039856,2634039854,2634039852,2634039850,2634039848,2634039846,2634039844,2634039842,2634039840,2634039838,2634039836,2634039834,2634039832,2634039830,2634039828,2634039826,2634039824,2634039822,2634039820,2634039818,2634039816,2634039814,2634039812,2634039810,2634039808,2634039806,2634039804,2634039802,2634039800,2634039799,2634039797,2634039795,2634039793,2634039791,2634039789	NCBI default-order bounded convenience sample; not prevalence	0515fc033a23d24ceb3fac9199d5e34958a39f607d5b9f71a7ad4fc35b2f9176
2a	"(txid11103[Organism:exp] OR ""Orthohepacivirus hominis""[Organism]) AND 8000:11000[SLEN] AND ""2a""[All Fields] NOT synthetic[Title] NOT chimeric[Title]"	"((""txid11103""[Organism:exp] OR ""Orthohepacivirus hominis""[Organism:exp]) OR ""Orthohepacivirus hominis""[Organism]) AND 00000008000[SLEN] : 00000011000[SLEN] AND ""2a""[All Fields] NOT synthetic[Title] NOT chimeric[Title]"	{}	183	120	3368036633,3368036603,3368036583,3368036571,3368036568,3368036562,3368036550,3368036542,3368036539,3368036521,3368036515,3368036488,3368036421,3368016352,3084076357,2679314034,2634039650,2191912974,2191912928,393714875,393714872,393714869,393714866,40714444,13122273,13122271,13122269,13122267,13122265,13122263,2299493224,2299493222,2299493220,2299493218,2299493216,2299493214,2299493212,2299493210,2299493208,2299493206,2299493204,2299493202,2299493200,2299493198,2299493196,2299493194,2299493192,2299493190,2299493188,2299493186,2250410513,1827634165,1827634131,1827634129,1827634119,1827634099,1827634097,1827634053,1827634051,1827634045,1827634043,1827634023,1827634013,1827634009,1827633991,1827633975,1788757065,1788757063,157781212,1321100761,1321100759,339647236,339647234,339647232,339647225,339647223,893675795,751660955,557164187,557164185,588293194,576294943,566037479,549720847,549720842,549720835,549720829,549720816,549720809,549720800,549720797,509263120,386646758,418204035,393714880,393714878,396582917,339736679,339736677,339736675,339736673,339736671,339736669,339736667,339736665,339736663,318086327,318086325,318086323,318086321,318086319,318086317,318086315,318086313,318086311,318086309,318086307,318086305,329666323,329666321	NCBI default-order bounded convenience sample; not prevalence	63cd517a78c446d623c01b9a0c0ece9d74c8b30f10b1b7d3be3105f9c4f83a75
2b	"(txid11103[Organism:exp] OR ""Orthohepacivirus hominis""[Organism]) AND 8000:11000[SLEN] AND ""2b""[All Fields] NOT synthetic[Title] NOT chimeric[Title]"	"((""txid11103""[Organism:exp] OR ""Orthohepacivirus hominis""[Organism:exp]) OR ""Orthohepacivirus hominis""[Organism]) AND 00000008000[SLEN] : 00000011000[SLEN] AND ""2b""[All Fields] NOT synthetic[Title] NOT chimeric[Title]"	{}	310	120	3084076934,3084076809,3084076807,3084076805,3084076803,3084076734,3084076521,3084076516,3084076468,3084076421,3084076359,3084076247,3084076188,3084076184,2191912970,2191912932,1201280818,1095609817,385251056,385251054,385251052,385251050,385251048,385251046,385251044,346223289,295901481,2299493220,2299493218,2299493214,2299493212,2299493210,2299493208,2299493206,2299493194,2299493190,2299493188,2295813861,2295813859,2295813857,2295813855,2295813854,2295813853,2295813851,2295813849,2295813848,2295813846,2295813844,2295813843,2295813842,2295813840,2295813838,2295813837,2295813835,2295813833,2295813831,2295813830,2295813828,2295813827,2295813826,2295813824,2295813822,2295813821,2295813820,2295813818,2295813817,2295813815,2295813814,2295813811,2295813809,2295813807,2295813806,2295813805,2295813803,2295813801,2295813799,2295813798,2295813796,2295813794,2295813792,2295813790,2295813788,2295813786,2295813784,2295813782,2295813781,2295813780,2295813778,2295813776,2295813775,2295813773,2295813771,2295813770,2295813769,2295813768,2295813766,2295813765,2295813763,2295813762,2295813761,2295813759,2295813757,2295813755,2295813754,2295813753,2295813751,2295813749,2295813747,2295813746,2295813744,2295813742,2295813740,2295813738,2295813737,2295813735,2295813733,2295813731,2295813729,2295813728,2295813727	NCBI default-order bounded convenience sample; not prevalence	13ed5730150dda829269ffce98623343e77dbfc228d8dfe4a3a62731179719bc
3a	"(txid11103[Organism:exp] OR ""Orthohepacivirus hominis""[Organism]) AND 8000:11000[SLEN] AND ""3a""[All Fields] NOT synthetic[Title] NOT chimeric[Title]"	"((""txid11103""[Organism:exp] OR ""Orthohepacivirus hominis""[Organism:exp]) OR ""Orthohepacivirus hominis""[Organism]) AND 00000008000[SLEN] : 00000011000[SLEN] AND (""Triavirus tv3a""[Organism] OR ""3a""[All Fields]) NOT synthetic[Title] NOT chimeric[Title]"	{}	707	120	3368036595,3368036560,3368036438,3084076932,3084076930,3084076920,3084076912,3084076903,3084076901,3084076875,3084076842,3084076743,3084076741,3084076736,3084076717,3084076707,3084076705,3084076700,3084076698,3084076696,3084076678,3084076676,3084076665,3084076663,3084076656,3084076645,3084076643,3084076641,3084076639,3084076634,3084076629,3084076624,3084076622,3084076620,3084076607,3084076605,3084076600,3084076598,3084076593,3084076585,3084076578,3084076571,3084076567,3084076565,3084076559,3084076557,3084076550,3084076540,3084076535,3084076533,3084076531,3084076514,3084076509,3084076507,3084076502,3084076500,3084076498,3084076488,3084076477,3084076472,3084076470,3084076463,3084076461,3084076459,3084076448,3084076446,3084076441,3084076439,3084076434,3084076432,3084076430,3084076426,3084076416,3084076411,3084076409,3084076407,3084076399,3084076386,3084076381,3084076379,3084076377,3084076361,3084076355,3084076351,3084076349,3084076336,3084076326,3084076311,3084076298,3084076290,3084076288,3084076286,3084076279,3084076265,3084076263,3084076261,3084076259,3084076257,3084076242,3084076240,3084076238,3084076236,3084076234,3084076222,3084076218,3084076216,3084076208,3084076204,3084076202,3084076200,3084076198,3084076196,3084076192,3084076190,3084076186,3084076176,3084076174,3084076170,3084076168,3084076163	NCBI default-order bounded convenience sample; not prevalence	2baca63d66b8f9144cf2387683679903e4e2aebb785b43478a4c6390572abd88
4a	"(txid11103[Organism:exp] OR ""Orthohepacivirus hominis""[Organism]) AND 8000:11000[SLEN] AND ""4a""[All Fields] NOT synthetic[Title] NOT chimeric[Title]"	"((""txid11103""[Organism:exp] OR ""Orthohepacivirus hominis""[Organism:exp]) OR ""Orthohepacivirus hominis""[Organism]) AND 00000008000[SLEN] : 00000011000[SLEN] AND ""4a""[All Fields] NOT synthetic[Title] NOT chimeric[Title]"	{}	125	120	3368016354,3368016350,2985633422,2985633420,2985633418,2985633416,2985633414,2985633412,2985633410,2985633408,2985633406,2985633404,2985633402,2985633400,2985633398,2985633396,2985633394,2985633392,2985633390,2985633388,2985633386,2985633384,2985633382,2985633380,2985633378,2985633376,2985633374,2985633372,2985633370,2985633368,2985633366,2985633364,2985633362,2985633360,2985633358,2985633356,2985633354,2985633352,2985633350,2634039490,2634039488,393714875,393714872,393714869,393714866,2250410511,1847315217,1847315215,1847315211,1847315206,1847315203,1827634095,1827633981,1827633979,157781208,1595039340,1190102434,119331269,119331267,119331265,119331263,119331261,119331259,119331257,998151527,379772062,379772060,379772058,379772056,379772054,379772050,379772048,379772046,379772044,379772040,751660971,686484263,686484261,686484259,379772052,379772042,549720829,403220381,339736679,339736677,339736675,339736673,339736671,339736669,339736667,339736665,339736663,318086315,330417184,330417183,329666319,165873794,295311563,295311559,218043729,218043728,218043727,218043726,218043725,218043724,218043722,218043721,218043720,218043719,218043717,218043716,218043715,218043714,89519418,89519416,89519414,89519408,89519406,89519404,110294849	NCBI default-order bounded convenience sample; not prevalence	0de0e92a7d3c0f2b5cd841ddacbf98fc337d70871b8b4e829bfc5d2647c2c8d3
5a	"(txid11103[Organism:exp] OR ""Orthohepacivirus hominis""[Organism]) AND 8000:11000[SLEN] AND ""5a""[All Fields] NOT synthetic[Title] NOT chimeric[Title]"	"((""txid11103""[Organism:exp] OR ""Orthohepacivirus hominis""[Organism:exp]) OR ""Orthohepacivirus hominis""[Organism]) AND 00000008000[SLEN] : 00000011000[SLEN] AND ""5a""[All Fields] NOT synthetic[Title] NOT chimeric[Title]"	{}	57	57	3084076835,3084076833,393714875,393714872,393714869,393714866,157781210,1479555233,1479555231,1479555229,751660975,661568185,661568183,661568181,661568179,527179116,527179114,527179112,527179110,527179108,527179106,576294949,554577059,549720835,403220381,339736679,339736677,339736675,339736673,339736671,339736669,339736667,339736665,339736663,318086317,329666321,295021594,295021593,295021592,295021591,295021590,295021589,295021588,295021587,295021586,295021585,295021584,295021583,3660725,218313686,218313685,218313684,218313682,215972016,138754352,2462303,9843676	NCBI default-order bounded convenience sample; not prevalence	3e13091d672e9eda7f53dc83155fb8edcdb4899933f89c49c51d949b4cd9009d
6a	"(txid11103[Organism:exp] OR ""Orthohepacivirus hominis""[Organism]) AND 8000:11000[SLEN] AND ""6a""[All Fields] NOT synthetic[Title] NOT chimeric[Title]"	"((""txid11103""[Organism:exp] OR ""Orthohepacivirus hominis""[Organism:exp]) OR ""Orthohepacivirus hominis""[Organism]) AND 00000008000[SLEN] : 00000011000[SLEN] AND ""6a""[All Fields] NOT synthetic[Title] NOT chimeric[Title]"	{}	186	120	3368036646,3368036643,3368036636,3368036630,3368036627,3368036624,3368036614,3368036606,3368036589,3368036580,3368036553,3368036547,3368036524,3368036509,3368036506,3368036496,3368036430,3368036427,3084076786,3084076783,3084076763,2082748888,2082748885,2082748882,2082748879,2082748876,2082748873,2082748870,2082748867,2082748864,2082748861,2082748858,2082748855,2082748852,2082748849,1655515068,1743036357,1743036356,1743036355,1743036322,1743036320,1743036319,1743036317,1743036316,1743036315,1743036314,1743036313,1743036312,1743036311,1743036310,1743036309,1743036308,1743036307,1664596065,1348021538,1348021536,1348021534,1348021532,1348021530,1348021528,339647219,1009028164,1009028162,758739251,758739250,758739249,758739248,758739247,758739246,758739245,758739244,758739243,758739242,758739241,758739240,758739239,758739238,758739237,758739236,758739235,758739234,758739233,758739231,758739229,758739227,758739225,758739223,758739221,758739219,758739217,758739215,758739213,758739211,758739209,758739207,758739205,758739203,758739201,758739199,758739197,758739195,758739193,758739191,758739189,758739187,758739185,758739183,758739181,758739179,758739177,758739175,758739173,758739171,758739169,758739167,758739165,758739163,758739161,758739159,758739157	NCBI default-order bounded convenience sample; not prevalence	d0a0544aafe8a87bea5036b233a5a4a14673935799f6d43eb3cd1b4117d8b909
7	"(txid11103[Organism:exp] OR ""Orthohepacivirus hominis""[Organism]) AND 8000:11000[SLEN] AND (""genotype 7""[All Fields] OR ""7a""[All Fields]) NOT synthetic[Title] NOT chimeric[Title]"	"((""txid11103""[Organism:exp] OR ""Orthohepacivirus hominis""[Organism:exp]) OR ""Orthohepacivirus hominis""[Organism]) AND 00000008000[SLEN] : 00000011000[SLEN] AND (""genotype 7""[All Fields] OR ""7a""[All Fields]) NOT synthetic[Title] NOT chimeric[Title]"	{}	29	29	3091479454,3091479452,1057485909,1511000893,1168834188,1058270708,1031418416,763907344,549720847,318086321,295021594,295021593,295021592,295021591,295021590,295021589,295021588,295021587,295021586,295021585,295021584,295021583,290877073,290877072,290877061,290877060,290877059,290877058,290877057	NCBI default-order bounded convenience sample; not prevalence	77b2ab250975161c7a0332e0eeddf2b0faef8fda72fddcc786fb7a19d7978451
8	"(txid11103[Organism:exp] OR ""Orthohepacivirus hominis""[Organism]) AND 8000:11000[SLEN] AND (""genotype 8""[All Fields] OR ""8a""[All Fields]) NOT synthetic[Title] NOT chimeric[Title]"	"((""txid11103""[Organism:exp] OR ""Orthohepacivirus hominis""[Organism:exp]) OR ""Orthohepacivirus hominis""[Organism]) AND 00000008000[SLEN] : 00000011000[SLEN] AND (""genotype 8""[All Fields] OR ""8a""[All Fields]) NOT synthetic[Title] NOT chimeric[Title]"	{}	8	8	2649336004,2649336002,2649336000,2649335998,1431939925,1431939923,1431939921,1431939919	NCBI default-order bounded convenience sample; not prevalence	bacacd5342c00fa0e255a5aae957504a81552d8dd5f7317f3399d125675d4cbd
