accession	cohort	genotype	subtype	sequence_hash	component	split	exposed_component
AB047641.1	archived_retrieval	2	2a	dd6e791ba093cba9	37dd47bd3d7bd690	development	True
AB047643.1	archived_retrieval	2	2a	3c311991e5cb4d87	37dd47bd3d7bd690	development	True
AB559564.1	archived_retrieval	2	2b	5a4a2bd1c37debe1	37dd47bd3d7bd690	development	True
AB622121.1	archived_retrieval	unknown	unknown	0625da417600e5c7	37dd47bd3d7bd690	development	True
AB677527.1	archived_retrieval	2	2b	b1d82637403e1d89	37dd47bd3d7bd690	development	True
AB677528.1	archived_retrieval	2	2b	8d92e4d7adab9125	37dd47bd3d7bd690	development	True
AB677529.1	archived_retrieval	2	2b	aa77721d33c3a1a4	37dd47bd3d7bd690	development	True
AB677530.1	archived_retrieval	2	2b	a7a0b0ce8a050528	37dd47bd3d7bd690	development	True
AB677531.1	archived_retrieval	2	2b	08ce8145d1fc0077	37dd47bd3d7bd690	development	True
AB677532.1	archived_retrieval	2	2b	1ee77bbbd81cec83	37dd47bd3d7bd690	development	True
AB677533.1	archived_retrieval	2	2b	08ce8145d1fc0077	37dd47bd3d7bd690	development	True
AB690460.1	expanded_retrieval	2	2a	6c3eba5e90cf1960	37dd47bd3d7bd690	development	True
AB690461.1	expanded_retrieval	2	2a	0e3a20bb8aa0f66a	37dd47bd3d7bd690	development	True
AB795432.3	expanded_retrieval	4	4a	5ff7ccf3ec75c699	37dd47bd3d7bd690	development	True
AF064490.1	expanded_retrieval	5	5a	40d81e1ac718790d	37dd47bd3d7bd690	development	True
AJ278830.1	expanded_retrieval	unknown	unknown	949b5e9512029616	37dd47bd3d7bd690	development	True
AM408911.1	expanded_retrieval	2	2	e198b0ef0d73ea69	37dd47bd3d7bd690	development	True
DQ418782.1	expanded_retrieval	4	4a	1fddb463cc8776ed	37dd47bd3d7bd690	development	True
DQ418783.1	expanded_retrieval	4	4a	f9624d0f19ed19a4	37dd47bd3d7bd690	development	True
DQ418788.1	expanded_retrieval	4	4a	763c4fd4d23c01e8	37dd47bd3d7bd690	development	True
DQ516084.1	expanded_retrieval	4	4a	654d50b487808ba2	37dd47bd3d7bd690	development	True
DQ988073.1	expanded_retrieval	4	4a	edab70878a5c20c8	37dd47bd3d7bd690	development	True
DQ988078.1	expanded_retrieval	4	4a	e36cac718711affa	37dd47bd3d7bd690	development	True
DQ988079.1	expanded_retrieval	4	4a	c9456941cf5b12c1	37dd47bd3d7bd690	development	True
EF108306.2	expanded_retrieval	7	7a	2a765bc820f717b6	37dd47bd3d7bd690	development	True
EU363761.1	expanded_retrieval	unknown	unknown	304efe4f3fed7e6c	37dd47bd3d7bd690	development	True
FJ393024.1	expanded_retrieval	5	5a	6bcf1a112524dc3c	37dd47bd3d7bd690	development	True
GU814263.1	expanded_retrieval	3	3	fed7e92d62038bc3	37dd47bd3d7bd690	development	True
GU814265.1	expanded_retrieval	4	4	f1a06df7ac88969c	37dd47bd3d7bd690	development	True
HQ639936.1	expanded_retrieval	6	6a	8007a177817ce37f	37dd47bd3d7bd690	development	True
HQ639938.1	expanded_retrieval	2	2a	f6a76785270ba0f0	37dd47bd3d7bd690	development	True
HQ639939.1	expanded_retrieval	2	2a	7f879ce03c4c4115	37dd47bd3d7bd690	development	True
HQ639943.1	expanded_retrieval	2	2a	ed8177c01ce1c5b5	37dd47bd3d7bd690	development	True
HQ639944.1	expanded_retrieval	2	2a	7f879ce03c4c4115	37dd47bd3d7bd690	development	True
HQ639945.1	expanded_retrieval	2	2a	7f879ce03c4c4115	37dd47bd3d7bd690	development	True
HQ852458.1	expanded_retrieval	2	2a	6c3eba5e90cf1960	37dd47bd3d7bd690	development	True
HQ852459.1	expanded_retrieval	2	2a	6c3eba5e90cf1960	37dd47bd3d7bd690	development	True
HQ852460.1	expanded_retrieval	2	2a	6c3eba5e90cf1960	37dd47bd3d7bd690	development	True
HQ852461.1	expanded_retrieval	2	2a	6c3eba5e90cf1960	37dd47bd3d7bd690	development	True
HQ852462.1	expanded_retrieval	2	2a	6c3eba5e90cf1960	37dd47bd3d7bd690	development	True
HQ852463.1	expanded_retrieval	2	2a	6c3eba5e90cf1960	37dd47bd3d7bd690	development	True
HQ852464.1	archived_retrieval	2	2a	6c3eba5e90cf1960	37dd47bd3d7bd690	development	True
HQ852465.1	expanded_retrieval	2	2a	6c3eba5e90cf1960	37dd47bd3d7bd690	development	True
HQ852466.1	expanded_retrieval	2	2a	6c3eba5e90cf1960	37dd47bd3d7bd690	development	True
HQ852467.1	expanded_retrieval	2	2a	6c3eba5e90cf1960	37dd47bd3d7bd690	development	True
HQ852468.1	expanded_retrieval	2	2a	6c3eba5e90cf1960	37dd47bd3d7bd690	development	True
HQ852469.1	expanded_retrieval	2	2a	6c3eba5e90cf1960	37dd47bd3d7bd690	development	True
JF343785.2	expanded_retrieval	4	4a	f1a06df7ac88969c	37dd47bd3d7bd690	development	True
JF343786.2	archived_retrieval	5	5a	6bcf1a112524dc3c	37dd47bd3d7bd690	development	True
JF735127.1	expanded_retrieval	4	4	5c34f7af31c926c2	37dd47bd3d7bd690	development	True
JF735130.1	expanded_retrieval	4	4	e0afe49e09d889da	37dd47bd3d7bd690	development	True
JF735132.1	expanded_retrieval	4	4	ecb358a1ce64eb34	37dd47bd3d7bd690	development	True
JF735134.1	expanded_retrieval	4	4	3f6f75734f11dbf2	37dd47bd3d7bd690	development	True
JF735137.1	expanded_retrieval	4	4a	ed02bd38df731cf8	37dd47bd3d7bd690	development	True
JN180452.1	archived_retrieval	2	2a	6c3eba5e90cf1960	37dd47bd3d7bd690	development	True
JN180453.1	archived_retrieval	2	2a	6c3eba5e90cf1960	37dd47bd3d7bd690	development	True
JN180454.1	archived_retrieval	2	2a	6c3eba5e90cf1960	37dd47bd3d7bd690	development	True
JN180455.1	archived_retrieval	2	2a	6c3eba5e90cf1960	37dd47bd3d7bd690	development	True
JN180456.1	archived_retrieval	2	2a	6c3eba5e90cf1960	37dd47bd3d7bd690	development	True
JN180457.1	archived_retrieval	2	2a	6c3eba5e90cf1960	37dd47bd3d7bd690	development	True
JN180458.1	archived_retrieval	2	2a	6c3eba5e90cf1960	37dd47bd3d7bd690	development	True
JN180459.1	archived_retrieval	2	2a	6c3eba5e90cf1960	37dd47bd3d7bd690	development	True
JN180460.1	archived_retrieval	2	2a	6c3eba5e90cf1960	37dd47bd3d7bd690	development	True
JQ745651.1	expanded_retrieval	2	2b	b11184c08bbc4982	37dd47bd3d7bd690	development	True
JX014307.1	expanded_retrieval	2	2a	7f879ce03c4c4115	37dd47bd3d7bd690	development	True
JX826592.1	expanded_retrieval	unknown	unknown	2ec9a14b3da80ba7	37dd47bd3d7bd690	development	True
KC767831.1	archived_retrieval	5	5a	cd8eef732d801fd1	37dd47bd3d7bd690	development	True
KC767832.1	archived_retrieval	5	5a	fd6135bf712436b2	37dd47bd3d7bd690	development	True
KC844043.1	expanded_retrieval	2	2a	f5e5c13e4111e2c1	37dd47bd3d7bd690	development	True
KC844046.1	archived_retrieval	5	5a	c54e0602a3c4fd8d	37dd47bd3d7bd690	development	True
KF268446.1	expanded_retrieval	2	2a	f9a20d8dc981edfb	37dd47bd3d7bd690	development	True
KF373567.1	archived_retrieval	5	5a	7215a09b601c3cfa	37dd47bd3d7bd690	development	True
KF676351.1	expanded_retrieval	2	2a	40b662f8a1990912	37dd47bd3d7bd690	development	True
KF676352.1	expanded_retrieval	2	2a	b5b153efbb3f9c23	37dd47bd3d7bd690	development	True
KF693776.1	expanded_retrieval	2	2a	6c3eba5e90cf1960	37dd47bd3d7bd690	development	True
KF693777.1	expanded_retrieval	2	2a	6c3eba5e90cf1960	37dd47bd3d7bd690	development	True
KF693778.1	expanded_retrieval	2	2a	6c3eba5e90cf1960	37dd47bd3d7bd690	development	True
KF693779.1	expanded_retrieval	2	2a	6c3eba5e90cf1960	37dd47bd3d7bd690	development	True
KF693780.1	expanded_retrieval	2	2a	6c3eba5e90cf1960	37dd47bd3d7bd690	development	True
KF693781.1	archived_retrieval	2	2a	6c3eba5e90cf1960	37dd47bd3d7bd690	development	True
KF693782.1	expanded_retrieval	2	2a	6c3eba5e90cf1960	37dd47bd3d7bd690	development	True
KF693783.1	expanded_retrieval	2	2a	6c3eba5e90cf1960	37dd47bd3d7bd690	development	True
KF700370.1	expanded_retrieval	2	2a	20731472e8c06fae	37dd47bd3d7bd690	development	True
KJ678761.1	expanded_retrieval	6	6a	bd33d89cd28df47e	37dd47bd3d7bd690	development	True
KJ678762.1	expanded_retrieval	6	6a	c1c358a957528344	37dd47bd3d7bd690	development	True
KJ678763.1	expanded_retrieval	6	6a	b286d7cc9f84e26b	37dd47bd3d7bd690	development	True
KJ678765.1	expanded_retrieval	6	6a	f68842da6e5fba16	37dd47bd3d7bd690	development	True
KJ678766.1	expanded_retrieval	6	6a	b57ecd6346879f41	37dd47bd3d7bd690	development	True
KJ678767.1	expanded_retrieval	6	6a	e89deb39ae1f5ee9	37dd47bd3d7bd690	development	True
KJ678768.1	expanded_retrieval	6	6a	5d7f8adedb74068f	37dd47bd3d7bd690	development	True
KJ678769.1	expanded_retrieval	6	6a	b416ac42ed05479a	37dd47bd3d7bd690	development	True
KJ678770.1	expanded_retrieval	6	6a	da80363f1def329b	37dd47bd3d7bd690	development	True
KJ678771.1	expanded_retrieval	6	6a	4dbc488830b1052d	37dd47bd3d7bd690	development	True
KJ678773.1	expanded_retrieval	6	6a	3808bd7c15a0d2e9	37dd47bd3d7bd690	development	True
KJ678774.1	expanded_retrieval	6	6a	50c0688093e4045b	37dd47bd3d7bd690	development	True
KJ678775.1	expanded_retrieval	6	6a	09b36d18834b1be6	37dd47bd3d7bd690	development	True
KJ678777.1	expanded_retrieval	6	6a	5ddc7085ba39a71c	37dd47bd3d7bd690	development	True
KJ678778.1	expanded_retrieval	6	6a	90790a89567ff71d	37dd47bd3d7bd690	development	True
KJ678779.1	expanded_retrieval	6	6a	77ed498ac050f600	37dd47bd3d7bd690	development	True
KJ678780.1	expanded_retrieval	6	6a	0252e7a221531393	37dd47bd3d7bd690	development	True
KJ678782.1	expanded_retrieval	6	6a	793c5cafd97a14d3	37dd47bd3d7bd690	development	True
KJ678783.1	expanded_retrieval	6	6a	4c10d0d6e005181c	37dd47bd3d7bd690	development	True
KJ678784.1	expanded_retrieval	6	6a	20ab8bb978d8fb92	37dd47bd3d7bd690	development	True
KJ678787.1	expanded_retrieval	6	6a	129bf214d64b29c2	37dd47bd3d7bd690	development	True
KJ678788.1	expanded_retrieval	6	6a	01e0b1506e0ec077	37dd47bd3d7bd690	development	True
KJ678790.1	expanded_retrieval	6	6a	79869b0e7a3234b2	37dd47bd3d7bd690	development	True
KJ678791.1	expanded_retrieval	6	6a	d96625b9c336b8d4	37dd47bd3d7bd690	development	True
KJ678792.1	expanded_retrieval	6	6a	58a95b63b8baa33e	37dd47bd3d7bd690	development	True
KJ678793.1	expanded_retrieval	6	6a	9d561b58cca2e0c1	37dd47bd3d7bd690	development	True
KJ678794.1	expanded_retrieval	6	6a	c9391aaf22ef12c7	37dd47bd3d7bd690	development	True
KJ678795.1	expanded_retrieval	6	6a	4b582d2699191a94	37dd47bd3d7bd690	development	True
KJ678796.1	expanded_retrieval	6	6a	4d4d5edca14e5376	37dd47bd3d7bd690	development	True
KJ678797.1	expanded_retrieval	6	6a	1cd31343a9be6f7b	37dd47bd3d7bd690	development	True
KJ678798.1	expanded_retrieval	6	6a	f1fd91f5f95fae96	37dd47bd3d7bd690	development	True
KJ925146.1	archived_retrieval	5	5a	8153f21a253a45dc	37dd47bd3d7bd690	development	True
KJ925148.1	archived_retrieval	5	5a	a9a60905abc305ac	37dd47bd3d7bd690	development	True
KJ925149.1	archived_retrieval	5	5a	e1c272a6020efb6b	37dd47bd3d7bd690	development	True
KM043282.1	expanded_retrieval	4	4a	3abc5ca4c515351e	37dd47bd3d7bd690	development	True
KM043283.1	expanded_retrieval	4	4a	3abc5ca4c515351e	37dd47bd3d7bd690	development	True
KM043284.1	expanded_retrieval	4	4a	3abc5ca4c515351e	37dd47bd3d7bd690	development	True
KM587616.1	expanded_retrieval	2	2a	b213f80c6d726cf2	37dd47bd3d7bd690	development	True
KM587624.1	expanded_retrieval	4	4a	1054bc3ba02cd678	37dd47bd3d7bd690	development	True
KT735185.1	expanded_retrieval	4	4a	3a56c63f21dee402	37dd47bd3d7bd690	development	True
KU871310.1	expanded_retrieval	6	6a	7c1163b00e07d200	37dd47bd3d7bd690	development	True
KY283130.1	expanded_retrieval	4	4a	56bc4bf2f6aacea6	37dd47bd3d7bd690	development	True
LC273304.1	archived_retrieval	2	2b	75652fc1c765721e	37dd47bd3d7bd690	development	True
LC368354.1	expanded_retrieval	2	2a	31a21298de84b499	37dd47bd3d7bd690	development	True
LC368357.1	expanded_retrieval	4	4a	a804db72ac843673	37dd47bd3d7bd690	development	True
LC368362.1	expanded_retrieval	2	2a	2820ef4807f47cad	37dd47bd3d7bd690	development	True
LC368371.1	expanded_retrieval	2	2a	0270ab0559bb4d1b	37dd47bd3d7bd690	development	True
LC368373.1	expanded_retrieval	2	2a	70e4aafb58d987eb	37dd47bd3d7bd690	development	True
LC368378.1	expanded_retrieval	2	2a	10e0ccb6e66c8a23	37dd47bd3d7bd690	development	True
LC368388.1	expanded_retrieval	2	2a	d8cfed43f42d5c05	37dd47bd3d7bd690	development	True
LC368389.1	expanded_retrieval	2	2a	524f7c9ac30675c3	37dd47bd3d7bd690	development	True
LC368392.1	expanded_retrieval	2	2a	29a1e8880b3e8ddf	37dd47bd3d7bd690	development	True
LC368393.1	expanded_retrieval	2	2a	69f76112e9fa679f	37dd47bd3d7bd690	development	True
LC368414.1	expanded_retrieval	4	4a	e0bd0981fbe35ec7	37dd47bd3d7bd690	development	True
LC368415.1	expanded_retrieval	2	2a	dca579136a8daa9e	37dd47bd3d7bd690	development	True
LC368416.1	expanded_retrieval	2	2a	ff55bebf62c3c510	37dd47bd3d7bd690	development	True
LC368426.1	expanded_retrieval	2	2a	ce4c531ae42082cd	37dd47bd3d7bd690	development	True
LC368431.1	expanded_retrieval	2	2a	765d7bb865c789f1	37dd47bd3d7bd690	development	True
LC368432.1	expanded_retrieval	2	2a	3c45df84a291cd07	37dd47bd3d7bd690	development	True
LC368449.1	expanded_retrieval	2	2a	a42c9cd4c7a9b62b	37dd47bd3d7bd690	development	True
MG406987.1	expanded_retrieval	2	2a	6c3eba5e90cf1960	37dd47bd3d7bd690	development	True
MG406988.1	expanded_retrieval	2	2a	6c3eba5e90cf1960	37dd47bd3d7bd690	development	True
MG717925.1	expanded_retrieval	6	6a	5e31b4225d577131	37dd47bd3d7bd690	development	True
MG717926.1	expanded_retrieval	6	6a	5e31b4225d577131	37dd47bd3d7bd690	development	True
MG717927.1	expanded_retrieval	6	6a	e7924ba3ac4c77a5	37dd47bd3d7bd690	development	True
MH155319.1	archived_retrieval	6	6a	efbea38295804382	37dd47bd3d7bd690	development	True
MH427311.1	archived_retrieval	unknown	unknown	6bcf1a112524dc3c	37dd47bd3d7bd690	development	True
MH427312.1	archived_retrieval	unknown	unknown	6bcf1a112524dc3c	37dd47bd3d7bd690	development	True
MH427313.1	archived_retrieval	unknown	unknown	6bcf1a112524dc3c	37dd47bd3d7bd690	development	True
MN712204.1	expanded_retrieval	2	2c	42ce550c48ea077e	37dd47bd3d7bd690	development	True
MN782309.1	expanded_retrieval	4	4a	17ff7cc159312f9a	37dd47bd3d7bd690	development	True
MN782310.1	expanded_retrieval	4	4a	b955134eae8efe53	37dd47bd3d7bd690	development	True
MN977326.1	expanded_retrieval	4	4a	6981b0c9ff14844b	37dd47bd3d7bd690	development	True
MN977328.1	expanded_retrieval	4	4a	53df11a3a81ed02e	37dd47bd3d7bd690	development	True
MN977329.1	expanded_retrieval	4	4a	17ff7cc159312f9a	37dd47bd3d7bd690	development	True
MW629118.1	expanded_retrieval	4	4a	0799f0fd2475fea1	37dd47bd3d7bd690	development	True
MZ161145.1	archived_retrieval	6	6a	fc0b6b66e26f2715	37dd47bd3d7bd690	development	True
MZ161146.1	archived_retrieval	6	6a	d4af2baf130d5f60	37dd47bd3d7bd690	development	True
MZ161147.1	archived_retrieval	6	6a	61125653d36ecc86	37dd47bd3d7bd690	development	True
MZ161148.1	archived_retrieval	6	6a	389f3e3ac825686e	37dd47bd3d7bd690	development	True
MZ161150.1	archived_retrieval	6	6a	f9f9d4343cf46a44	37dd47bd3d7bd690	development	True
MZ161151.1	archived_retrieval	6	6a	db18707717aead30	37dd47bd3d7bd690	development	True
MZ161152.1	archived_retrieval	6	6a	10e6601e9e1456fd	37dd47bd3d7bd690	development	True
MZ161153.1	archived_retrieval	6	6a	b22bad9d95b143f9	37dd47bd3d7bd690	development	True
MZ161154.1	archived_retrieval	6	6a	85fc0024a4556728	37dd47bd3d7bd690	development	True
MZ161155.1	archived_retrieval	6	6a	28d09ff45c1b4174	37dd47bd3d7bd690	development	True
MZ161156.1	archived_retrieval	6	6a	c78e2c85e1bb42fd	37dd47bd3d7bd690	development	True
MZ161157.1	archived_retrieval	6	6a	c7293734c45489c3	37dd47bd3d7bd690	development	True
MZ161158.1	archived_retrieval	6	6a	68c849f4bad31508	37dd47bd3d7bd690	development	True
NC_009823.1	expanded_retrieval	2	2	6c3eba5e90cf1960	37dd47bd3d7bd690	development	True
NC_009825.1	expanded_retrieval	4	4	fc9ef00cb38a95cc	37dd47bd3d7bd690	development	True
NC_030791.1	expanded_retrieval	7	7	2a765bc820f717b6	37dd47bd3d7bd690	development	True
OK552915.1	expanded_retrieval	2	2b	7654bc1781aece66	37dd47bd3d7bd690	development	True
OK552916.1	expanded_retrieval	2	2b	7654bc1781aece66	37dd47bd3d7bd690	development	True
OK552917.1	expanded_retrieval	2	2b	7654bc1781aece66	37dd47bd3d7bd690	development	True
OK552918.1	expanded_retrieval	2	2b	7654bc1781aece66	37dd47bd3d7bd690	development	True
OK552920.1	expanded_retrieval	2	2b	7654bc1781aece66	37dd47bd3d7bd690	development	True
OK552921.1	expanded_retrieval	2	2b	7654bc1781aece66	37dd47bd3d7bd690	development	True
OK552922.1	expanded_retrieval	2	2b	7654bc1781aece66	37dd47bd3d7bd690	development	True
OK552923.1	expanded_retrieval	2	2b	7654bc1781aece66	37dd47bd3d7bd690	development	True
OK552925.1	expanded_retrieval	2	2b	7654bc1781aece66	37dd47bd3d7bd690	development	True
OK552926.1	expanded_retrieval	2	2b	5122e36a0ce63539	37dd47bd3d7bd690	development	True
OK552927.1	expanded_retrieval	2	2b	fe82195eb0994e8f	37dd47bd3d7bd690	development	True
OK552930.1	expanded_retrieval	2	2b	e6d6e663e3893e63	37dd47bd3d7bd690	development	True
OK552931.1	expanded_retrieval	2	2b	b707cfdf6285c038	37dd47bd3d7bd690	development	True
OK552932.1	expanded_retrieval	2	2b	988b3a6cb4afdb7d	37dd47bd3d7bd690	development	True
OK552935.1	expanded_retrieval	2	2b	3955c7c549ecaf2e	37dd47bd3d7bd690	development	True
OK552937.1	expanded_retrieval	2	2b	fe82195eb0994e8f	37dd47bd3d7bd690	development	True
OK552941.1	expanded_retrieval	2	2b	3955c7c549ecaf2e	37dd47bd3d7bd690	development	True
OK552942.1	expanded_retrieval	2	2b	e6d6e663e3893e63	37dd47bd3d7bd690	development	True
OK552944.1	expanded_retrieval	2	2b	988b3a6cb4afdb7d	37dd47bd3d7bd690	development	True
OK552945.1	expanded_retrieval	2	2b	fe82195eb0994e8f	37dd47bd3d7bd690	development	True
OK552948.1	expanded_retrieval	2	2b	fe82195eb0994e8f	37dd47bd3d7bd690	development	True
OK552949.1	expanded_retrieval	2	2b	fe82195eb0994e8f	37dd47bd3d7bd690	development	True
OK552950.1	expanded_retrieval	2	2b	5b53c16431e38b19	37dd47bd3d7bd690	development	True
OK552951.1	expanded_retrieval	2	2b	988b3a6cb4afdb7d	37dd47bd3d7bd690	development	True
OK552952.1	expanded_retrieval	2	2b	988b3a6cb4afdb7d	37dd47bd3d7bd690	development	True
OK552953.1	expanded_retrieval	2	2b	fe82195eb0994e8f	37dd47bd3d7bd690	development	True
OK552954.1	expanded_retrieval	2	2b	9d4fce6127d48f04	37dd47bd3d7bd690	development	True
OK552955.1	expanded_retrieval	2	2b	fe82195eb0994e8f	37dd47bd3d7bd690	development	True
OK552957.1	expanded_retrieval	2	2b	d8a9d8330b763664	37dd47bd3d7bd690	development	True
OK552958.1	expanded_retrieval	2	2b	1c1d52feebb9f80e	37dd47bd3d7bd690	development	True
OK552959.1	expanded_retrieval	2	2b	fe82195eb0994e8f	37dd47bd3d7bd690	development	True
OK552962.1	expanded_retrieval	2	2b	b8cce920abfee665	37dd47bd3d7bd690	development	True
OK552963.1	expanded_retrieval	2	2b	b8cce920abfee665	37dd47bd3d7bd690	development	True
OK552964.1	expanded_retrieval	2	2b	a30bfc531725e999	37dd47bd3d7bd690	development	True
OK552967.1	expanded_retrieval	2	2b	09a44c9d8c0c5260	37dd47bd3d7bd690	development	True
OK552969.1	expanded_retrieval	2	2b	b8cce920abfee665	37dd47bd3d7bd690	development	True
OK552972.1	expanded_retrieval	2	2b	b8cce920abfee665	37dd47bd3d7bd690	development	True
OK552973.1	expanded_retrieval	2	2b	e46b5934cd805ab5	37dd47bd3d7bd690	development	True
OK552976.1	expanded_retrieval	2	2b	b8cce920abfee665	37dd47bd3d7bd690	development	True
OK552978.1	expanded_retrieval	2	2b	b8cce920abfee665	37dd47bd3d7bd690	development	True
OK552979.1	expanded_retrieval	2	2b	9229a2163fded565	37dd47bd3d7bd690	development	True
OK552980.1	expanded_retrieval	2	2b	e9b37fd73c0ca408	37dd47bd3d7bd690	development	True
OK552982.1	expanded_retrieval	2	2b	cf41a885412b5961	37dd47bd3d7bd690	development	True
OK552983.1	expanded_retrieval	2	2b	b8cce920abfee665	37dd47bd3d7bd690	development	True
OK552986.1	expanded_retrieval	2	2b	b8cce920abfee665	37dd47bd3d7bd690	development	True
OK552987.1	expanded_retrieval	2	2b	b8cce920abfee665	37dd47bd3d7bd690	development	True
OK552989.1	expanded_retrieval	2	2b	b8cce920abfee665	37dd47bd3d7bd690	development	True
OK552990.1	expanded_retrieval	2	2b	b8cce920abfee665	37dd47bd3d7bd690	development	True
OK552993.1	expanded_retrieval	2	2b	b8cce920abfee665	37dd47bd3d7bd690	development	True
OK552994.1	archived_retrieval	2	2b	b8cce920abfee665	37dd47bd3d7bd690	development	True
OK552995.1	archived_retrieval	2	2b	d8a9d8330b763664	37dd47bd3d7bd690	development	True
OK552996.1	archived_retrieval	2	2b	b8cce920abfee665	37dd47bd3d7bd690	development	True
OM525878.1	archived_retrieval	2	2	2a7e2b81dee3c6c0	37dd47bd3d7bd690	development	True
OM525880.1	archived_retrieval	2	2	d420b3f9443309b4	37dd47bd3d7bd690	development	True
OM525899.1	archived_retrieval	2	2	118650cbdf662435	37dd47bd3d7bd690	development	True
OM525901.1	archived_retrieval	2	2	ba811a6fbbefd381	37dd47bd3d7bd690	development	True
OP022902.1	expanded_retrieval	2	2a	6be63a4d4e565be3	37dd47bd3d7bd690	development	True
OP022904.1	archived_retrieval	2	2b	6cf47c053500e3c2	37dd47bd3d7bd690	development	True
OP022909.1	expanded_retrieval	2	2a	fe4eeac9ee577efb	37dd47bd3d7bd690	development	True
OP022910.1	expanded_retrieval	2	2a	f5c671b46cf7418e	37dd47bd3d7bd690	development	True
OP022911.1	expanded_retrieval	2	2a	95aae1543e8c99e1	37dd47bd3d7bd690	development	True
OP022913.1	archived_retrieval	2	2b	df0a36725a9d89a6	37dd47bd3d7bd690	development	True
OP022917.1	archived_retrieval	2	2a	da5197a6085aa413	37dd47bd3d7bd690	development	True
OP022918.1	archived_retrieval	2	2b	7414ea8d2d90ef5b	37dd47bd3d7bd690	development	True
OP022920.1	archived_retrieval	2	2a	b0a874786417cfb2	37dd47bd3d7bd690	development	True
OP022921.1	archived_retrieval	2	2a	96a654340d361ddb	37dd47bd3d7bd690	development	True
OR497874.1	expanded_retrieval	4	4a	12464f2dbf080df7	37dd47bd3d7bd690	development	True
OR498028.1	expanded_retrieval	1	1b	c5834068b3e86118	37dd47bd3d7bd690	development	True
OR498031.1	expanded_retrieval	1	1b	3389b8fc51142fbc	37dd47bd3d7bd690	development	True
OR498034.1	expanded_retrieval	1	1b	acec6f4dc69d6684	37dd47bd3d7bd690	development	True
OR498036.1	expanded_retrieval	1	1b	61e7cf6791734345	37dd47bd3d7bd690	development	True
OR498037.1	expanded_retrieval	1	1b	c9d86e41541a11ef	37dd47bd3d7bd690	development	True
OR498041.1	expanded_retrieval	1	1b	87db21647f00188f	37dd47bd3d7bd690	development	True
OR498042.1	expanded_retrieval	1	1b	d7074ef165b7ad59	37dd47bd3d7bd690	development	True
OR498045.1	expanded_retrieval	1	1b	fc3e0425695c2bbf	37dd47bd3d7bd690	development	True
OR498046.1	expanded_retrieval	1	1b	f3a09706eddb3d78	37dd47bd3d7bd690	development	True
OR498047.1	expanded_retrieval	1	1b	3636cb8aa89200d1	37dd47bd3d7bd690	development	True
OR498050.1	expanded_retrieval	1	1b	868be7226dbd932f	37dd47bd3d7bd690	development	True
OR498055.1	expanded_retrieval	1	1b	c272f4982c05cc91	37dd47bd3d7bd690	development	True
OR498056.1	expanded_retrieval	1	1b	684d8c2c7b706063	37dd47bd3d7bd690	development	True
OR498057.1	expanded_retrieval	1	1b	09bb7ca346888326	37dd47bd3d7bd690	development	True
OR498060.1	expanded_retrieval	1	1b	5b8c2c1187af26ad	37dd47bd3d7bd690	development	True
OR498064.1	expanded_retrieval	1	1b	bd427306fcd08d0c	37dd47bd3d7bd690	development	True
OR498067.1	expanded_retrieval	1	1b	ce997952bf953eed	37dd47bd3d7bd690	development	True
PP372686.1	archived_retrieval	2	2a	4f45b76183f9f47e	37dd47bd3d7bd690	development	True
PQ660824.1	archived_retrieval	1	1a	0ca8a4587ce4b86b	37dd47bd3d7bd690	development	True
PQ660825.1	archived_retrieval	1	1a	d7cbf60e6e7e3bb6	37dd47bd3d7bd690	development	True
PQ660827.1	archived_retrieval	1	1a	4eda0903019a3a5e	37dd47bd3d7bd690	development	True
PQ660828.1	archived_retrieval	1	1a	92300f1459bea503	37dd47bd3d7bd690	development	True
PQ660829.1	archived_retrieval	1	1a	1d902bca99e554fa	37dd47bd3d7bd690	development	True
PQ660831.1	archived_retrieval	1	1a	494cb731344cfe04	37dd47bd3d7bd690	development	True
PQ660832.1	archived_retrieval	1	1a	8cadabfb04ab8b4c	37dd47bd3d7bd690	development	True
PQ660833.1	archived_retrieval	1	1a	0c47e7698091e994	37dd47bd3d7bd690	development	True
PQ660834.1	archived_retrieval	1	1a	dc733fcde070adc1	37dd47bd3d7bd690	development	True
PQ660835.1	archived_retrieval	1	1a	da5f7aeb37663ef3	37dd47bd3d7bd690	development	True
PQ660836.1	archived_retrieval	1	1a	5a1f5d9be09500f3	37dd47bd3d7bd690	development	True
PQ660837.1	archived_retrieval	4	4a	b9fd1bb469cb0e24	37dd47bd3d7bd690	development	True
PQ660839.1	archived_retrieval	4	4a	beb0258895860657	37dd47bd3d7bd690	development	True
PQ660840.1	archived_retrieval	4	4a	2ef6ccaef86c5473	37dd47bd3d7bd690	development	True
PQ660842.1	archived_retrieval	1	1a	393f746e594a6839	37dd47bd3d7bd690	development	True
PQ660843.1	archived_retrieval	1	1a	0b0fcd72212612b8	37dd47bd3d7bd690	development	True
PQ660844.1	archived_retrieval	1	1a	c3f6c0ad9cfb7763	37dd47bd3d7bd690	development	True
PQ660845.1	archived_retrieval	1	1a	da5f7aeb37663ef3	37dd47bd3d7bd690	development	True
PQ660847.1	archived_retrieval	4	4a	1eee6a5f584e9e1f	37dd47bd3d7bd690	development	True
PQ660848.1	archived_retrieval	4	4a	0f6e3cff4b16ff5e	37dd47bd3d7bd690	development	True
PQ660849.1	archived_retrieval	1	1a	76a49f223877d3e7	37dd47bd3d7bd690	development	True
PQ660850.1	archived_retrieval	1	1a	ae79cb0107f23cc1	37dd47bd3d7bd690	development	True
PQ660851.1	archived_retrieval	1	1a	0bcb4f7eb1c3d310	37dd47bd3d7bd690	development	True
PQ660852.1	archived_retrieval	4	4a	f8eb3275641f8988	37dd47bd3d7bd690	development	True
PQ660853.1	archived_retrieval	1	1a	aed0ebc6fe7ffb2e	37dd47bd3d7bd690	development	True
PQ660854.1	archived_retrieval	1	1a	e4e9ac25de0b431a	37dd47bd3d7bd690	development	True
PQ660855.1	archived_retrieval	1	1a	d5875a10165f10c6	37dd47bd3d7bd690	development	True
PQ660856.1	archived_retrieval	4	4a	3084fe3a092bdaf5	37dd47bd3d7bd690	development	True
PQ660857.1	archived_retrieval	4	4a	832a8a53ce0186ed	37dd47bd3d7bd690	development	True
PX386717.1	expanded_retrieval	3	3a	b6b71208efa43d7d	37dd47bd3d7bd690	development	True
PX386719.1	expanded_retrieval	3	3a	f16b45ea12e9c8ab	37dd47bd3d7bd690	development	True
PX386723.1	expanded_retrieval	3	3a	ff183a9ebcdefe0d	37dd47bd3d7bd690	development	True
PX386725.1	expanded_retrieval	1	1b	55498b227083a2b5	37dd47bd3d7bd690	development	True
PX386727.1	expanded_retrieval	3	3a	b21536b895ec6da8	37dd47bd3d7bd690	development	True
PX386728.1	archived_retrieval	2	2b	535f5f2485d26185	37dd47bd3d7bd690	development	True
PX386730.1	expanded_retrieval	3	3a	0429044d181cfa02	37dd47bd3d7bd690	development	True
PX386731.1	expanded_retrieval	1	1b	46b1137c67537360	37dd47bd3d7bd690	development	True
PX386733.1	expanded_retrieval	3	3a	3b7f0995f623c4e6	37dd47bd3d7bd690	development	True
PX386738.1	expanded_retrieval	3	3a	723a396c50249688	37dd47bd3d7bd690	development	True
PX386741.1	expanded_retrieval	3	3a	e30816f584206ea5	37dd47bd3d7bd690	development	True
PX386743.1	expanded_retrieval	1	1b	1f8efe45698447d4	37dd47bd3d7bd690	development	True
PX386744.1	expanded_retrieval	3	3a	b2bb3ec5aa3e835c	37dd47bd3d7bd690	development	True
PX386746.1	expanded_retrieval	1	1b	b384d27a76d59b5b	37dd47bd3d7bd690	development	True
PX386750.1	expanded_retrieval	3	3a	0d6cad4e24e18833	37dd47bd3d7bd690	development	True
PX386752.1	expanded_retrieval	3	3a	0e8afe94635de46d	37dd47bd3d7bd690	development	True
PX386753.1	expanded_retrieval	3	3a	16637330635f6956	37dd47bd3d7bd690	development	True
PX386755.1	archived_retrieval	2	2b	5a86788af92c32e1	37dd47bd3d7bd690	development	True
PX386759.1	expanded_retrieval	3	3a	defe86d9f3a7f6f0	37dd47bd3d7bd690	development	True
PX386760.1	expanded_retrieval	3	3a	3f545670ce9eb39d	37dd47bd3d7bd690	development	True
PX386770.1	expanded_retrieval	1	1a	8ff1caeba39631c8	37dd47bd3d7bd690	development	True
PX386771.1	expanded_retrieval	3	3a	ec7d73f8a986e413	37dd47bd3d7bd690	development	True
PX386776.1	expanded_retrieval	3	3a	b25b681d3905b01b	37dd47bd3d7bd690	development	True
PX386781.1	expanded_retrieval	3	3a	d53b02e5f1ca228c	37dd47bd3d7bd690	development	True
PX386782.1	expanded_retrieval	1	1a	96029b4b096df678	37dd47bd3d7bd690	development	True
PX386785.1	expanded_retrieval	1	1b	12af17e543a2710d	37dd47bd3d7bd690	development	True
PX386794.1	expanded_retrieval	1	1a	7fed92423a7c1405	37dd47bd3d7bd690	development	True
PX386797.1	expanded_retrieval	3	3a	1333ece180f83acb	37dd47bd3d7bd690	development	True
PX386798.1	expanded_retrieval	1	1a	65d077c86b266407	37dd47bd3d7bd690	development	True
PX386801.1	archived_retrieval	2	2b	7db5cb332938408d	37dd47bd3d7bd690	development	True
PX386806.1	expanded_retrieval	1	1a	62c862c48a0b3529	37dd47bd3d7bd690	development	True
PX386808.1	expanded_retrieval	3	3a	9b573ad47f1bb54b	37dd47bd3d7bd690	development	True
PX386809.1	expanded_retrieval	3	3a	3813bc300d2975b1	37dd47bd3d7bd690	development	True
PX386814.1	expanded_retrieval	1	1a	d4e09d8b0f66a393	37dd47bd3d7bd690	development	True
PX386815.1	expanded_retrieval	1	1b	62add883a173cc30	37dd47bd3d7bd690	development	True
PX386816.1	expanded_retrieval	1	1a	941320a4fe6c5dc5	37dd47bd3d7bd690	development	True
PX386820.1	expanded_retrieval	3	3a	90ed89df1773b8f6	37dd47bd3d7bd690	development	True
PX386821.1	expanded_retrieval	3	3a	f7ca46a0a1a5170c	37dd47bd3d7bd690	development	True
PX386829.1	expanded_retrieval	1	1a	5377fbcfc4d996f5	37dd47bd3d7bd690	development	True
PX386831.1	expanded_retrieval	3	3a	1893262892a82918	37dd47bd3d7bd690	development	True
PX386832.1	expanded_retrieval	3	3a	0cd2b4c10884d74a	37dd47bd3d7bd690	development	True
PX386834.1	expanded_retrieval	3	3a	1e0240dc0d6d6270	37dd47bd3d7bd690	development	True
PX386835.1	expanded_retrieval	3	3a	c02849a486bf55df	37dd47bd3d7bd690	development	True
PX386837.1	expanded_retrieval	3	3a	996c2ad8e9715f3f	37dd47bd3d7bd690	development	True
PX386841.1	expanded_retrieval	1	1a	f8537ab3454ca69b	37dd47bd3d7bd690	development	True
PX386842.1	expanded_retrieval	3	3a	654ff280f0e70d2b	37dd47bd3d7bd690	development	True
PX386843.1	expanded_retrieval	3	3a	dac26b885546244e	37dd47bd3d7bd690	development	True
PX386844.1	expanded_retrieval	3	3a	8ab5dc8dde258e03	37dd47bd3d7bd690	development	True
PX386847.1	expanded_retrieval	3	3a	8942595118f974f5	37dd47bd3d7bd690	development	True
PX386850.1	expanded_retrieval	3	3a	91d08902f24d1ac0	37dd47bd3d7bd690	development	True
PX386852.1	expanded_retrieval	1	1a	08ee3249b3a823fd	37dd47bd3d7bd690	development	True
PX386857.1	expanded_retrieval	1	1b	ad818973ff8c55d6	37dd47bd3d7bd690	development	True
PX386860.1	expanded_retrieval	3	3a	c7925974fa4c02df	37dd47bd3d7bd690	development	True
PX386862.1	expanded_retrieval	3	3a	c861c1eaf4bdcbd3	37dd47bd3d7bd690	development	True
PX386863.1	expanded_retrieval	3	3a	bc8f3eb3384ae383	37dd47bd3d7bd690	development	True
PX386865.1	expanded_retrieval	3	3a	8653bb2611443c8b	37dd47bd3d7bd690	development	True
PX386870.1	expanded_retrieval	1	1a	bcac294679a21361	37dd47bd3d7bd690	development	True
PX386872.1	expanded_retrieval	3	3a	3a5af59a8d877753	37dd47bd3d7bd690	development	True
PX386879.1	expanded_retrieval	1	1a	1a69c7c2205e7bad	37dd47bd3d7bd690	development	True
PX386880.1	expanded_retrieval	3	3a	7648e74456d62fa5	37dd47bd3d7bd690	development	True
PX386883.1	expanded_retrieval	3	3a	60ae061d73790895	37dd47bd3d7bd690	development	True
PX386884.1	expanded_retrieval	3	3a	b9b7a8816d1d6cec	37dd47bd3d7bd690	development	True
PX386887.1	expanded_retrieval	3	3a	bfeb541276eefc4b	37dd47bd3d7bd690	development	True
PX386888.1	expanded_retrieval	3	3a	cdcf30456ede813f	37dd47bd3d7bd690	development	True
PX386893.1	expanded_retrieval	3	3a	5c5551f0ce2de54d	37dd47bd3d7bd690	development	True
PX386894.1	expanded_retrieval	1	1a	05ea3231be30e871	37dd47bd3d7bd690	development	True
PX386895.1	expanded_retrieval	1	1a	c354f19810a24b59	37dd47bd3d7bd690	development	True
PX386896.1	archived_retrieval	3	3a	5af6702399b2f612	37dd47bd3d7bd690	development	True
PX386898.1	expanded_retrieval	1	1a	bdf60ec685d20572	37dd47bd3d7bd690	development	True
PX386899.1	archived_retrieval	3	3a	55e1b44ba6c912f7	37dd47bd3d7bd690	development	True
PX386901.1	archived_retrieval	3	3a	8975ccc51d2ab1fb	37dd47bd3d7bd690	development	True
PX386902.1	archived_retrieval	3	3a	461833b659fa06b7	37dd47bd3d7bd690	development	True
PX386905.1	archived_retrieval	3	3a	394c3a6ba50bfeda	37dd47bd3d7bd690	development	True
PX386910.1	archived_retrieval	3	3a	e4b6c98f1d3ccebc	37dd47bd3d7bd690	development	True
PX386916.1	archived_retrieval	3	3a	c3e8b6613e338576	37dd47bd3d7bd690	development	True
PX386918.1	archived_retrieval	3	3a	ecc744e302629a6e	37dd47bd3d7bd690	development	True
PX386919.1	archived_retrieval	3	3a	536b6b5263c4a01f	37dd47bd3d7bd690	development	True
PX386920.1	archived_retrieval	3	3a	4de49c2b4fecbe5e	37dd47bd3d7bd690	development	True
PX386921.1	archived_retrieval	3	3a	73ee818080e44cdf	37dd47bd3d7bd690	development	True
PX386924.1	expanded_retrieval	1	1a	8c44362fd62b6d7f	37dd47bd3d7bd690	development	True
PX386931.1	expanded_retrieval	1	1a	1cc25259819f4371	37dd47bd3d7bd690	development	True
PX386933.1	archived_retrieval	3	3a	902ed120538482fe	37dd47bd3d7bd690	development	True
PX386937.1	expanded_retrieval	1	1b	ffa5bbd668bf69f1	37dd47bd3d7bd690	development	True
PX386938.1	expanded_retrieval	1	1a	eb80c225ed72600d	37dd47bd3d7bd690	development	True
PX386950.1	archived_retrieval	3	3a	ed184fa58c0757f5	37dd47bd3d7bd690	development	True
PX386952.1	archived_retrieval	1	1a	28b2bb7046ac76f9	37dd47bd3d7bd690	development	True
PX386956.1	archived_retrieval	2	2b	ef7620894f7319b8	37dd47bd3d7bd690	development	True
PX386957.1	archived_retrieval	3	3a	36f67cbdfc9413b4	37dd47bd3d7bd690	development	True
PX386959.1	archived_retrieval	3	3a	b9faf72c570a94e9	37dd47bd3d7bd690	development	True
PX386969.1	archived_retrieval	6	6a	fe4487ca96da2c51	37dd47bd3d7bd690	development	True
PX386978.1	archived_retrieval	6	6a	29c03f7754ff55ff	37dd47bd3d7bd690	development	True
PX386989.1	archived_retrieval	2	2b	b3d632917bf3bbab	37dd47bd3d7bd690	development	True
PX387001.1	archived_retrieval	5	5a	2c79b56c35d8d142	37dd47bd3d7bd690	development	True
PX387003.1	archived_retrieval	1	1a	3e9c44f753480d68	37dd47bd3d7bd690	development	True
PX387006.1	expanded_retrieval	1	1b	404fe3905a2f347d	37dd47bd3d7bd690	development	True
PX387009.1	archived_retrieval	1	1a	3bb06559e4cb88fb	37dd47bd3d7bd690	development	True
PX387011.1	archived_retrieval	1	1a	f768dafe3f5e5cb9	37dd47bd3d7bd690	development	True
PX387017.1	archived_retrieval	3	3a	608fcf0c7aeb8086	37dd47bd3d7bd690	development	True
PX387018.1	archived_retrieval	1	1a	4088c2a7d0888900	37dd47bd3d7bd690	development	True
PX387028.1	archived_retrieval	1	1a	1925e67f061f712d	37dd47bd3d7bd690	development	True
PX387031.1	archived_retrieval	3	3a	0ca6d93091213310	37dd47bd3d7bd690	development	True
PX387036.1	expanded_retrieval	1	1b	0fbe4e6df3d7b721	37dd47bd3d7bd690	development	True
PZ098530.1	expanded_retrieval	unknown	unknown	e8fa1d5637dccea2	37dd47bd3d7bd690	development	True
PZ098531.1	expanded_retrieval	unknown	unknown	a1f8c4000253cc95	37dd47bd3d7bd690	development	True
PZ098532.1	expanded_retrieval	unknown	unknown	731604066ac7dd9b	37dd47bd3d7bd690	development	True
PZ098533.1	expanded_retrieval	unknown	unknown	989650cec950a4a4	37dd47bd3d7bd690	development	True
PZ098534.1	expanded_retrieval	unknown	unknown	d53f47283cb2305e	37dd47bd3d7bd690	development	True
PZ098535.1	expanded_retrieval	unknown	unknown	b36a486c36f4b752	37dd47bd3d7bd690	development	True
PZ098536.1	expanded_retrieval	unknown	unknown	d220ae9488a92c5d	37dd47bd3d7bd690	development	True
PZ098537.1	expanded_retrieval	unknown	unknown	4e1e10617d394224	37dd47bd3d7bd690	development	True
PZ098538.1	expanded_retrieval	unknown	unknown	4fa5d6f9bbb131e1	37dd47bd3d7bd690	development	True
PZ098539.1	archived_retrieval	unknown	unknown	74e9e1876b6e83bd	37dd47bd3d7bd690	development	True
PZ098540.1	archived_retrieval	unknown	unknown	7c31044cc51b4c68	37dd47bd3d7bd690	development	True
PZ098541.1	archived_retrieval	unknown	unknown	490a68e6c096f45d	37dd47bd3d7bd690	development	True
PZ098542.1	archived_retrieval	unknown	unknown	1b5ce2041095c02f	37dd47bd3d7bd690	development	True
PZ098543.1	archived_retrieval	unknown	unknown	4cf7238d907180c4	37dd47bd3d7bd690	development	True
PZ098544.1	archived_retrieval	unknown	unknown	b47cec00b218da2c	37dd47bd3d7bd690	development	True
PZ746446.1	archived_retrieval	2	2a	33208972ec3085f6	37dd47bd3d7bd690	development	True
PZ746448.1	archived_retrieval	6	6a	9a0c452797df60a8	37dd47bd3d7bd690	development	True
PZ746449.1	archived_retrieval	6	6a	9a0c452797df60a8	37dd47bd3d7bd690	development	True
PZ746450.1	archived_retrieval	1	1a	bfb0dbf8287e3981	37dd47bd3d7bd690	development	True
PZ746451.1	archived_retrieval	1	1b	735136c42629e037	37dd47bd3d7bd690	development	True
PZ746452.1	archived_retrieval	3	3a	e0de490428e9f21c	37dd47bd3d7bd690	development	True
PZ746454.1	archived_retrieval	1	1b	619c8bd6d6ba99bc	37dd47bd3d7bd690	development	True
PZ746457.1	archived_retrieval	1	1b	a5a40d39f7143e6f	37dd47bd3d7bd690	development	True
PZ746458.1	archived_retrieval	1	1b	e778cda91861f0e4	37dd47bd3d7bd690	development	True
PZ746468.1	archived_retrieval	1	1b	25e67a020cc222b4	37dd47bd3d7bd690	development	True
PZ746469.1	archived_retrieval	1	1b	673d66ec2ce1b215	37dd47bd3d7bd690	development	True
PZ746470.1	archived_retrieval	1	1b	a1202559f0a22095	37dd47bd3d7bd690	development	True
PZ746471.1	archived_retrieval	2	2a	036aa8291b8532a3	37dd47bd3d7bd690	development	True
PZ746472.1	archived_retrieval	1	1b	50d0a209eb2087c1	37dd47bd3d7bd690	development	True
PZ746473.1	archived_retrieval	1	1b	6eb8040b4e05aaab	37dd47bd3d7bd690	development	True
PZ746474.1	archived_retrieval	6	6a	47571238e1616569	37dd47bd3d7bd690	development	True
PZ746475.1	archived_retrieval	1	1b	f5737adf40709658	37dd47bd3d7bd690	development	True
PZ746476.1	archived_retrieval	1	1b	03a93474874206b6	37dd47bd3d7bd690	development	True
PZ746477.1	archived_retrieval	1	1b	508858a5631381d2	37dd47bd3d7bd690	development	True
PZ746479.1	archived_retrieval	6	6a	1824a7c7f16b9d05	37dd47bd3d7bd690	development	True
PZ746480.1	archived_retrieval	1	1b	cb283c4b92493f21	37dd47bd3d7bd690	development	True
PZ746482.1	archived_retrieval	1	1b	613141fc4b290a3d	37dd47bd3d7bd690	development	True
PZ746483.1	archived_retrieval	1	1b	febcae49e804c839	37dd47bd3d7bd690	development	True
PZ746484.1	archived_retrieval	2	2a	ef4ddf60a5ca7f64	37dd47bd3d7bd690	development	True
PZ746485.1	archived_retrieval	6	6a	b81d8a2ace5ea7ab	37dd47bd3d7bd690	development	True
PZ746486.1	archived_retrieval	1	1b	9d2d5b9832f62983	37dd47bd3d7bd690	development	True
PZ746487.1	archived_retrieval	1	1b	9da8ef44cc7dc114	37dd47bd3d7bd690	development	True
PZ746488.1	archived_retrieval	1	1b	0b8bae4e681c7b1d	37dd47bd3d7bd690	development	True
PZ746489.1	archived_retrieval	1	1b	f0817e8b4d4a676a	37dd47bd3d7bd690	development	True
PZ746490.1	archived_retrieval	1	1b	f581f205df9de6f3	37dd47bd3d7bd690	development	True
PZ746495.1	archived_retrieval	6	6a	efb8597c07c2c35f	37dd47bd3d7bd690	development	True
PZ746496.1	archived_retrieval	2	2a	95b853dc890bff4e	37dd47bd3d7bd690	development	True
PZ746497.1	archived_retrieval	6	6a	cc07e3a167f5eaba	37dd47bd3d7bd690	development	True
PZ746498.1	archived_retrieval	1	1b	ec0b13c7debb042b	37dd47bd3d7bd690	development	True
PZ746499.1	archived_retrieval	1	1b	ec0b13c7debb042b	37dd47bd3d7bd690	development	True
PZ746500.1	archived_retrieval	3	3a	32cece5e77653b65	37dd47bd3d7bd690	development	True
PZ746501.1	archived_retrieval	2	2a	1c6cec272ed8b78a	37dd47bd3d7bd690	development	True
PZ746503.1	archived_retrieval	2	2a	cd326d467c941c69	37dd47bd3d7bd690	development	True
PZ746504.1	archived_retrieval	2	2a	f24d502a23883dbc	37dd47bd3d7bd690	development	True
PZ746507.1	archived_retrieval	1	1b	09e6a66b6d7b481e	37dd47bd3d7bd690	development	True
PZ746508.1	archived_retrieval	6	6a	a9c5c15e808cfa53	37dd47bd3d7bd690	development	True
PZ746509.1	archived_retrieval	2	2a	1e56a8cad384e5f1	37dd47bd3d7bd690	development	True
PZ746510.1	archived_retrieval	1	1b	b948a34f109757bc	37dd47bd3d7bd690	development	True
PZ746511.1	archived_retrieval	6	6a	8fc59fc88d1dd314	37dd47bd3d7bd690	development	True
PZ746513.1	archived_retrieval	3	3a	e7f12bfc35a56c55	37dd47bd3d7bd690	development	True
PZ746516.1	archived_retrieval	2	2a	d71bbaafaced0c7c	37dd47bd3d7bd690	development	True
PZ746517.1	archived_retrieval	6	6a	e2754815003ef486	37dd47bd3d7bd690	development	True
PZ746518.1	archived_retrieval	1	1b	c7c97937fa37651e	37dd47bd3d7bd690	development	True
PZ746520.1	archived_retrieval	6	6a	75aa4c5f770eaaed	37dd47bd3d7bd690	development	True
PZ746521.1	archived_retrieval	1	1b	6616f5e2a4473d0a	37dd47bd3d7bd690	development	True
PZ746522.1	archived_retrieval	1	1b	7b25a5a61c9fd9af	37dd47bd3d7bd690	development	True
PZ746523.1	archived_retrieval	1	1a	4c8bb3ed3c5e4a7f	37dd47bd3d7bd690	development	True
PZ746524.1	archived_retrieval	6	6a	4f506229f69d786f	37dd47bd3d7bd690	development	True
PZ746525.1	archived_retrieval	6	6a	c35f5487a9022bb9	37dd47bd3d7bd690	development	True
PZ746526.1	archived_retrieval	6	6a	c88469507f67a4c6	37dd47bd3d7bd690	development	True
PZ746527.1	archived_retrieval	2	2a	314463d17b47fd0d	37dd47bd3d7bd690	development	True
PZ746528.1	archived_retrieval	6	6a	f91e8368ea2fa834	37dd47bd3d7bd690	development	True
PZ746529.1	archived_retrieval	1	1b	e243c8cc85a4b12c	37dd47bd3d7bd690	development	True
PZ746531.1	archived_retrieval	6	6a	f7ac547d37da8e01	37dd47bd3d7bd690	development	True
PZ746532.1	archived_retrieval	6	6a	f07ee1219858b85a	37dd47bd3d7bd690	development	True
PZ746534.1	archived_retrieval	1	1b	efa1260904b16140	37dd47bd3d7bd690	development	True
PZ746536.1	archived_retrieval	1	1b	83b71db6e0164574	37dd47bd3d7bd690	development	True
PX387024.1	archived_retrieval	1	1a	4ff57aadfc1b2146	0171867bda2e514b	development	True
PX386826.1	archived_retrieval	2	2b	d9dfa1fba9e82e11	e7774cd16514b827	development	True
LC435021.1	expanded_retrieval	6	6a	14a214fa0344d35c	46212cc7809d58cb	development	False
MZ161149.1	archived_retrieval	6	6a	7ea105bcf790f239	55506b955efc7358	development	True
PZ746478.1	archived_retrieval	6	6a	af5821e092f42c7c	62b35f9a2705fc9a	development	True
AB047642.1	archived_retrieval	2	2a	0f0239f29c6a589f	2dd0404622aa8427	development	True
KJ678772.1	expanded_retrieval	6	6a	353aa6a216ba656f	9a703a9c38f753b5	development	False
PX386875.1	expanded_retrieval	1	1a	9e04eb1d142c618b	493f9b4facb37721	development	False
PX386833.1	expanded_retrieval	1	1a	0689e88d7715203e	4f033de7dc9972ee	development	False
KJ678781.1	expanded_retrieval	6	6a	d8bc34baa386d3b8	d99fbfaa637c1ea8	future_reserve	False
OP022908.1	expanded_retrieval	2	2a	f4d9cce5cc52e3ad	d99fbfaa637c1ea8	future_reserve	False
PQ660830.1	archived_retrieval	4	4a	c3180f0cd0ae98ad	37ee04cf1ef065b7	development	True
PQ660859.1	archived_retrieval	4	4a	becf4f20a54f2e14	37ee04cf1ef065b7	development	True
PZ746481.1	archived_retrieval	2	2a	c8fc56f0a49166d6	2ce9501e7d65b5c5	development	True
PX386788.1	expanded_retrieval	1	1a	43828d697c37624f	8706106685c221c3	development	False
PX387010.1	archived_retrieval	1	1a	f8965f14a88de2f5	add571d7773dca13	development	True
PX386775.1	expanded_retrieval	1	1a	e36ca38f5e4c91d6	6f91c4a88a518ce1	future_reserve	False
PX386958.1	archived_retrieval	1	1a	2381ce75d54d063d	320b6dd53a140a60	development	True
LC368356.1	expanded_retrieval	4	4a	f35c05f01704541d	55c2af62ea08f2b4	future_reserve	False
PZ746492.1	archived_retrieval	2	2a	b1c4263f1a4d4192	f97b4af253966d36	development	True
PZ746493.1	archived_retrieval	2	2a	b1c4263f1a4d4192	f97b4af253966d36	development	True
DQ988074.1	expanded_retrieval	4	4a	a4163e040ba1c350	ab853a26725ccf4f	development	False
OR498059.1	expanded_retrieval	1	1b	1100f0d8b6105c41	cf282de561483566	development	False
AB047640.1	archived_retrieval	2	2a	0f47534dd2d9774b	37926fff34cd75e3	development	True
MH940291.1	expanded_retrieval	7	7	f7ab40457d2506d3	432a43a096e9a6db	development	False
PX386925.1	archived_retrieval	3	3a	b0b6c2f4f9b548ea	162a84017f8ac090	development	True
KC767834.1	archived_retrieval	5	5a	2d1ef486eddd829c	1fddebe43917d339	development	True
KC767829.1	archived_retrieval	5	5a	97ef1e3845df5ff3	3d704e6f823cbf98	development	True
MW629119.1	expanded_retrieval	2	2a	94a618cab78b093e	29b4d0878707b97e	development	False
AB047644.1	archived_retrieval	2	2a	4cde7bcf791bce18	5d809e937235b5b8	development	True
JF343787.2	expanded_retrieval	6	6a	9dec7e8374a91eff	46a29bc1aacd3c4d	development	False
MG717928.1	expanded_retrieval	6	6a	8870871d30b3c42f	46a29bc1aacd3c4d	development	False
MG717929.1	expanded_retrieval	6	6a	8870871d30b3c42f	46a29bc1aacd3c4d	development	False
MG717930.1	expanded_retrieval	6	6a	9dec7e8374a91eff	46a29bc1aacd3c4d	development	False
AB047645.1	archived_retrieval	2	2a	ac343de08d5fe66c	9950ec5378491080	development	True
OR498058.1	expanded_retrieval	1	1b	69be2ce6a4821372	f232b46c41d57334	development	False
KJ925147.1	archived_retrieval	5	5a	341fd1fb3d934bab	885fea8e6b128173	development	True
PX386742.1	expanded_retrieval	3	3a	2a098a96dbe3742e	0d832ae33c900eb3	development	True
KC767830.1	archived_retrieval	5	5a	10a3e0db914e99f9	135666d2f605bdb1	development	True
OP022905.1	expanded_retrieval	2	2a	dfa1510958a2a61a	c2be9ab3b33385c7	future_reserve	False
OP022916.1	archived_retrieval	2	2b	4eea45b16c4eeb49	c580e9aa781d079b	development	True
JF735133.1	expanded_retrieval	4	4q	acea21c496af28c5	5afae1a066874107	development	False
PQ660846.1	archived_retrieval	1	1a	3b79c0d00172b143	6c649e9c878e70c9	development	True
PQ660858.1	archived_retrieval	1	1a	08bdfeee15384a7d	6c649e9c878e70c9	development	True
PQ660826.1	archived_retrieval	1	1a	3d0c607bda599a61	95d9fa4f686a0bf3	development	True
PQ660838.1	archived_retrieval	1	1a	efb7e511493b8046	4bc627dd1aded648	development	True
PX386779.1	expanded_retrieval	1	1a	e979abb87a9ba7dd	f59b3dee8e36555f	future_reserve	False
JF735128.1	expanded_retrieval	4	4q	162e911761505f62	8865542e4624be9c	development	False
PZ746494.1	archived_retrieval	1	1b	9c24f38cc90994a7	2923ab642959bca4	development	True
PX386906.1	expanded_retrieval	1	1a	bbc23219e0f03517	86f9597396f75e5f	development	False
PQ660841.1	archived_retrieval	1	1a	bea6611958f1f480	175bb781c44c64ff	development	True
PX386932.1	expanded_retrieval	1	1a	651bf7afae01345f	29a3933ffdd6c614	development	False
PQ660823.1	archived_retrieval	1	1a	e7969f42143da0fb	3769f7d473a605e9	development	True
DQ418789.1	expanded_retrieval	4	4a	667f9ebd1c7ea385	5600f5d61a9668c9	development	False
JF735129.1	expanded_retrieval	4	4	25698599411b06cb	67d71b0847021728	development	False
NC_009826.1	archived_retrieval	5	5	fac7005f045e6ded	411dfd16bdb0f32f	development	True
Y13184.1	expanded_retrieval	5	5a	fac7005f045e6ded	411dfd16bdb0f32f	development	True
PX386848.1	expanded_retrieval	3	3a	a1be7f8390b601fe	51168ee2871bdb22	development	False
KX172138.1	expanded_retrieval	7	7	56e42ee9b8acb3af	d014d08298ca2d9e	development	False
PZ746530.1	archived_retrieval	1	1b	cf52221d4787eeeb	35256af3c5bbb8e8	development	True
PX386990.1	archived_retrieval	2	2b	0499e7ee8fc7aa0d	ce81ec009629ed2f	development	True
JF735131.1	expanded_retrieval	4	4	c9410b196eab6921	3d5a755ca4074a0b	development	False
KC967476.1	expanded_retrieval	2	2a	0ca9d37a6615347f	3d18fd593769e5a1	development	False
MN712203.1	expanded_retrieval	2	2a	0ca9d37a6615347f	3d18fd593769e5a1	development	False
