source_id	citation	doi_or_pmid	cd81_construct	assay_type	hcv_e2_or_virus_strain	mutation	wild_type_residue	position_full_length_cd81	position_structure	measurement	measurement_units	reported_direction	normalized_direction	replicate_information	notes	included	exclusion_reason	primary_source	evidence_anchor
higginbottom2000	Higginbottom et al. J Virol 2000	10.1128/JVI.74.8.3642-3649.2000	GST human CD81 LEL	soluble E2 binding EIA	E2_661; strain reported in source methods	T163A	T	163	163	greater E2 signal	qualitative unless explicitly stated	enhanced	enhanced	Fig 4/5: see source; no numeric replicate count inferred	Figures 4-5; thiocyanate index is not KD	true		https://pmc.ncbi.nlm.nih.gov/articles/PMC111874/	Figures 4-5; thiocyanate index is not KD
higginbottom2000	Higginbottom et al. J Virol 2000	10.1128/JVI.74.8.3642-3649.2000	full-length human CD81 in rat KM3	cell-surface soluble E2 binding	E2_661	T163A	T	163	163	greater E2 signal	qualitative unless explicitly stated	enhanced	enhanced	Figures 6-7 representative of two independent experiments	Figure 6; expression and trafficking differ	true		https://pmc.ncbi.nlm.nih.gov/articles/PMC111874/	Figure 6; expression and trafficking differ
higginbottom2000	Higginbottom et al. J Virol 2000	10.1128/JVI.74.8.3642-3649.2000	GST human CD81 LEL	soluble E2 binding EIA	E2_661; strain reported in source methods	F186L	F	186	186	no E2 signal	qualitative unless explicitly stated	reduced	reduced	Fig 4/5: see source; no numeric replicate count inferred	Figures 4-5; thiocyanate index is not KD	true		https://pmc.ncbi.nlm.nih.gov/articles/PMC111874/	Figures 4-5; thiocyanate index is not KD
higginbottom2000	Higginbottom et al. J Virol 2000	10.1128/JVI.74.8.3642-3649.2000	full-length human CD81 in rat KM3	cell-surface soluble E2 binding	E2_661	F186L	F	186	186	no E2 signal	qualitative unless explicitly stated	reduced	reduced	Figures 6-7 representative of two independent experiments	Figure 6; expression and trafficking differ	true		https://pmc.ncbi.nlm.nih.gov/articles/PMC111874/	Figure 6; expression and trafficking differ
higginbottom2000	Higginbottom et al. J Virol 2000	10.1128/JVI.74.8.3642-3649.2000	GST human CD81 LEL	soluble E2 binding EIA	E2_661; strain reported in source methods	E188K	E	188	188	similar E2 signal	qualitative unless explicitly stated	approximately_neutral	approximately_neutral	Fig 4/5: see source; no numeric replicate count inferred	Figures 4-5; thiocyanate index is not KD	true		https://pmc.ncbi.nlm.nih.gov/articles/PMC111874/	Figures 4-5; thiocyanate index is not KD
higginbottom2000	Higginbottom et al. J Virol 2000	10.1128/JVI.74.8.3642-3649.2000	full-length human CD81 in rat KM3	cell-surface soluble E2 binding	E2_661	E188K	E	188	188	similar E2 signal	qualitative unless explicitly stated	approximately_neutral	approximately_neutral	Figures 6-7 representative of two independent experiments	Figure 6; expression and trafficking differ	true		https://pmc.ncbi.nlm.nih.gov/articles/PMC111874/	Figure 6; expression and trafficking differ
higginbottom2000	Higginbottom et al. J Virol 2000	10.1128/JVI.74.8.3642-3649.2000	GST human CD81 LEL	soluble E2 binding EIA	E2_661; strain reported in source methods	D196E	D	196	196	intermediate E2 signal	qualitative unless explicitly stated	reduced	reduced	Fig 4/5: see source; no numeric replicate count inferred	Figures 4-5; thiocyanate index is not KD	true		https://pmc.ncbi.nlm.nih.gov/articles/PMC111874/	Figures 4-5; thiocyanate index is not KD
higginbottom2000	Higginbottom et al. J Virol 2000	10.1128/JVI.74.8.3642-3649.2000	full-length human CD81 in rat KM3	cell-surface soluble E2 binding	E2_661	D196E	D	196	196	intermediate E2 signal	qualitative unless explicitly stated	reduced	reduced	Figures 6-7 representative of two independent experiments	Figure 6; expression and trafficking differ	true		https://pmc.ncbi.nlm.nih.gov/articles/PMC111874/	Figure 6; expression and trafficking differ
drummer2002	Drummer, Wilson and Poumbourios. J Virol 2002	10.1128/JVI.76.21.11143-11147.2002	MBP-LEL 113-201 dimer	soluble E2 binding EIA	E2_661myc	L162P	L	162	162	lost signal	qualitative unless explicitly stated	reduced	reduced	Figure 2B; no replicate count inferred	Figure 2B; no plot digitization	true		https://pmc.ncbi.nlm.nih.gov/articles/PMC136624/	Figure 2B; no plot digitization
drummer2002	Drummer, Wilson and Poumbourios. J Virol 2002	10.1128/JVI.76.21.11143-11147.2002	full-length CD81 with C8 tag in CHO-K1	cell-surface soluble E2 binding	E2_661myc	L162P	L	162	162	lost signal	qualitative unless explicitly stated	reduced	reduced	two independent transfections	Figure 2D; L162P surface detection confounded	false	Not independently classifiable or coordinate unavailable	https://pmc.ncbi.nlm.nih.gov/articles/PMC136624/	Figure 2D; L162P surface detection confounded
drummer2002	Drummer, Wilson and Poumbourios. J Virol 2002	10.1128/JVI.76.21.11143-11147.2002	MBP-LEL 113-201 dimer	soluble E2 binding EIA	E2_661myc	I182F	I	182	182	lost signal	qualitative unless explicitly stated	reduced	reduced	Figure 2B; no replicate count inferred	Figure 2B; no plot digitization	true		https://pmc.ncbi.nlm.nih.gov/articles/PMC136624/	Figure 2B; no plot digitization
drummer2002	Drummer, Wilson and Poumbourios. J Virol 2002	10.1128/JVI.76.21.11143-11147.2002	full-length CD81 with C8 tag in CHO-K1	cell-surface soluble E2 binding	E2_661myc	I182F	I	182	182	lost signal	qualitative unless explicitly stated	reduced	reduced	two independent transfections	Figure 2D	true		https://pmc.ncbi.nlm.nih.gov/articles/PMC136624/	Figure 2D
drummer2002	Drummer, Wilson and Poumbourios. J Virol 2002	10.1128/JVI.76.21.11143-11147.2002	MBP-LEL 113-201 dimer	soluble E2 binding EIA	E2_661myc	N184Y	N	184	184	decreased signal	qualitative unless explicitly stated	reduced	reduced	Figure 2B; no replicate count inferred	Figure 2B; no plot digitization	true		https://pmc.ncbi.nlm.nih.gov/articles/PMC136624/	Figure 2B; no plot digitization
drummer2002	Drummer, Wilson and Poumbourios. J Virol 2002	10.1128/JVI.76.21.11143-11147.2002	full-length CD81 with C8 tag in CHO-K1	cell-surface soluble E2 binding	E2_661myc	N184Y	N	184	184	lost signal	qualitative unless explicitly stated	reduced	reduced	two independent transfections	Figure 2D	true		https://pmc.ncbi.nlm.nih.gov/articles/PMC136624/	Figure 2D
drummer2002	Drummer, Wilson and Poumbourios. J Virol 2002	10.1128/JVI.76.21.11143-11147.2002	MBP-LEL 113-201 dimer	soluble E2 binding EIA	E2_661myc	F186S	F	186	186	lost signal	qualitative unless explicitly stated	reduced	reduced	Figure 2B; no replicate count inferred	Figure 2B; no plot digitization	true		https://pmc.ncbi.nlm.nih.gov/articles/PMC136624/	Figure 2B; no plot digitization
drummer2002	Drummer, Wilson and Poumbourios. J Virol 2002	10.1128/JVI.76.21.11143-11147.2002	full-length CD81 with C8 tag in CHO-K1	cell-surface soluble E2 binding	E2_661myc	F186S	F	186	186	lost signal	qualitative unless explicitly stated	reduced	reduced	two independent transfections	Figure 2D	true		https://pmc.ncbi.nlm.nih.gov/articles/PMC136624/	Figure 2D
bertaux2006	Bertaux and Dragic. J Virol 2006	10.1128/JVI.80.10.4940-4948.2006	full-length human CD81 in HepG2	cell-surface soluble E2 binding	source E1E2/soluble E2 construct; see methods	K171A	K	171	171	significantly decreased	qualitative unless explicitly stated	reduced	reduced	Figure 3; triplicate independent experiments	Figure 3A-B; biochemical and entry outcomes kept separate	true		https://pmc.ncbi.nlm.nih.gov/articles/PMC1472091/	Figure 3A-B; biochemical and entry outcomes kept separate
bertaux2006	Bertaux and Dragic. J Virol 2006	10.1128/JVI.80.10.4940-4948.2006	full-length human CD81 in HepG2	HCVpp entry	source E1E2/soluble E2 construct; see methods	K171A	K	171	171	significantly decreased	qualitative unless explicitly stated	reduced	reduced	Figure 3; triplicate independent experiments	Figure 3A-B; biochemical and entry outcomes kept separate	true		https://pmc.ncbi.nlm.nih.gov/articles/PMC1472091/	Figure 3A-B; biochemical and entry outcomes kept separate
bertaux2006	Bertaux and Dragic. J Virol 2006	10.1128/JVI.80.10.4940-4948.2006	full-length human CD81 in HepG2	cell-surface soluble E2 binding	source E1E2/soluble E2 construct; see methods	I181A	I	181	181	significantly decreased	qualitative unless explicitly stated	reduced	reduced	Figure 3; triplicate independent experiments	Figure 3A-B; biochemical and entry outcomes kept separate	true		https://pmc.ncbi.nlm.nih.gov/articles/PMC1472091/	Figure 3A-B; biochemical and entry outcomes kept separate
bertaux2006	Bertaux and Dragic. J Virol 2006	10.1128/JVI.80.10.4940-4948.2006	full-length human CD81 in HepG2	HCVpp entry	source E1E2/soluble E2 construct; see methods	I181A	I	181	181	significantly decreased	qualitative unless explicitly stated	reduced	reduced	Figure 3; triplicate independent experiments	Figure 3A-B; biochemical and entry outcomes kept separate	true		https://pmc.ncbi.nlm.nih.gov/articles/PMC1472091/	Figure 3A-B; biochemical and entry outcomes kept separate
bertaux2006	Bertaux and Dragic. J Virol 2006	10.1128/JVI.80.10.4940-4948.2006	full-length human CD81 in HepG2	cell-surface soluble E2 binding	source E1E2/soluble E2 construct; see methods	I182A	I	182	182	significantly decreased	qualitative unless explicitly stated	reduced	reduced	Figure 3; triplicate independent experiments	Figure 3A-B; biochemical and entry outcomes kept separate	true		https://pmc.ncbi.nlm.nih.gov/articles/PMC1472091/	Figure 3A-B; biochemical and entry outcomes kept separate
bertaux2006	Bertaux and Dragic. J Virol 2006	10.1128/JVI.80.10.4940-4948.2006	full-length human CD81 in HepG2	HCVpp entry	source E1E2/soluble E2 construct; see methods	I182A	I	182	182	significantly decreased	qualitative unless explicitly stated	reduced	reduced	Figure 3; triplicate independent experiments	Figure 3A-B; biochemical and entry outcomes kept separate	true		https://pmc.ncbi.nlm.nih.gov/articles/PMC1472091/	Figure 3A-B; biochemical and entry outcomes kept separate
bertaux2006	Bertaux and Dragic. J Virol 2006	10.1128/JVI.80.10.4940-4948.2006	full-length human CD81 in HepG2	cell-surface soluble E2 binding	source E1E2/soluble E2 construct; see methods	F186A	F	186	186	significantly decreased	qualitative unless explicitly stated	reduced	reduced	Figure 3; triplicate independent experiments	Figure 3A-B; biochemical and entry outcomes kept separate	true		https://pmc.ncbi.nlm.nih.gov/articles/PMC1472091/	Figure 3A-B; biochemical and entry outcomes kept separate
bertaux2006	Bertaux and Dragic. J Virol 2006	10.1128/JVI.80.10.4940-4948.2006	full-length human CD81 in HepG2	HCVpp entry	source E1E2/soluble E2 construct; see methods	F186A	F	186	186	significantly decreased	qualitative unless explicitly stated	reduced	reduced	Figure 3; triplicate independent experiments	Figure 3A-B; biochemical and entry outcomes kept separate	true		https://pmc.ncbi.nlm.nih.gov/articles/PMC1472091/	Figure 3A-B; biochemical and entry outcomes kept separate
bertaux2006	Bertaux and Dragic. J Virol 2006	10.1128/JVI.80.10.4940-4948.2006	full-length human CD81 in HepG2	HCVpp entry	source E1E2/soluble E2 construct; see methods	N184A	N	184	184	no major receptor phenotype	qualitative unless explicitly stated	approximately_neutral	approximately_neutral	Figure 3; see source	Results and discussion; neutral is qualitative	true		https://pmc.ncbi.nlm.nih.gov/articles/PMC1472091/	Results and discussion; neutral is qualitative
bertaux2006	Bertaux and Dragic. J Virol 2006	10.1128/JVI.80.10.4940-4948.2006	full-length human CD81 in HepG2	HCVpp entry	source E1E2/soluble E2 construct; see methods	E188A	E	188	188	no major receptor phenotype	qualitative unless explicitly stated	approximately_neutral	approximately_neutral	Figure 3; see source	Results and discussion; neutral is qualitative	true		https://pmc.ncbi.nlm.nih.gov/articles/PMC1472091/	Results and discussion; neutral is qualitative
bertaux2006	Bertaux and Dragic. J Virol 2006	10.1128/JVI.80.10.4940-4948.2006	full-length human CD81 in HepG2	HCVpp entry	source E1E2/soluble E2 construct; see methods	D196A	D	196	196	no major receptor phenotype	qualitative unless explicitly stated	approximately_neutral	approximately_neutral	Figure 3; see source	Results and discussion; neutral is qualitative	true		https://pmc.ncbi.nlm.nih.gov/articles/PMC1472091/	Results and discussion; neutral is qualitative
flint2006	Flint et al. J Virol 2006	10.1128/JVI.00104-06	full-length human CD81 in HepG2	HCVpp entry	H77/H	I182F	I	182	182	moderate reduction; residual entry	qualitative unless explicitly stated	reduced	reduced	Figure 6B; see source	Entry reduction does not imply abolition; no numeric values digitized	true		https://pmc.ncbi.nlm.nih.gov/articles/PMC1642177/	Entry reduction does not imply abolition; no numeric values digitized
flint2006	Flint et al. J Virol 2006	10.1128/JVI.00104-06	full-length human CD81 in HepG2	HCVpp entry	H77/H	N184Y	N	184	184	moderate reduction; residual entry	qualitative unless explicitly stated	reduced	reduced	Figure 6B; see source	Entry reduction does not imply abolition; no numeric values digitized	true		https://pmc.ncbi.nlm.nih.gov/articles/PMC1642177/	Entry reduction does not imply abolition; no numeric values digitized
flint2006	Flint et al. J Virol 2006	10.1128/JVI.00104-06	full-length human CD81 in HepG2	HCVpp entry	H77/H	F186S	F	186	186	moderate reduction; residual entry	qualitative unless explicitly stated	reduced	reduced	Figure 6B; see source	Entry reduction does not imply abolition; no numeric values digitized	true		https://pmc.ncbi.nlm.nih.gov/articles/PMC1642177/	Entry reduction does not imply abolition; no numeric values digitized
bertaux2006	Bertaux and Dragic. J Virol 2006	10.1128/JVI.80.10.4940-4948.2006	prior studies summarized in discussion	HCVpp entry literature summary	not assigned from review passage	F186L	F	186	186	wild-type entry reported for prior work	qualitative unless explicitly stated	not_classifiable	not_classifiable	secondary citation within primary article	Excluded: verify cited original entry study before inclusion	false	Not independently classifiable or coordinate unavailable	https://pmc.ncbi.nlm.nih.gov/articles/PMC1472091/	Excluded: verify cited original entry study before inclusion
bertaux2006	Bertaux and Dragic. J Virol 2006	10.1128/JVI.80.10.4940-4948.2006	prior studies summarized in discussion	HCVpp entry literature summary	not assigned from review passage	E188K	E	188	188	wild-type entry reported for prior work	qualitative unless explicitly stated	not_classifiable	not_classifiable	secondary citation within primary article	Excluded: verify cited original entry study before inclusion	false	Not independently classifiable or coordinate unavailable	https://pmc.ncbi.nlm.nih.gov/articles/PMC1472091/	Excluded: verify cited original entry study before inclusion
bertaux2006	Bertaux and Dragic. J Virol 2006	10.1128/JVI.80.10.4940-4948.2006	prior studies summarized in discussion	HCVpp entry literature summary	not assigned from review passage	D196E	D	196	196	wild-type entry reported for prior work	qualitative unless explicitly stated	not_classifiable	not_classifiable	secondary citation within primary article	Excluded: verify cited original entry study before inclusion	false	Not independently classifiable or coordinate unavailable	https://pmc.ncbi.nlm.nih.gov/articles/PMC1472091/	Excluded: verify cited original entry study before inclusion
