stage	command	start_time	end_time	elapsed_seconds	exit_status	peak_rss_bytes	disk_before_bytes	disk_peak_bytes	disk_after_bytes	threads	host_class	notes
structures	C:\Users\User\Documents\Structural_Biology\proteinmpnn_hcv_e2_decoy_design_pipeline\pipeline\cli.py structures	2026-10-03T17:20:36.267612+00:00	2026-10-03T17:20:55.624047+00:00	19.3564	0	129536000	1146854979	1149383070	1149383070	2	Windows-11-10.0.26200-SP0	1-second process-tree RSS sampling; Windows peak working-set counters; 1-second logical project bytes
sources	C:\Users\User\Documents\Structural_Biology\proteinmpnn_hcv_e2_decoy_design_pipeline\pipeline\cli.py sources	2026-10-03T17:21:34.421367+00:00	2026-10-03T17:21:40.019408+00:00	5.598	0	267747328	1150143640	1150492138	1150501504	2	Windows-11-10.0.26200-SP0	1-second process-tree RSS sampling; Windows peak working-set counters; 1-second logical project bytes
humanize	C:\Users\User\Documents\Structural_Biology\proteinmpnn_hcv_e2_decoy_design_pipeline\pipeline\cli.py humanize	2026-10-03T17:20:56.999891+00:00	2026-10-03T17:21:40.891329+00:00	43.8914	0	171765760	1149384122	1150502232	1150502232	2	Windows-11-10.0.26200-SP0	1-second process-tree RSS sampling; Windows peak working-set counters; 1-second logical project bytes
ground_truth	C:\Users\User\Documents\Structural_Biology\proteinmpnn_hcv_e2_decoy_design_pipeline\pipeline\cli.py ground_truth	2026-10-03T17:26:50.839495+00:00	2026-10-03T17:26:52.426268+00:00	1.5868	0	31887360	1151523267	1151548267	1151548267	2	Windows-11-10.0.26200-SP0	1-second process-tree RSS sampling; Windows peak working-set counters; 1-second logical project bytes
benchmark	C:\Users\User\Documents\Structural_Biology\proteinmpnn_hcv_e2_decoy_design_pipeline\pipeline\cli.py benchmark	2026-10-03T17:26:53.707516+00:00	2026-10-03T17:27:06.081778+00:00	12.3743	1	110219264	1151549015	1151978472	1151978472	2	Windows-11-10.0.26200-SP0	1-second process-tree RSS sampling; Windows peak working-set counters; 1-second logical project bytes
benchmark	C:\Users\User\Documents\Structural_Biology\proteinmpnn_hcv_e2_decoy_design_pipeline\pipeline\cli.py benchmark	2026-10-03T17:27:43.028703+00:00	2026-10-03T17:28:13.240404+00:00	30.2117	0	140935168	1151981582	1158412337	1158412337	2	Windows-11-10.0.26200-SP0	1-second process-tree RSS sampling; Windows peak working-set counters; 1-second logical project bytes
sequences	C:\Users\User\Documents\Structural_Biology\proteinmpnn_hcv_e2_decoy_design_pipeline\pipeline\cli.py sequences	2026-10-03T17:31:18.064263+00:00	2026-10-03T17:32:04.501155+00:00	46.4369	0	90710016	1158429086	1165322006	1165322006	2	Windows-11-10.0.26200-SP0	1-second process-tree RSS sampling; Windows peak working-set counters; 1-second logical project bytes
diversity	C:\Users\User\Documents\Structural_Biology\proteinmpnn_hcv_e2_decoy_design_pipeline\pipeline\cli.py diversity	2026-10-03T17:32:05.900924+00:00	2026-10-03T17:32:11.505821+00:00	5.6049	0	85258240	1165322744	1165640914	1165640914	2	Windows-11-10.0.26200-SP0	1-second process-tree RSS sampling; Windows peak working-set counters; 1-second logical project bytes
pilot	C:\Users\User\Documents\Structural_Biology\proteinmpnn_hcv_e2_decoy_design_pipeline\pipeline\cli.py pilot	2026-10-03T17:33:57.148288+00:00	2026-10-03T17:34:03.408897+00:00	6.2606	1	279363584	1165651912	1165798887	1165798887	2	Windows-11-10.0.26200-SP0	1-second process-tree RSS sampling; Windows peak working-set counters; 1-second logical project bytes
states	C:\Users\User\Documents\Structural_Biology\proteinmpnn_hcv_e2_decoy_design_pipeline\pipeline\cli.py states	2026-10-03T17:35:33.419351+00:00	2026-10-03T17:36:45.381066+00:00	71.9617	0	150573056	1165803432	1170771156	1170771156	2	Windows-11-10.0.26200-SP0	1-second process-tree RSS sampling; Windows peak working-set counters; 1-second logical project bytes
ground_truth	C:\Users\User\Documents\Structural_Biology\proteinmpnn_hcv_e2_decoy_design_pipeline\pipeline\cli.py ground_truth	2026-10-03T17:36:47.523656+00:00	2026-10-03T17:36:50.158410+00:00	2.6348	0	31952896	1170771884	1170771884	1170770435	2	Windows-11-10.0.26200-SP0	1-second process-tree RSS sampling; Windows peak working-set counters; 1-second logical project bytes
benchmark	C:\Users\User\Documents\Structural_Biology\proteinmpnn_hcv_e2_decoy_design_pipeline\pipeline\cli.py benchmark	2026-10-03T17:36:52.105183+00:00	2026-10-03T17:36:57.996523+00:00	5.8913	0	116576256	1170771183	1170771183	1170770329	2	Windows-11-10.0.26200-SP0	1-second process-tree RSS sampling; Windows peak working-set counters; 1-second logical project bytes
pilot	C:\Users\User\Documents\Structural_Biology\proteinmpnn_hcv_e2_decoy_design_pipeline\pipeline\cli.py pilot	2026-10-03T17:34:34.743929+00:00	2026-10-03T17:37:17.914797+00:00	163.1709	0	542871552	1165803220	1170803831	1170803831	2	Windows-11-10.0.26200-SP0	1-second process-tree RSS sampling; Windows peak working-set counters; 1-second logical project bytes
smoke	C:\Users\User\Documents\Structural_Biology\proteinmpnn_hcv_e2_decoy_design_pipeline\pipeline\cli.py smoke	2026-10-03T17:57:03.999726+00:00	2026-10-03T17:57:13.832421+00:00	9.8327	0	79204352	1510580380	1557522197	1559455610	2	Windows-11-10.0.26200-SP0	1-second simultaneous process-tree RSS and logical project-byte sampling; transients between samples may be missed
sources	C:\Users\User\Documents\Structural_Biology\proteinmpnn_hcv_e2_decoy_design_pipeline\pipeline\cli.py sources	2026-10-03T17:59:05.651417+00:00	2026-10-03T17:59:29.389677+00:00	23.7383	0	218288128	1836965830	2252058688	2255093227	2	Windows-11-10.0.26200-SP0	1-second simultaneous process-tree RSS and logical project-byte sampling; transients between samples may be missed
sequences	C:\Users\User\Documents\Structural_Biology\proteinmpnn_hcv_e2_decoy_design_pipeline\pipeline\cli.py sequences	2026-10-03T17:59:37.125980+00:00	2026-10-03T17:59:52.198302+00:00	15.0723	0	79880192	2262742413	2273861349	2275926726	2	Windows-11-10.0.26200-SP0	1-second simultaneous process-tree RSS and logical project-byte sampling; transients between samples may be missed
installation_validation	Download locked binary wheels; fresh project-local venv; offline install; CPU check	2026-10-03T17:54:25.280774+00:00	2026-10-03T18:00:57.914152+00:00	392.6334	0	234045440	1171076130	2337581265	2337581265	2	Windows-11-10.0.26200-SP0	1-second process-tree RSS sampling; Windows peak working-set counters; 1-second logical project bytes
smoke	C:\Users\User\Documents\Structural_Biology\proteinmpnn_hcv_e2_decoy_design_pipeline\pipeline\cli.py smoke	2026-10-03T18:02:35.217276+00:00	2026-10-03T18:02:39.523917+00:00	4.3067	0	78962688	1172066597	1172069623	1172069623	2	Windows-11-10.0.26200-SP0	1-second simultaneous process-tree RSS and logical project-byte sampling; transients between samples may be missed
candidate_model_pilot	one actual MPNN candidate plus WT on reference	2026-10-03T18:05:11.272386+00:00	2026-10-03T18:05:26.138846+00:00	14.8665	0	130899968	1172338328	1173362659	1173298756	2	Windows-11-10.0.26200-SP0	1-second simultaneous process-tree RSS and logical project-byte sampling; transients between samples may be missed
design	C:\Users\User\Documents\Structural_Biology\proteinmpnn_hcv_e2_decoy_design_pipeline\pipeline\cli.py design	2026-10-03T17:40:15.702795+00:00	2026-10-03T18:07:45.002700+00:00	1649.2999	0	536940544	1170822618	2337584119	1216312828	2	Windows-11-10.0.26200-SP0	1-second process-tree RSS sampling; Windows peak working-set counters; 1-second logical project bytes
scoring_pilot	WT + first unique candidate on reference state	2026-10-03T18:08:47.923429+00:00	2026-10-03T18:08:55.230230+00:00	7.3068	0	116715520	1216349479	1217525003	1217525003	2	Windows-11-10.0.26200-SP0	1-second simultaneous process-tree RSS and logical project-byte sampling; transients between samples may be missed
installation_validation	Download locked binary wheels; fresh project-local venv; offline install; CPU check	2026-10-03T18:10:37.762901+00:00	2026-10-03T18:16:48.498347+00:00	370.7354	0	200093696	1222937137	2400870468	2400872204	2	Windows-11-10.0.26200-SP0	1-second simultaneous process-tree RSS and logical project-byte sampling; transients between samples may be missed
discovery	C:\Users\User\Documents\Structural_Biology\proteinmpnn_hcv_e2_decoy_design_pipeline\pipeline\cli.py discovery	2026-10-03T18:08:45.014194+00:00	2026-10-03T18:17:06.866229+00:00	501.852	1	425996288	1216348887	2401081522	1235355551	2	Windows-11-10.0.26200-SP0	1-second simultaneous process-tree RSS and logical project-byte sampling; transients between samples may be missed
freeze	C:\Users\User\Documents\Structural_Biology\proteinmpnn_hcv_e2_decoy_design_pipeline\pipeline\cli.py freeze	2026-10-03T18:17:08.764119+00:00	2026-10-03T18:17:11.386067+00:00	2.6219	1	73695232	1235356598	1235356598	1235356598	2	Windows-11-10.0.26200-SP0	1-second simultaneous process-tree RSS and logical project-byte sampling; transients between samples may be missed
heldout	C:\Users\User\Documents\Structural_Biology\proteinmpnn_hcv_e2_decoy_design_pipeline\pipeline\cli.py heldout	2026-10-03T18:17:13.072313+00:00	2026-10-03T18:17:15.467942+00:00	2.3956	1	73465856	1235357690	1235357690	1235357690	2	Windows-11-10.0.26200-SP0	1-second simultaneous process-tree RSS and logical project-byte sampling; transients between samples may be missed
sensitivity	C:\Users\User\Documents\Structural_Biology\proteinmpnn_hcv_e2_decoy_design_pipeline\pipeline\cli.py sensitivity	2026-10-03T18:17:16.954220+00:00	2026-10-03T18:17:19.787051+00:00	2.8328	1	73752576	1235358689	1235358689	1235358689	2	Windows-11-10.0.26200-SP0	1-second simultaneous process-tree RSS and logical project-byte sampling; transients between samples may be missed
figures	C:\Users\User\Documents\Structural_Biology\proteinmpnn_hcv_e2_decoy_design_pipeline\pipeline\cli.py figures	2026-10-03T18:17:21.311509+00:00	2026-10-03T18:17:26.571048+00:00	5.2595	1	147390464	1235359712	1235868215	1235868215	2	Windows-11-10.0.26200-SP0	1-second simultaneous process-tree RSS and logical project-byte sampling; transients between samples may be missed
report	C:\Users\User\Documents\Structural_Biology\proteinmpnn_hcv_e2_decoy_design_pipeline\pipeline\cli.py report	2026-10-03T18:17:28.276965+00:00	2026-10-03T18:17:30.326518+00:00	2.0496	1	40124416	1235869313	1235881557	1235881557	2	Windows-11-10.0.26200-SP0	1-second simultaneous process-tree RSS and logical project-byte sampling; transients between samples may be missed
scoring_pilot	WT + first unique candidate on reference state	2026-10-03T18:17:53.109991+00:00	2026-10-03T18:17:57.229639+00:00	4.1196	0	100134912	1235889160	1236439217	1236439217	2	Windows-11-10.0.26200-SP0	1-second simultaneous process-tree RSS and logical project-byte sampling; transients between samples may be missed
diversity	C:\Users\User\Documents\Structural_Biology\proteinmpnn_hcv_e2_decoy_design_pipeline\pipeline\cli.py diversity	2026-10-03T18:26:45.223520+00:00	2026-10-03T18:26:57.269304+00:00	12.0458	0	84393984	1267876824	1268411105	1268346296	2	Windows-11-10.0.26200-SP0	1-second simultaneous process-tree RSS and logical project-byte sampling; transients between samples may be missed
annotations	C:\Users\User\Documents\Structural_Biology\proteinmpnn_hcv_e2_decoy_design_pipeline\pipeline\cli.py annotations	2026-10-03T18:41:23.209572+00:00	2026-10-03T18:41:29.898387+00:00	6.6888	0	100163584	1320155453	1320294443	1320294443	2	Windows-11-10.0.26200-SP0	1-second simultaneous process-tree RSS and logical project-byte sampling; transients between samples may be missed
benchmark	C:\Users\User\Documents\Structural_Biology\proteinmpnn_hcv_e2_decoy_design_pipeline\pipeline\cli.py benchmark	2026-10-03T18:41:34.047694+00:00	2026-10-03T18:41:45.211521+00:00	11.1638	0	142868480	1320711128	1324412286	1324338615	2	Windows-11-10.0.26200-SP0	1-second simultaneous process-tree RSS and logical project-byte sampling; transients between samples may be missed
sources	C:\Users\User\Documents\Structural_Biology\proteinmpnn_hcv_e2_decoy_design_pipeline\pipeline\cli.py sources	2026-10-03T18:44:59.145635+00:00	2026-10-03T18:45:20.602370+00:00	21.4567	0	265031680	1335454095	1336488084	1336486804	2	Windows-11-10.0.26200-SP0	1-second simultaneous process-tree RSS and logical project-byte sampling; transients between samples may be missed
smoke	C:\Users\User\Documents\Structural_Biology\proteinmpnn_hcv_e2_decoy_design_pipeline\pipeline\cli.py smoke	2026-10-03T18:47:10.504998+00:00	2026-10-03T18:47:17.383587+00:00	6.8786	0	108961792	1342482567	1342812487	1342747126	2	Windows-11-10.0.26200-SP0	1-second simultaneous process-tree RSS and logical project-byte sampling; transients between samples may be missed
annotations	C:\Users\User\Documents\Structural_Biology\proteinmpnn_hcv_e2_decoy_design_pipeline\pipeline\cli.py annotations	2026-10-03T19:01:09.959644+00:00	2026-10-03T19:01:16.507103+00:00	6.5475	0	100716544	1392578003	1393050632	1392923746	2	Windows-11-10.0.26200-SP0	1-second simultaneous process-tree RSS and logical project-byte sampling; transients between samples may be missed
clean_clone_validation	Clean local Git clone; configure; offline synthetic smoke; pytest	2026-10-03T19:13:13.417043+00:00	2026-10-03T19:13:24.348903+00:00	10.9319	1	158760960	1451980323	1452847618	1452781502	2	Windows-11-10.0.26200-SP0	1-second simultaneous process-tree RSS and logical project-byte sampling; transients between samples may be missed
discovery	C:\Users\User\Documents\Structural_Biology\proteinmpnn_hcv_e2_decoy_design_pipeline\pipeline\cli.py discovery	2026-10-03T18:17:50.133880+00:00	2026-10-03T19:14:25.810721+00:00	3395.6768	0	559603712	1235889160	1456569159	1456569159	2	Windows-11-10.0.26200-SP0	1-second simultaneous process-tree RSS and logical project-byte sampling; transients between samples may be missed
