resource	identifier	source_url	download_timestamp	size_bytes	sha256	version	notes
data\raw\7MWX.cif	7MWX	https://files.rcsb.org/download/7MWX.cif	2026-10-03T17:20:51.751933+00:00	2040868	9088f13c291be4e5d8927da46661cb372f74d53bdb8a1d6bdf5ddd6781fffec7		Original bytes retained; cache timestamp retained on rerun
data\raw\3X0E.cif	3X0E	https://files.rcsb.org/download/3X0E.cif	2026-10-03T17:20:54.557270+00:00	331481	c85bd93ff2e621f6e9a228e8d6f23ccd51d342aee1ba8ca31e032a6a8edfb1d8		Original bytes retained; cache timestamp retained on rerun
data\raw\P60033.fasta	P60033	https://rest.uniprot.org/uniprotkb/P60033.fasta	2026-10-03T17:21:02.590157+00:00	317	5ee65f26b383274536f622207ac1b036c26ee9adb7a30da89c234015b8822f08		Original bytes retained; cache timestamp retained on rerun
vendor\ProteinMPNN\LICENSE	ProteinMPNN	https://github.com/dauparas/ProteinMPNN/blob/8907e6671bfbfc92303b5f79c4b5e6ce47cdef57/LICENSE	2026-10-03T17:21:35.755430+00:00	1072	82009d25ce585631f452b2b24589bdb29c559ccfefa2f200ef312ed5b501a586	8907e6671bfbfc92303b5f79c4b5e6ce47cdef57	Retrieved by Git; selective files audited
vendor\ProteinMPNN\README.md	ProteinMPNN	https://github.com/dauparas/ProteinMPNN/blob/8907e6671bfbfc92303b5f79c4b5e6ce47cdef57/README.md	2026-10-03T17:21:35.781463+00:00	10277	772ebe52d2ba5100a28a888910c6f0c9fd4ded1d1372e3d89f6f1c48707e0365	8907e6671bfbfc92303b5f79c4b5e6ce47cdef57	Retrieved by Git; selective files audited
vendor\ProteinMPNN\soluble_model_weights\v_48_020.pt	ProteinMPNN	https://github.com/dauparas/ProteinMPNN/blob/8907e6671bfbfc92303b5f79c4b5e6ce47cdef57/soluble_model_weights/v_48_020.pt	2026-10-03T17:21:35.814829+00:00	6681301	7af52d090172c230c7f0e9d21e02203f6b3a38b16db58d3c7a3960e0a9a6e31a	8907e6671bfbfc92303b5f79c4b5e6ce47cdef57	Retrieved by Git; selective files audited
vendor\ProteinMPNN\vanilla_model_weights\v_48_020.pt	ProteinMPNN	https://github.com/dauparas/ProteinMPNN/blob/8907e6671bfbfc92303b5f79c4b5e6ce47cdef57/vanilla_model_weights/v_48_020.pt	2026-10-03T17:21:35.830369+00:00	6681301	c9cb4a671d79604111231f8dbfc7c590e06f1197453b7a6854ac6661a642f5bd	8907e6671bfbfc92303b5f79c4b5e6ce47cdef57	Retrieved by Git; selective files audited
vendor\EvoEF2\LICENSE	EvoEF2	https://github.com/tommyhuangthu/EvoEF2/blob/38df01d305ed728ef067c3e0d22072058f33e255/LICENSE	2026-10-03T17:21:35.883434+00:00	1109	0aa00be531f5a017b5ef8f462f2e0292a92f81825e72bd376c9f68a4d9099877	38df01d305ed728ef067c3e0d22072058f33e255	Retrieved by Git; selective files audited
vendor\EvoEF2\README.md	EvoEF2	https://github.com/tommyhuangthu/EvoEF2/blob/38df01d305ed728ef067c3e0d22072058f33e255/README.md	2026-10-03T17:21:35.905332+00:00	8721	8d09e693e558a6495149a98d1d533747100f89086c50c7ec54d2e193da351712	38df01d305ed728ef067c3e0d22072058f33e255	Retrieved by Git; selective files audited
vendor\EvoEF2\EvoEF2.exe	EvoEF2	https://github.com/tommyhuangthu/EvoEF2/blob/38df01d305ed728ef067c3e0d22072058f33e255/EvoEF2.exe	2026-10-03T17:21:35.925049+00:00	453490	0cc1578cf41ae8434962d973ccbcd0e691af3efea047493399b1a587577552e8	38df01d305ed728ef067c3e0d22072058f33e255	Retrieved by Git; selective files audited
data\raw\PMC136624.html	PMC136624	https://pmc.ncbi.nlm.nih.gov/articles/PMC136624/	2026-10-03T17:25:04.928222+00:00	135521	8ead700ef9e7e1344d102f5a4e1e4ae3f9f2a0f91204756919292915a5e13d86		Original bytes retained; cache timestamp retained on rerun
data\raw\PMC111874.html	PMC111874	https://pmc.ncbi.nlm.nih.gov/articles/PMC111874/	2026-10-03T17:25:06.413532+00:00	176702	94bbdf219c2aad2e2732619cc9a8f04c29c4287c2dcd9b8a81c5d5309a726423		Original bytes retained; cache timestamp retained on rerun
data\raw\PMC1472091.html	PMC1472091	https://pmc.ncbi.nlm.nih.gov/articles/PMC1472091/	2026-10-03T17:25:07.848044+00:00	183945	630d3866db0a2c2fefa916867ea9a917b832c0327221d3dc854b17d17cd96126		Original bytes retained; cache timestamp retained on rerun
data\raw\PMC1642177.html	PMC1642177	https://pmc.ncbi.nlm.nih.gov/articles/PMC1642177/	2026-10-03T17:25:09.288825+00:00	209411	058cc4142dfd7370eb6ce9cd5354fee0c0ed5f43e9236862cf9b4fb964a2c440		Original bytes retained; cache timestamp retained on rerun
data\raw\H77.gb	AF009606.1	https://eutils.ncbi.nlm.nih.gov/entrez/eutils/efetch.fcgi?db=nuccore&id=AF009606.1&rettype=gb&retmode=text	2026-10-03T17:31:21.183320+00:00	18291	ab5930b2ebadd23dc24218bd0f1f2f3f58722fa29272de302883c16332bc0626		Original bytes retained; cache timestamp retained on rerun
data\raw\esearch_1a.json	1a	https://eutils.ncbi.nlm.nih.gov/entrez/eutils/esearch.fcgi?db=nuccore&term=%28txid11103%5BOrganism%3Aexp%5D+OR+%22Orthohepacivirus+hominis%22%5BOrganism%5D%29+AND+8000%3A11000%5BSLEN%5D+AND+%221a%22%5BAll+Fields%5D+NOT+patent%5Bfilter%5D+NOT+synthetic%5BTitle%5D+NOT+chimeric%5BTitle%5D&retmode=json&retmax=40	2026-10-03T17:31:22.113035+00:00	1931	7c91fd45f86719f35aa240ed1b3cd798964f6a1a1086dbebc482492db987341c		Original bytes retained; cache timestamp retained on rerun
data\raw\hcv_1a.gb	3368036621,3368036433,3368016353,3368016351,3368016347,3084076927,3084076922,3084076917,3084076914,3084076910,3084076905,3084076898,3084076895,3084076892,3084076889,3084076886,3084076883,3084076880,3084076877,3084076872,3084076870,3084076867,3084076864,3084076861,3084076858,3084076855,3084076852,3084076849,3084076846,3084076840,3084076837,3084076813,3084076738,3084076731,3084076728,3084076725,3084076722,3084076719,3084076712,3084076709	https://eutils.ncbi.nlm.nih.gov/entrez/eutils/efetch.fcgi?db=nuccore&id=3368036621%2C3368036433%2C3368016353%2C3368016351%2C3368016347%2C3084076927%2C3084076922%2C3084076917%2C3084076914%2C3084076910%2C3084076905%2C3084076898%2C3084076895%2C3084076892%2C3084076889%2C3084076886%2C3084076883%2C3084076880%2C3084076877%2C3084076872%2C3084076870%2C3084076867%2C3084076864%2C3084076861%2C3084076858%2C3084076855%2C3084076852%2C3084076849%2C3084076846%2C3084076840%2C3084076837%2C3084076813%2C3084076738%2C3084076731%2C3084076728%2C3084076725%2C3084076722%2C3084076719%2C3084076712%2C3084076709&rettype=gb&retmode=text	2026-10-03T17:31:29.655912+00:00	766116	883b1d6f311027ed9d90264f6123c74a3ad82f5e20172dcd7bdd67be6f660edc		Original bytes retained; cache timestamp retained on rerun
data\raw\esearch_1b.json	1b	https://eutils.ncbi.nlm.nih.gov/entrez/eutils/esearch.fcgi?db=nuccore&term=%28txid11103%5BOrganism%3Aexp%5D+OR+%22Orthohepacivirus+hominis%22%5BOrganism%5D%29+AND+8000%3A11000%5BSLEN%5D+AND+%221b%22%5BAll+Fields%5D+NOT+patent%5Bfilter%5D+NOT+synthetic%5BTitle%5D+NOT+chimeric%5BTitle%5D&retmode=json&retmax=40	2026-10-03T17:31:30.824716+00:00	1931	bc0f27ac71a93f583f626f51062d9bdedfd0ee3e6404edd6829b833ebc80a357		Original bytes retained; cache timestamp retained on rerun
data\raw\hcv_1b.gb	3368036657,3368036652,3368036641,3368036639,3368036619,3368036617,3368036609,3368036586,3368036578,3368036558,3368036556,3368036545,3368036535,3368036533,3368036531,3368036529,3368036527,3368036519,3368036517,3368036512,3368036503,3368036501,3368036499,3368036493,3368036491,3368036486,3368036484,3368036482,3368036453,3368036451,3368036443,3368036436,3368016349,3368016348,3332185522,3332185520,3332185518,3332185516,3332185514,3332185511	https://eutils.ncbi.nlm.nih.gov/entrez/eutils/efetch.fcgi?db=nuccore&id=3368036657%2C3368036652%2C3368036641%2C3368036639%2C3368036619%2C3368036617%2C3368036609%2C3368036586%2C3368036578%2C3368036558%2C3368036556%2C3368036545%2C3368036535%2C3368036533%2C3368036531%2C3368036529%2C3368036527%2C3368036519%2C3368036517%2C3368036512%2C3368036503%2C3368036501%2C3368036499%2C3368036493%2C3368036491%2C3368036486%2C3368036484%2C3368036482%2C3368036453%2C3368036451%2C3368036443%2C3368036436%2C3368016349%2C3368016348%2C3332185522%2C3332185520%2C3332185518%2C3332185516%2C3332185514%2C3332185511&rettype=gb&retmode=text	2026-10-03T17:31:33.432883+00:00	766989	0719e2c6afcb61eb4d28c890c0ec45cb81813a8e64b7a247de213beb8e8d8fac		Original bytes retained; cache timestamp retained on rerun
data\raw\esearch_2a.json	2a	https://eutils.ncbi.nlm.nih.gov/entrez/eutils/esearch.fcgi?db=nuccore&term=%28txid11103%5BOrganism%3Aexp%5D+OR+%22Orthohepacivirus+hominis%22%5BOrganism%5D%29+AND+8000%3A11000%5BSLEN%5D+AND+%222a%22%5BAll+Fields%5D+NOT+patent%5Bfilter%5D+NOT+synthetic%5BTitle%5D+NOT+chimeric%5BTitle%5D&retmode=json&retmax=40	2026-10-03T17:31:34.881180+00:00	1912	ed05ad6d54190fd27e0c495012bd73209bb9c2545ecf0c1be1ffc6d711d26cf9		Original bytes retained; cache timestamp retained on rerun
data\raw\hcv_2a.gb	3368036633,3368036603,3368036583,3368036571,3368036568,3368036562,3368036550,3368036542,3368036539,3368036521,3368036515,3368036488,3368036421,3368016352,3084076357,2679314034,2634039650,2191912974,2191912928,393714875,393714872,393714869,393714866,40714444,13122273,13122271,13122269,13122267,13122265,13122263,2299493224,2299493222,2299493220,2299493218,2299493216,2299493214,2299493212,2299493210,2299493208,2299493206	https://eutils.ncbi.nlm.nih.gov/entrez/eutils/efetch.fcgi?db=nuccore&id=3368036633%2C3368036603%2C3368036583%2C3368036571%2C3368036568%2C3368036562%2C3368036550%2C3368036542%2C3368036539%2C3368036521%2C3368036515%2C3368036488%2C3368036421%2C3368016352%2C3084076357%2C2679314034%2C2634039650%2C2191912974%2C2191912928%2C393714875%2C393714872%2C393714869%2C393714866%2C40714444%2C13122273%2C13122271%2C13122269%2C13122267%2C13122265%2C13122263%2C2299493224%2C2299493222%2C2299493220%2C2299493218%2C2299493216%2C2299493214%2C2299493212%2C2299493210%2C2299493208%2C2299493206&rettype=gb&retmode=text	2026-10-03T17:31:37.296379+00:00	733602	8b67de0dfddcb2b255545a5771566e215bf429f28cee213f18eb8bc8e6571abd		Original bytes retained; cache timestamp retained on rerun
data\raw\esearch_2b.json	2b	https://eutils.ncbi.nlm.nih.gov/entrez/eutils/esearch.fcgi?db=nuccore&term=%28txid11103%5BOrganism%3Aexp%5D+OR+%22Orthohepacivirus+hominis%22%5BOrganism%5D%29+AND+8000%3A11000%5BSLEN%5D+AND+%222b%22%5BAll+Fields%5D+NOT+patent%5Bfilter%5D+NOT+synthetic%5BTitle%5D+NOT+chimeric%5BTitle%5D&retmode=json&retmax=40	2026-10-03T17:31:38.496212+00:00	1921	7499270460f4ea5aecc2d615987b63f07bab97329e250cbf9ede4b4ccf5bd70b		Original bytes retained; cache timestamp retained on rerun
data\raw\hcv_2b.gb	3084076934,3084076809,3084076807,3084076805,3084076803,3084076734,3084076521,3084076516,3084076468,3084076421,3084076359,3084076247,3084076188,3084076184,2191912970,2191912932,1201280818,1095609817,385251056,385251054,385251052,385251050,385251048,385251046,385251044,346223289,295901481,2299493220,2299493218,2299493214,2299493212,2299493210,2299493208,2299493206,2299493194,2299493190,2299493188,2295813861,2295813859,2295813857	https://eutils.ncbi.nlm.nih.gov/entrez/eutils/efetch.fcgi?db=nuccore&id=3084076934%2C3084076809%2C3084076807%2C3084076805%2C3084076803%2C3084076734%2C3084076521%2C3084076516%2C3084076468%2C3084076421%2C3084076359%2C3084076247%2C3084076188%2C3084076184%2C2191912970%2C2191912932%2C1201280818%2C1095609817%2C385251056%2C385251054%2C385251052%2C385251050%2C385251048%2C385251046%2C385251044%2C346223289%2C295901481%2C2299493220%2C2299493218%2C2299493214%2C2299493212%2C2299493210%2C2299493208%2C2299493206%2C2299493194%2C2299493190%2C2299493188%2C2295813861%2C2295813859%2C2295813857&rettype=gb&retmode=text	2026-10-03T17:31:42.126320+00:00	738369	c48ce643ef726a779fd7f36c502e229b6a48a04e746b86218980ac871d089c70		Original bytes retained; cache timestamp retained on rerun
data\raw\esearch_3a.json	3a	https://eutils.ncbi.nlm.nih.gov/entrez/eutils/esearch.fcgi?db=nuccore&term=%28txid11103%5BOrganism%3Aexp%5D+OR+%22Orthohepacivirus+hominis%22%5BOrganism%5D%29+AND+8000%3A11000%5BSLEN%5D+AND+%223a%22%5BAll+Fields%5D+NOT+patent%5Bfilter%5D+NOT+synthetic%5BTitle%5D+NOT+chimeric%5BTitle%5D&retmode=json&retmax=40	2026-10-03T17:31:43.359881+00:00	2149	a4d771ccefea9786704f3a8659d8c8c881994cc51c60a8cf45eb63309fd33428		Original bytes retained; cache timestamp retained on rerun
data\raw\hcv_3a.gb	3368036595,3368036560,3368036438,3084076932,3084076930,3084076920,3084076912,3084076903,3084076901,3084076875,3084076842,3084076743,3084076741,3084076736,3084076717,3084076707,3084076705,3084076700,3084076698,3084076696,3084076678,3084076676,3084076665,3084076663,3084076656,3084076645,3084076643,3084076641,3084076639,3084076634,3084076629,3084076624,3084076622,3084076620,3084076607,3084076605,3084076600,3084076598,3084076593,3084076585	https://eutils.ncbi.nlm.nih.gov/entrez/eutils/efetch.fcgi?db=nuccore&id=3368036595%2C3368036560%2C3368036438%2C3084076932%2C3084076930%2C3084076920%2C3084076912%2C3084076903%2C3084076901%2C3084076875%2C3084076842%2C3084076743%2C3084076741%2C3084076736%2C3084076717%2C3084076707%2C3084076705%2C3084076700%2C3084076698%2C3084076696%2C3084076678%2C3084076676%2C3084076665%2C3084076663%2C3084076656%2C3084076645%2C3084076643%2C3084076641%2C3084076639%2C3084076634%2C3084076629%2C3084076624%2C3084076622%2C3084076620%2C3084076607%2C3084076605%2C3084076600%2C3084076598%2C3084076593%2C3084076585&rettype=gb&retmode=text	2026-10-03T17:31:48.766040+00:00	769461	05b15fe8903306b1bc658e344d6187ce8cf32a62be96fb7ae0062d2f5b04c252		Original bytes retained; cache timestamp retained on rerun
data\raw\esearch_4a.json	4a	https://eutils.ncbi.nlm.nih.gov/entrez/eutils/esearch.fcgi?db=nuccore&term=%28txid11103%5BOrganism%3Aexp%5D+OR+%22Orthohepacivirus+hominis%22%5BOrganism%5D%29+AND+8000%3A11000%5BSLEN%5D+AND+%224a%22%5BAll+Fields%5D+NOT+patent%5Bfilter%5D+NOT+synthetic%5BTitle%5D+NOT+chimeric%5BTitle%5D&retmode=json&retmax=40	2026-10-03T17:31:50.186679+00:00	1929	30b4ad3f2492d6f674f8a5de97e5e1f10fc088135a00eafec49788eb2dbf748a		Original bytes retained; cache timestamp retained on rerun
data\raw\hcv_4a.gb	3368016354,3368016350,2985633422,2985633420,2985633418,2985633416,2985633414,2985633412,2985633410,2985633408,2985633406,2985633404,2985633402,2985633400,2985633398,2985633396,2985633394,2985633392,2985633390,2985633388,2985633386,2985633384,2985633382,2985633380,2985633378,2985633376,2985633374,2985633372,2985633370,2985633368,2985633366,2985633364,2985633362,2985633360,2985633358,2985633356,2985633354,2985633352,2985633350,2634039490	https://eutils.ncbi.nlm.nih.gov/entrez/eutils/efetch.fcgi?db=nuccore&id=3368016354%2C3368016350%2C2985633422%2C2985633420%2C2985633418%2C2985633416%2C2985633414%2C2985633412%2C2985633410%2C2985633408%2C2985633406%2C2985633404%2C2985633402%2C2985633400%2C2985633398%2C2985633396%2C2985633394%2C2985633392%2C2985633390%2C2985633388%2C2985633386%2C2985633384%2C2985633382%2C2985633380%2C2985633378%2C2985633376%2C2985633374%2C2985633372%2C2985633370%2C2985633368%2C2985633366%2C2985633364%2C2985633362%2C2985633360%2C2985633358%2C2985633356%2C2985633354%2C2985633352%2C2985633350%2C2634039490&rettype=gb&retmode=text	2026-10-03T17:31:52.669069+00:00	698703	a13045be78986086c8632579dd3294ee99a837c62bb7588f0da374ade88451b8		Original bytes retained; cache timestamp retained on rerun
data\raw\esearch_5a.json	5a	https://eutils.ncbi.nlm.nih.gov/entrez/eutils/esearch.fcgi?db=nuccore&term=%28txid11103%5BOrganism%3Aexp%5D+OR+%22Orthohepacivirus+hominis%22%5BOrganism%5D%29+AND+8000%3A11000%5BSLEN%5D+AND+%225a%22%5BAll+Fields%5D+NOT+patent%5Bfilter%5D+NOT+synthetic%5BTitle%5D+NOT+chimeric%5BTitle%5D&retmode=json&retmax=40	2026-10-03T17:31:54.304780+00:00	1893	23f7b387db1094088968746042e6171de2f5e517967d7da0b708458e0fbecc7b		Original bytes retained; cache timestamp retained on rerun
data\raw\hcv_5a.gb	3084076835,3084076833,393714875,393714872,393714869,393714866,157781210,1479555233,1479555231,1479555229,751660975,661568185,661568183,661568181,661568179,527179116,527179114,527179112,527179110,527179108,527179106,576294949,554577059,549720835,403220381,339736679,339736677,339736675,339736673,339736671,339736669,339736667,339736665,339736663,318086317,329666321,295021594,295021593,295021592,295021591	https://eutils.ncbi.nlm.nih.gov/entrez/eutils/efetch.fcgi?db=nuccore&id=3084076835%2C3084076833%2C393714875%2C393714872%2C393714869%2C393714866%2C157781210%2C1479555233%2C1479555231%2C1479555229%2C751660975%2C661568185%2C661568183%2C661568181%2C661568179%2C527179116%2C527179114%2C527179112%2C527179110%2C527179108%2C527179106%2C576294949%2C554577059%2C549720835%2C403220381%2C339736679%2C339736677%2C339736675%2C339736673%2C339736671%2C339736669%2C339736667%2C339736665%2C339736663%2C318086317%2C329666321%2C295021594%2C295021593%2C295021592%2C295021591&rettype=gb&retmode=text	2026-10-03T17:31:59.846886+00:00	702678	53d85ccc98f60ebe8b52133b4aaa52be5c9fc29390397436dea321434af05ba2		Original bytes retained; cache timestamp retained on rerun
data\raw\esearch_6a.json	6a	https://eutils.ncbi.nlm.nih.gov/entrez/eutils/esearch.fcgi?db=nuccore&term=%28txid11103%5BOrganism%3Aexp%5D+OR+%22Orthohepacivirus+hominis%22%5BOrganism%5D%29+AND+8000%3A11000%5BSLEN%5D+AND+%226a%22%5BAll+Fields%5D+NOT+patent%5Bfilter%5D+NOT+synthetic%5BTitle%5D+NOT+chimeric%5BTitle%5D&retmode=json&retmax=40	2026-10-03T17:32:00.842080+00:00	1929	2e67df27a1347fd5b7bbed2aaedeaa587c740f3ee6c15b5649101c32cd3d1520		Original bytes retained; cache timestamp retained on rerun
data\raw\hcv_6a.gb	3368036646,3368036643,3368036636,3368036630,3368036627,3368036624,3368036614,3368036606,3368036589,3368036580,3368036553,3368036547,3368036524,3368036509,3368036506,3368036496,3368036430,3368036427,3084076786,3084076783,3084076763,2082748888,2082748885,2082748882,2082748879,2082748876,2082748873,2082748870,2082748867,2082748864,2082748861,2082748858,2082748855,2082748852,2082748849,1655515068,1743036357,1743036356,1743036355,1743036322	https://eutils.ncbi.nlm.nih.gov/entrez/eutils/efetch.fcgi?db=nuccore&id=3368036646%2C3368036643%2C3368036636%2C3368036630%2C3368036627%2C3368036624%2C3368036614%2C3368036606%2C3368036589%2C3368036580%2C3368036553%2C3368036547%2C3368036524%2C3368036509%2C3368036506%2C3368036496%2C3368036430%2C3368036427%2C3084076786%2C3084076783%2C3084076763%2C2082748888%2C2082748885%2C2082748882%2C2082748879%2C2082748876%2C2082748873%2C2082748870%2C2082748867%2C2082748864%2C2082748861%2C2082748858%2C2082748855%2C2082748852%2C2082748849%2C1655515068%2C1743036357%2C1743036356%2C1743036355%2C1743036322&rettype=gb&retmode=text	2026-10-03T17:32:03.872300+00:00	751557	0ea36e9d6941d3d7dd30900615191f9f9970e0c7cceea32c688a0673060c243f		Original bytes retained; cache timestamp retained on rerun
vendor\ProteinMPNN\LICENSE	ProteinMPNN	https://github.com/dauparas/ProteinMPNN/blob/8907e6671bfbfc92303b5f79c4b5e6ce47cdef57/LICENSE	2026-10-03T17:59:15.141363+00:00	1072	82009d25ce585631f452b2b24589bdb29c559ccfefa2f200ef312ed5b501a586	8907e6671bfbfc92303b5f79c4b5e6ce47cdef57	Retrieved by Git; selective files audited
vendor\ProteinMPNN\README.md	ProteinMPNN	https://github.com/dauparas/ProteinMPNN/blob/8907e6671bfbfc92303b5f79c4b5e6ce47cdef57/README.md	2026-10-03T17:59:15.150294+00:00	10277	772ebe52d2ba5100a28a888910c6f0c9fd4ded1d1372e3d89f6f1c48707e0365	8907e6671bfbfc92303b5f79c4b5e6ce47cdef57	Retrieved by Git; selective files audited
vendor\ProteinMPNN\soluble_model_weights\v_48_020.pt	ProteinMPNN	https://github.com/dauparas/ProteinMPNN/blob/8907e6671bfbfc92303b5f79c4b5e6ce47cdef57/soluble_model_weights/v_48_020.pt	2026-10-03T17:59:15.191587+00:00	6681301	7af52d090172c230c7f0e9d21e02203f6b3a38b16db58d3c7a3960e0a9a6e31a	8907e6671bfbfc92303b5f79c4b5e6ce47cdef57	Retrieved by Git; selective files audited
vendor\ProteinMPNN\vanilla_model_weights\v_48_020.pt	ProteinMPNN	https://github.com/dauparas/ProteinMPNN/blob/8907e6671bfbfc92303b5f79c4b5e6ce47cdef57/vanilla_model_weights/v_48_020.pt	2026-10-03T17:59:15.248683+00:00	6681301	c9cb4a671d79604111231f8dbfc7c590e06f1197453b7a6854ac6661a642f5bd	8907e6671bfbfc92303b5f79c4b5e6ce47cdef57	Retrieved by Git; selective files audited
vendor\EvoEF2\LICENSE	EvoEF2	https://github.com/tommyhuangthu/EvoEF2/blob/38df01d305ed728ef067c3e0d22072058f33e255/LICENSE	2026-10-03T17:59:15.364878+00:00	1109	0aa00be531f5a017b5ef8f462f2e0292a92f81825e72bd376c9f68a4d9099877	38df01d305ed728ef067c3e0d22072058f33e255	Retrieved by Git; selective files audited
vendor\EvoEF2\README.md	EvoEF2	https://github.com/tommyhuangthu/EvoEF2/blob/38df01d305ed728ef067c3e0d22072058f33e255/README.md	2026-10-03T17:59:15.407985+00:00	8721	8d09e693e558a6495149a98d1d533747100f89086c50c7ec54d2e193da351712	38df01d305ed728ef067c3e0d22072058f33e255	Retrieved by Git; selective files audited
vendor\EvoEF2\EvoEF2_local.exe	EvoEF2	https://github.com/tommyhuangthu/EvoEF2/tree/38df01d305ed728ef067c3e0d22072058f33e255	2026-10-03T17:59:15.454572+00:00	758961	cb8f92c447903b65c9b5423559996aabd5f0bbca7c4997602554856a34f5ffea	38df01d305ed728ef067c3e0d22072058f33e255	Locally compiled from pinned source; executable was not downloaded; g++ -O3 -static with existing GCC 4.4.7
.cache\install_validation\wheels\biopython-1.88-cp314-cp314-win_amd64.whl	biopython-1.88-cp314-cp314-win_amd64.whl	https://files.pythonhosted.org/packages/77/34/ea155a75d0a9748a85c14fb4ba141d01e28bf76f210a539095cee6457442/biopython-1.88-cp314-cp314-win_amd64.whl	2026-10-03T18:00:51.156829+00:00	2745968	0b8fea4940c58915e6d4c670f17f4e9c20797e9e26d4300b6efbe960b99d199d	1.88	Canonical locked binary-wheel installation reproduced with telemetry; exact file hash retained; disposable wheel removed after validation; exact official URL verified against published SHA256
.cache\install_validation\wheels\colorama-0.4.6-py2.py3-none-any.whl	colorama-0.4.6-py2.py3-none-any.whl	https://files.pythonhosted.org/packages/d1/d6/3965ed04c63042e047cb6a3e6ed1a63a35087b6a609aa3a15ed8ac56c221/colorama-0.4.6-py2.py3-none-any.whl	2026-10-03T18:00:51.170113+00:00	25335	4f1d9991f5acc0ca119f9d443620b77f9d6b33703e51011c16baf57afb285fc6	0.4.6	Canonical locked binary-wheel installation reproduced with telemetry; exact file hash retained; disposable wheel removed after validation; exact official URL verified against published SHA256
.cache\install_validation\wheels\contourpy-1.4.0-cp314-cp314-win_amd64.whl	contourpy-1.4.0-cp314-cp314-win_amd64.whl	https://files.pythonhosted.org/packages/15/41/3df8cc14bb572c8b447f9dfbc876703f0f2f2896058285b5c87a1d4a638d/contourpy-1.4.0-cp314-cp314-win_amd64.whl	2026-10-03T18:00:51.211922+00:00	240101	181bea01bc742734ae672fa00c717d855dd35e1f029536406538c52e7b0cd73d	1.4.0	Canonical locked binary-wheel installation reproduced with telemetry; exact file hash retained; disposable wheel removed after validation; exact official URL verified against published SHA256
.cache\install_validation\wheels\cycler-0.12.1-py3-none-any.whl	cycler-0.12.1-py3-none-any.whl	https://files.pythonhosted.org/packages/e7/05/c19819d5e3d95294a6f5947fb9b9629efb316b96de511b418c53d245aae6/cycler-0.12.1-py3-none-any.whl	2026-10-03T18:00:51.240292+00:00	8321	85cef7cff222d8644161529808465972e51340599459b8ac3ccbac5a854e0d30	0.12.1	Canonical locked binary-wheel installation reproduced with telemetry; exact file hash retained; disposable wheel removed after validation; exact official URL verified against published SHA256
.cache\install_validation\wheels\filelock-3.32.3-py3-none-any.whl	filelock-3.32.3-py3-none-any.whl	https://files.pythonhosted.org/packages/a7/8e/50f46a9c0ce8d2861a394c1347caae037ea0431d2f67d7feb151cbc4649a/filelock-3.32.3-py3-none-any.whl	2026-10-03T18:00:51.269128+00:00	98901	7f0ca4bcc0e181c60dbbd8aa9ab5b120ebb99e4e064e83636340056f833a1f09	3.32.3	Canonical locked binary-wheel installation reproduced with telemetry; exact file hash retained; disposable wheel removed after validation; exact official URL verified against published SHA256
.cache\install_validation\wheels\fonttools-4.66.1-cp314-cp314-win_amd64.whl	fonttools-4.66.1-cp314-cp314-win_amd64.whl	https://files.pythonhosted.org/packages/b2/53/629dbb4a40c4a7b3de61442c6b4430d36ab6e0e8cf941c547f4fd66f3337/fonttools-4.66.1-cp314-cp314-win_amd64.whl	2026-10-03T18:00:51.315541+00:00	2489763	05aeb146451f37289f782c3c861f3d0f4b86c2dd2e4620b46683544c7406640e	4.66.1	Canonical locked binary-wheel installation reproduced with telemetry; exact file hash retained; disposable wheel removed after validation; exact official URL verified against published SHA256
.cache\install_validation\wheels\fsspec-2026.7.0-py3-none-any.whl	fsspec-2026.7.0-py3-none-any.whl	https://files.pythonhosted.org/packages/fd/3c/6a2bf344106328fd04963664a60b9bb6496fc25df8e962fcdc1367285fb9/fsspec-2026.7.0-py3-none-any.whl	2026-10-03T18:00:51.363542+00:00	206583	b57ddbafedfaef7018c1ecab32aa200a9d7ca26b77965f64e48b70061249d279	2026.7.0	Canonical locked binary-wheel installation reproduced with telemetry; exact file hash retained; disposable wheel removed after validation; exact official URL verified against published SHA256
.cache\install_validation\wheels\iniconfig-2.3.0-py3-none-any.whl	iniconfig-2.3.0-py3-none-any.whl	https://files.pythonhosted.org/packages/cb/b1/3846dd7f199d53cb17f49cba7e651e9ce294d8497c8c150530ed11865bb8/iniconfig-2.3.0-py3-none-any.whl	2026-10-03T18:00:51.408854+00:00	7484	f631c04d2c48c52b84d0d0549c99ff3859c98df65b3101406327ecc7d53fbf12	2.3.0	Canonical locked binary-wheel installation reproduced with telemetry; exact file hash retained; disposable wheel removed after validation; exact official URL verified against published SHA256
.cache\install_validation\wheels\jinja2-3.1.6-py3-none-any.whl	jinja2-3.1.6-py3-none-any.whl	https://files.pythonhosted.org/packages/62/a1/3d680cbfd5f4b8f15abc1d571870c5fc3e594bb582bc3b64ea099db13e56/jinja2-3.1.6-py3-none-any.whl	2026-10-03T18:00:51.455382+00:00	134899	85ece4451f492d0c13c5dd7c13a64681a86afae63a5f347908daf103ce6d2f67	3.1.6	Canonical locked binary-wheel installation reproduced with telemetry; exact file hash retained; disposable wheel removed after validation; exact official URL verified against published SHA256
.cache\install_validation\wheels\kiwisolver-1.5.1-cp314-cp314-win_amd64.whl	kiwisolver-1.5.1-cp314-cp314-win_amd64.whl	https://files.pythonhosted.org/packages/4e/0e/49522e1ab5788cbaf63a26fbd3b851f9028616828c961b8a31b35cb96df8/kiwisolver-1.5.1-cp314-cp314-win_amd64.whl	2026-10-03T18:00:51.499371+00:00	72282	f4167e87b397f273dc2356fcf1eaf50a6bac51e6105f45103ef7129c8efb0255	1.5.1	Canonical locked binary-wheel installation reproduced with telemetry; exact file hash retained; disposable wheel removed after validation; exact official URL verified against published SHA256
.cache\install_validation\wheels\markupsafe-3.0.3-cp314-cp314-win_amd64.whl	markupsafe-3.0.3-cp314-cp314-win_amd64.whl	https://files.pythonhosted.org/packages/28/52/182836104b33b444e400b14f797212f720cbc9ed6ba34c800639d154e821/markupsafe-3.0.3-cp314-cp314-win_amd64.whl	2026-10-03T18:00:51.544388+00:00	15341	bdc919ead48f234740ad807933cdf545180bfbe9342c2bb451556db2ed958581	3.0.3	Canonical locked binary-wheel installation reproduced with telemetry; exact file hash retained; disposable wheel removed after validation; exact official URL verified against published SHA256
.cache\install_validation\wheels\matplotlib-3.11.2-cp314-cp314-win_amd64.whl	matplotlib-3.11.2-cp314-cp314-win_amd64.whl	https://files.pythonhosted.org/packages/ea/61/4315ef0d63937fe56f451887b4a0be3b8e8b22cf1d92a8d157caac54570d/matplotlib-3.11.2-cp314-cp314-win_amd64.whl	2026-10-03T18:00:51.613329+00:00	9505972	ecea603dd2fbf8242fd31a305a8b12a4ece2de28096870c65fdd0d1e35b8d9a6	3.11.2	Canonical locked binary-wheel installation reproduced with telemetry; exact file hash retained; disposable wheel removed after validation; exact official URL verified against published SHA256
.cache\install_validation\wheels\mpmath-1.3.0-py3-none-any.whl	mpmath-1.3.0-py3-none-any.whl	https://files.pythonhosted.org/packages/43/e3/7d92a15f894aa0c9c4b49b8ee9ac9850d6e63b03c9c32c0367a13ae62209/mpmath-1.3.0-py3-none-any.whl	2026-10-03T18:00:51.660590+00:00	536198	a0b2b9fe80bbcd81a6647ff13108738cfb482d481d826cc0e02f5b35e5c88d2c	1.3.0	Canonical locked binary-wheel installation reproduced with telemetry; exact file hash retained; disposable wheel removed after validation; exact official URL verified against published SHA256
.cache\install_validation\wheels\networkx-3.6.1-py3-none-any.whl	networkx-3.6.1-py3-none-any.whl	https://files.pythonhosted.org/packages/9e/c9/b2622292ea83fbb4ec318f5b9ab867d0a28ab43c5717bb85b0a5f6b3b0a4/networkx-3.6.1-py3-none-any.whl	2026-10-03T18:00:51.707943+00:00	2068504	d47fbf302e7d9cbbb9e2555a0d267983d2aa476bac30e90dfbe5669bd57f3762	3.6.1	Canonical locked binary-wheel installation reproduced with telemetry; exact file hash retained; disposable wheel removed after validation; exact official URL verified against published SHA256
.cache\install_validation\wheels\numpy-2.5.3-cp314-cp314-win_amd64.whl	numpy-2.5.3-cp314-cp314-win_amd64.whl	https://files.pythonhosted.org/packages/a4/73/d2c08231e4fde7e415501fd02c715d96e98599b2d8384445933944152984/numpy-2.5.3-cp314-cp314-win_amd64.whl	2026-10-03T18:00:51.774642+00:00	12698179	2c25dfa72943e4336ddb6b0ee4277b47a0c85bede0807530ec68103bf58e2c10	2.5.3	Canonical locked binary-wheel installation reproduced with telemetry; exact file hash retained; disposable wheel removed after validation; exact official URL verified against published SHA256
.cache\install_validation\wheels\packaging-26.3-py3-none-any.whl	packaging-26.3-py3-none-any.whl	https://files.pythonhosted.org/packages/63/34/ba1c580383c9eada3711951fef0795c80b829a078d72188184bcab9dd527/packaging-26.3-py3-none-any.whl	2026-10-03T18:00:51.826079+00:00	129956	d7193f7c8e4e93f444fde0262bf90af30e16fa0ad0ad44cb553c87339b23cd1c	26.3	Canonical locked binary-wheel installation reproduced with telemetry; exact file hash retained; disposable wheel removed after validation; exact official URL verified against published SHA256
.cache\install_validation\wheels\pillow-12.3.0-cp314-cp314-win_amd64.whl	pillow-12.3.0-cp314-cp314-win_amd64.whl	https://files.pythonhosted.org/packages/f1/e0/492879f69d94f91f60fc8cd05ba03650e9520afebb2fb7aa12777d7c7f38/pillow-12.3.0-cp314-cp314-win_amd64.whl	2026-10-03T18:00:51.886450+00:00	7237707	fdafc9cce40277e0f7a0feabce0ee50dd2fa1800f3b38015e51296b5e814048d	12.3.0	Canonical locked binary-wheel installation reproduced with telemetry; exact file hash retained; disposable wheel removed after validation; exact official URL verified against published SHA256
.cache\install_validation\wheels\pluggy-1.6.0-py3-none-any.whl	pluggy-1.6.0-py3-none-any.whl	https://files.pythonhosted.org/packages/54/20/4d324d65cc6d9205fabedc306948156824eb9f0ee1633355a8f7ec5c66bf/pluggy-1.6.0-py3-none-any.whl	2026-10-03T18:00:51.967164+00:00	20538	e920276dd6813095e9377c0bc5566d94c932c33b27a3e3945d8389c374dd4746	1.6.0	Canonical locked binary-wheel installation reproduced with telemetry; exact file hash retained; disposable wheel removed after validation; exact official URL verified against published SHA256
.cache\install_validation\wheels\psutil-7.2.2-cp37-abi3-win_amd64.whl	psutil-7.2.2-cp37-abi3-win_amd64.whl	https://files.pythonhosted.org/packages/b4/90/e2159492b5426be0c1fef7acba807a03511f97c5f86b3caeda6ad92351a7/psutil-7.2.2-cp37-abi3-win_amd64.whl	2026-10-03T18:00:52.017547+00:00	137737	eb7e81434c8d223ec4a219b5fc1c47d0417b12be7ea866e24fb5ad6e84b3d988	7.2.2	Canonical locked binary-wheel installation reproduced with telemetry; exact file hash retained; disposable wheel removed after validation; exact official URL verified against published SHA256
.cache\install_validation\wheels\pygments-2.21.0-py3-none-any.whl	pygments-2.21.0-py3-none-any.whl	https://files.pythonhosted.org/packages/71/46/17f022dd3e953bf20a04a028a21ec746d942f8d2af30fa0f124fa0e6a684/pygments-2.21.0-py3-none-any.whl	2026-10-03T18:00:52.069164+00:00	1250147	2363c69b61c4a97c838da3b130dcd6468f4848992b21a82f2a63ec34377137d9	2.21.0	Canonical locked binary-wheel installation reproduced with telemetry; exact file hash retained; disposable wheel removed after validation; exact official URL verified against published SHA256
.cache\install_validation\wheels\pyparsing-3.3.3-py3-none-any.whl	pyparsing-3.3.3-py3-none-any.whl	https://files.pythonhosted.org/packages/38/bb/d215ee7c73b61497b28a5503f9f53523f294fcc936762b7caf90e0c1c2b5/pyparsing-3.3.3-py3-none-any.whl	2026-10-03T18:00:52.117175+00:00	126420	ece8c00a69cf01b45d0b1dedabb469c90d8caf996d4fda40f147627a122849a4	3.3.3	Canonical locked binary-wheel installation reproduced with telemetry; exact file hash retained; disposable wheel removed after validation; exact official URL verified against published SHA256
.cache\install_validation\wheels\pytest-9.1.1-py3-none-any.whl	pytest-9.1.1-py3-none-any.whl	https://files.pythonhosted.org/packages/24/25/1de2678b631f5a49215c6c96fff41ba892b0a34df68d6d80292b1b48aa7f/pytest-9.1.1-py3-none-any.whl	2026-10-03T18:00:52.170651+00:00	386536	37a86b45efb9a47a61a36449063e8e18d0cab3161329fc099eb21783169c4f0c	9.1.1	Canonical locked binary-wheel installation reproduced with telemetry; exact file hash retained; disposable wheel removed after validation; exact official URL verified against published SHA256
.cache\install_validation\wheels\python_dateutil-2.9.0.post0-py2.py3-none-any.whl	python_dateutil-2.9.0.post0-py2.py3-none-any.whl	https://files.pythonhosted.org/packages/ec/57/56b9bcc3c9c6a792fcbaf139543cee77261f3651ca9da0c93f5c1221264b/python_dateutil-2.9.0.post0-py2.py3-none-any.whl	2026-10-03T18:00:52.219387+00:00	229892	a8b2bc7bffae282281c8140a97d3aa9c14da0b136dfe83f850eea9a5f7470427	2.9.0.post0	Canonical locked binary-wheel installation reproduced with telemetry; exact file hash retained; disposable wheel removed after validation; exact official URL verified against published SHA256
.cache\install_validation\wheels\pyyaml-6.0.3-cp314-cp314-win_amd64.whl	pyyaml-6.0.3-cp314-cp314-win_amd64.whl	https://files.pythonhosted.org/packages/23/20/bb6982b26a40bb43951265ba29d4c246ef0ff59c9fdcdf0ed04e0687de4d/pyyaml-6.0.3-cp314-cp314-win_amd64.whl	2026-10-03T18:00:52.264541+00:00	156429	4a2e8cebe2ff6ab7d1050ecd59c25d4c8bd7e6f400f5f82b96557ac0abafd0ac	6.0.3	Canonical locked binary-wheel installation reproduced with telemetry; exact file hash retained; disposable wheel removed after validation; exact official URL verified against published SHA256
.cache\install_validation\wheels\scipy-1.18.1-cp314-cp314-win_amd64.whl	scipy-1.18.1-cp314-cp314-win_amd64.whl	https://files.pythonhosted.org/packages/52/94/d73da0d28f16c45bb9b0a5691b91610b0275c5ef0eb5e43c87cf2dc1bf31/scipy-1.18.1-cp314-cp314-win_amd64.whl	2026-10-03T18:00:52.449876+00:00	37362755	78a0d7c918e74a232394117160e7e3db503377572a45bcef8826e4ab8a35feba	1.18.1	Canonical locked binary-wheel installation reproduced with telemetry; exact file hash retained; disposable wheel removed after validation; exact official URL verified against published SHA256
.cache\install_validation\wheels\setuptools-78.1.0-py3-none-any.whl	setuptools-78.1.0-py3-none-any.whl	https://files.pythonhosted.org/packages/54/21/f43f0a1fa8b06b32812e0975981f4677d28e0f3271601dc88ac5a5b83220/setuptools-78.1.0-py3-none-any.whl	2026-10-03T18:00:52.657183+00:00	1256108	3e386e96793c8702ae83d17b853fb93d3e09ef82ec62722e61da5cd22376dcd8	78.1.0	Canonical locked binary-wheel installation reproduced with telemetry; exact file hash retained; disposable wheel removed after validation; exact official URL verified against published SHA256
.cache\install_validation\wheels\six-1.17.0-py2.py3-none-any.whl	six-1.17.0-py2.py3-none-any.whl	https://files.pythonhosted.org/packages/b7/ce/149a00dd41f10bc29e5921b496af8b574d8413afcd5e30dfa0ed46c2cc5e/six-1.17.0-py2.py3-none-any.whl	2026-10-03T18:00:52.714626+00:00	11050	4721f391ed90541fddacab5acf947aa0d3dc7d27b2e1e8eda2be8970586c3274	1.17.0	Canonical locked binary-wheel installation reproduced with telemetry; exact file hash retained; disposable wheel removed after validation; exact official URL verified against published SHA256
.cache\install_validation\wheels\sympy-1.14.0-py3-none-any.whl	sympy-1.14.0-py3-none-any.whl	https://files.pythonhosted.org/packages/a2/09/77d55d46fd61b4a135c444fc97158ef34a095e5681d0a6c10b75bf356191/sympy-1.14.0-py3-none-any.whl	2026-10-03T18:00:52.780813+00:00	6299353	e091cc3e99d2141a0ba2847328f5479b05d94a6635cb96148ccb3f34671bd8f5	1.14.0	Canonical locked binary-wheel installation reproduced with telemetry; exact file hash retained; disposable wheel removed after validation; exact official URL verified against published SHA256
.cache\install_validation\wheels\torch-2.14.1+cpu-cp314-cp314-win_amd64.whl	torch-2.14.1+cpu-cp314-cp314-win_amd64.whl	https://download-r2.pytorch.org/whl/cpu/torch-2.14.1%2Bcpu-cp314-cp314-win_amd64.whl	2026-10-03T18:00:53.271767+00:00	125949396	a93db7947d53caab62c2436205a60ddf9c3150c2e09eb9b24610c1c3f4cbaf99	2.14.1+cpu	Canonical locked binary-wheel installation reproduced with telemetry; exact file hash retained; disposable wheel removed after validation; exact official URL verified against published SHA256
.cache\install_validation\wheels\typing_extensions-4.16.0-py3-none-any.whl	typing_extensions-4.16.0-py3-none-any.whl	https://files.pythonhosted.org/packages/49/d3/b8441a820a491ddfc024b0b0cf0393375b75ea13866d9c66727e54c2fc80/typing_extensions-4.16.0-py3-none-any.whl	2026-10-03T18:00:53.563217+00:00	45571	481caa481374e813c1b176ada14e97f1f67a4539ce9cfeb3f350d78d6370c2e8	4.16.0	Canonical locked binary-wheel installation reproduced with telemetry; exact file hash retained; disposable wheel removed after validation; exact official URL verified against published SHA256
data\raw\shellcheck_release.json	shellcheck_release	https://api.github.com/repos/koalaman/shellcheck/releases/latest	2026-10-03T18:04:21.145629+00:00	24732	4e7f2fc1658aeeeef276b0d577fbf1d0130903ad3a0678d76d449da9943630c7		Original bytes retained; cache timestamp retained on rerun
data\raw\shellcheck-v0.11.0.zip	shellcheck	https://github.com/koalaman/shellcheck/releases/download/v0.11.0/shellcheck-v0.11.0.zip	2026-10-03T18:05:32.000351+00:00	8068167	8a4e35ab0b331c85d73567b12f2a444df187f483e5079ceffa6bda1faa2e740e	v0.11.0	Original bytes retained; cache timestamp retained on rerun
.cache\install_validation\wheels\biopython-1.88-cp314-cp314-win_amd64.whl	biopython-1.88-cp314-cp314-win_amd64.whl	https://files.pythonhosted.org/packages/77/34/ea155a75d0a9748a85c14fb4ba141d01e28bf76f210a539095cee6457442/biopython-1.88-cp314-cp314-win_amd64.whl	2026-10-03T18:16:41.661009+00:00	2745968	0b8fea4940c58915e6d4c670f17f4e9c20797e9e26d4300b6efbe960b99d199d	1.88	Canonical locked binary-wheel installation reproduced with telemetry; exact file hash retained; disposable wheel removed after validation; exact official URL verified against published SHA256
.cache\install_validation\wheels\colorama-0.4.6-py2.py3-none-any.whl	colorama-0.4.6-py2.py3-none-any.whl	https://files.pythonhosted.org/packages/d1/d6/3965ed04c63042e047cb6a3e6ed1a63a35087b6a609aa3a15ed8ac56c221/colorama-0.4.6-py2.py3-none-any.whl	2026-10-03T18:16:41.705453+00:00	25335	4f1d9991f5acc0ca119f9d443620b77f9d6b33703e51011c16baf57afb285fc6	0.4.6	Canonical locked binary-wheel installation reproduced with telemetry; exact file hash retained; disposable wheel removed after validation; exact official URL verified against published SHA256
.cache\install_validation\wheels\contourpy-1.4.0-cp314-cp314-win_amd64.whl	contourpy-1.4.0-cp314-cp314-win_amd64.whl	https://files.pythonhosted.org/packages/15/41/3df8cc14bb572c8b447f9dfbc876703f0f2f2896058285b5c87a1d4a638d/contourpy-1.4.0-cp314-cp314-win_amd64.whl	2026-10-03T18:16:41.763190+00:00	240101	181bea01bc742734ae672fa00c717d855dd35e1f029536406538c52e7b0cd73d	1.4.0	Canonical locked binary-wheel installation reproduced with telemetry; exact file hash retained; disposable wheel removed after validation; exact official URL verified against published SHA256
.cache\install_validation\wheels\cycler-0.12.1-py3-none-any.whl	cycler-0.12.1-py3-none-any.whl	https://files.pythonhosted.org/packages/e7/05/c19819d5e3d95294a6f5947fb9b9629efb316b96de511b418c53d245aae6/cycler-0.12.1-py3-none-any.whl	2026-10-03T18:16:41.818998+00:00	8321	85cef7cff222d8644161529808465972e51340599459b8ac3ccbac5a854e0d30	0.12.1	Canonical locked binary-wheel installation reproduced with telemetry; exact file hash retained; disposable wheel removed after validation; exact official URL verified against published SHA256
.cache\install_validation\wheels\filelock-3.32.3-py3-none-any.whl	filelock-3.32.3-py3-none-any.whl	https://files.pythonhosted.org/packages/a7/8e/50f46a9c0ce8d2861a394c1347caae037ea0431d2f67d7feb151cbc4649a/filelock-3.32.3-py3-none-any.whl	2026-10-03T18:16:41.877037+00:00	98901	7f0ca4bcc0e181c60dbbd8aa9ab5b120ebb99e4e064e83636340056f833a1f09	3.32.3	Canonical locked binary-wheel installation reproduced with telemetry; exact file hash retained; disposable wheel removed after validation; exact official URL verified against published SHA256
.cache\install_validation\wheels\fonttools-4.66.1-cp314-cp314-win_amd64.whl	fonttools-4.66.1-cp314-cp314-win_amd64.whl	https://files.pythonhosted.org/packages/b2/53/629dbb4a40c4a7b3de61442c6b4430d36ab6e0e8cf941c547f4fd66f3337/fonttools-4.66.1-cp314-cp314-win_amd64.whl	2026-10-03T18:16:41.938958+00:00	2489763	05aeb146451f37289f782c3c861f3d0f4b86c2dd2e4620b46683544c7406640e	4.66.1	Canonical locked binary-wheel installation reproduced with telemetry; exact file hash retained; disposable wheel removed after validation; exact official URL verified against published SHA256
.cache\install_validation\wheels\fsspec-2026.7.0-py3-none-any.whl	fsspec-2026.7.0-py3-none-any.whl	https://files.pythonhosted.org/packages/fd/3c/6a2bf344106328fd04963664a60b9bb6496fc25df8e962fcdc1367285fb9/fsspec-2026.7.0-py3-none-any.whl	2026-10-03T18:16:42.000395+00:00	206583	b57ddbafedfaef7018c1ecab32aa200a9d7ca26b77965f64e48b70061249d279	2026.7.0	Canonical locked binary-wheel installation reproduced with telemetry; exact file hash retained; disposable wheel removed after validation; exact official URL verified against published SHA256
.cache\install_validation\wheels\iniconfig-2.3.0-py3-none-any.whl	iniconfig-2.3.0-py3-none-any.whl	https://files.pythonhosted.org/packages/cb/b1/3846dd7f199d53cb17f49cba7e651e9ce294d8497c8c150530ed11865bb8/iniconfig-2.3.0-py3-none-any.whl	2026-10-03T18:16:42.055468+00:00	7484	f631c04d2c48c52b84d0d0549c99ff3859c98df65b3101406327ecc7d53fbf12	2.3.0	Canonical locked binary-wheel installation reproduced with telemetry; exact file hash retained; disposable wheel removed after validation; exact official URL verified against published SHA256
.cache\install_validation\wheels\jinja2-3.1.6-py3-none-any.whl	jinja2-3.1.6-py3-none-any.whl	https://files.pythonhosted.org/packages/62/a1/3d680cbfd5f4b8f15abc1d571870c5fc3e594bb582bc3b64ea099db13e56/jinja2-3.1.6-py3-none-any.whl	2026-10-03T18:16:42.119785+00:00	134899	85ece4451f492d0c13c5dd7c13a64681a86afae63a5f347908daf103ce6d2f67	3.1.6	Canonical locked binary-wheel installation reproduced with telemetry; exact file hash retained; disposable wheel removed after validation; exact official URL verified against published SHA256
.cache\install_validation\wheels\kiwisolver-1.5.1-cp314-cp314-win_amd64.whl	kiwisolver-1.5.1-cp314-cp314-win_amd64.whl	https://files.pythonhosted.org/packages/4e/0e/49522e1ab5788cbaf63a26fbd3b851f9028616828c961b8a31b35cb96df8/kiwisolver-1.5.1-cp314-cp314-win_amd64.whl	2026-10-03T18:16:42.174001+00:00	72282	f4167e87b397f273dc2356fcf1eaf50a6bac51e6105f45103ef7129c8efb0255	1.5.1	Canonical locked binary-wheel installation reproduced with telemetry; exact file hash retained; disposable wheel removed after validation; exact official URL verified against published SHA256
.cache\install_validation\wheels\markupsafe-3.0.3-cp314-cp314-win_amd64.whl	markupsafe-3.0.3-cp314-cp314-win_amd64.whl	https://files.pythonhosted.org/packages/28/52/182836104b33b444e400b14f797212f720cbc9ed6ba34c800639d154e821/markupsafe-3.0.3-cp314-cp314-win_amd64.whl	2026-10-03T18:16:42.235101+00:00	15341	bdc919ead48f234740ad807933cdf545180bfbe9342c2bb451556db2ed958581	3.0.3	Canonical locked binary-wheel installation reproduced with telemetry; exact file hash retained; disposable wheel removed after validation; exact official URL verified against published SHA256
.cache\install_validation\wheels\matplotlib-3.11.2-cp314-cp314-win_amd64.whl	matplotlib-3.11.2-cp314-cp314-win_amd64.whl	https://files.pythonhosted.org/packages/ea/61/4315ef0d63937fe56f451887b4a0be3b8e8b22cf1d92a8d157caac54570d/matplotlib-3.11.2-cp314-cp314-win_amd64.whl	2026-10-03T18:16:42.331291+00:00	9505972	ecea603dd2fbf8242fd31a305a8b12a4ece2de28096870c65fdd0d1e35b8d9a6	3.11.2	Canonical locked binary-wheel installation reproduced with telemetry; exact file hash retained; disposable wheel removed after validation; exact official URL verified against published SHA256
.cache\install_validation\wheels\mpmath-1.3.0-py3-none-any.whl	mpmath-1.3.0-py3-none-any.whl	https://files.pythonhosted.org/packages/43/e3/7d92a15f894aa0c9c4b49b8ee9ac9850d6e63b03c9c32c0367a13ae62209/mpmath-1.3.0-py3-none-any.whl	2026-10-03T18:16:42.406769+00:00	536198	a0b2b9fe80bbcd81a6647ff13108738cfb482d481d826cc0e02f5b35e5c88d2c	1.3.0	Canonical locked binary-wheel installation reproduced with telemetry; exact file hash retained; disposable wheel removed after validation; exact official URL verified against published SHA256
.cache\install_validation\wheels\networkx-3.6.1-py3-none-any.whl	networkx-3.6.1-py3-none-any.whl	https://files.pythonhosted.org/packages/9e/c9/b2622292ea83fbb4ec318f5b9ab867d0a28ab43c5717bb85b0a5f6b3b0a4/networkx-3.6.1-py3-none-any.whl	2026-10-03T18:16:42.466611+00:00	2068504	d47fbf302e7d9cbbb9e2555a0d267983d2aa476bac30e90dfbe5669bd57f3762	3.6.1	Canonical locked binary-wheel installation reproduced with telemetry; exact file hash retained; disposable wheel removed after validation; exact official URL verified against published SHA256
.cache\install_validation\wheels\numpy-2.5.3-cp314-cp314-win_amd64.whl	numpy-2.5.3-cp314-cp314-win_amd64.whl	https://files.pythonhosted.org/packages/a4/73/d2c08231e4fde7e415501fd02c715d96e98599b2d8384445933944152984/numpy-2.5.3-cp314-cp314-win_amd64.whl	2026-10-03T18:16:42.544694+00:00	12698179	2c25dfa72943e4336ddb6b0ee4277b47a0c85bede0807530ec68103bf58e2c10	2.5.3	Canonical locked binary-wheel installation reproduced with telemetry; exact file hash retained; disposable wheel removed after validation; exact official URL verified against published SHA256
.cache\install_validation\wheels\packaging-26.3-py3-none-any.whl	packaging-26.3-py3-none-any.whl	https://files.pythonhosted.org/packages/63/34/ba1c580383c9eada3711951fef0795c80b829a078d72188184bcab9dd527/packaging-26.3-py3-none-any.whl	2026-10-03T18:16:42.633680+00:00	129956	d7193f7c8e4e93f444fde0262bf90af30e16fa0ad0ad44cb553c87339b23cd1c	26.3	Canonical locked binary-wheel installation reproduced with telemetry; exact file hash retained; disposable wheel removed after validation; exact official URL verified against published SHA256
.cache\install_validation\wheels\pillow-12.3.0-cp314-cp314-win_amd64.whl	pillow-12.3.0-cp314-cp314-win_amd64.whl	https://files.pythonhosted.org/packages/f1/e0/492879f69d94f91f60fc8cd05ba03650e9520afebb2fb7aa12777d7c7f38/pillow-12.3.0-cp314-cp314-win_amd64.whl	2026-10-03T18:16:42.693884+00:00	7237707	fdafc9cce40277e0f7a0feabce0ee50dd2fa1800f3b38015e51296b5e814048d	12.3.0	Canonical locked binary-wheel installation reproduced with telemetry; exact file hash retained; disposable wheel removed after validation; exact official URL verified against published SHA256
.cache\install_validation\wheels\pluggy-1.6.0-py3-none-any.whl	pluggy-1.6.0-py3-none-any.whl	https://files.pythonhosted.org/packages/54/20/4d324d65cc6d9205fabedc306948156824eb9f0ee1633355a8f7ec5c66bf/pluggy-1.6.0-py3-none-any.whl	2026-10-03T18:16:42.748974+00:00	20538	e920276dd6813095e9377c0bc5566d94c932c33b27a3e3945d8389c374dd4746	1.6.0	Canonical locked binary-wheel installation reproduced with telemetry; exact file hash retained; disposable wheel removed after validation; exact official URL verified against published SHA256
.cache\install_validation\wheels\psutil-7.2.2-cp37-abi3-win_amd64.whl	psutil-7.2.2-cp37-abi3-win_amd64.whl	https://files.pythonhosted.org/packages/b4/90/e2159492b5426be0c1fef7acba807a03511f97c5f86b3caeda6ad92351a7/psutil-7.2.2-cp37-abi3-win_amd64.whl	2026-10-03T18:16:42.784154+00:00	137737	eb7e81434c8d223ec4a219b5fc1c47d0417b12be7ea866e24fb5ad6e84b3d988	7.2.2	Canonical locked binary-wheel installation reproduced with telemetry; exact file hash retained; disposable wheel removed after validation; exact official URL verified against published SHA256
.cache\install_validation\wheels\pygments-2.21.0-py3-none-any.whl	pygments-2.21.0-py3-none-any.whl	https://files.pythonhosted.org/packages/71/46/17f022dd3e953bf20a04a028a21ec746d942f8d2af30fa0f124fa0e6a684/pygments-2.21.0-py3-none-any.whl	2026-10-03T18:16:42.833154+00:00	1250147	2363c69b61c4a97c838da3b130dcd6468f4848992b21a82f2a63ec34377137d9	2.21.0	Canonical locked binary-wheel installation reproduced with telemetry; exact file hash retained; disposable wheel removed after validation; exact official URL verified against published SHA256
.cache\install_validation\wheels\pyparsing-3.3.3-py3-none-any.whl	pyparsing-3.3.3-py3-none-any.whl	https://files.pythonhosted.org/packages/38/bb/d215ee7c73b61497b28a5503f9f53523f294fcc936762b7caf90e0c1c2b5/pyparsing-3.3.3-py3-none-any.whl	2026-10-03T18:16:42.876606+00:00	126420	ece8c00a69cf01b45d0b1dedabb469c90d8caf996d4fda40f147627a122849a4	3.3.3	Canonical locked binary-wheel installation reproduced with telemetry; exact file hash retained; disposable wheel removed after validation; exact official URL verified against published SHA256
.cache\install_validation\wheels\pytest-9.1.1-py3-none-any.whl	pytest-9.1.1-py3-none-any.whl	https://files.pythonhosted.org/packages/24/25/1de2678b631f5a49215c6c96fff41ba892b0a34df68d6d80292b1b48aa7f/pytest-9.1.1-py3-none-any.whl	2026-10-03T18:16:42.925944+00:00	386536	37a86b45efb9a47a61a36449063e8e18d0cab3161329fc099eb21783169c4f0c	9.1.1	Canonical locked binary-wheel installation reproduced with telemetry; exact file hash retained; disposable wheel removed after validation; exact official URL verified against published SHA256
.cache\install_validation\wheels\python_dateutil-2.9.0.post0-py2.py3-none-any.whl	python_dateutil-2.9.0.post0-py2.py3-none-any.whl	https://files.pythonhosted.org/packages/ec/57/56b9bcc3c9c6a792fcbaf139543cee77261f3651ca9da0c93f5c1221264b/python_dateutil-2.9.0.post0-py2.py3-none-any.whl	2026-10-03T18:16:42.967401+00:00	229892	a8b2bc7bffae282281c8140a97d3aa9c14da0b136dfe83f850eea9a5f7470427	2.9.0.post0	Canonical locked binary-wheel installation reproduced with telemetry; exact file hash retained; disposable wheel removed after validation; exact official URL verified against published SHA256
.cache\install_validation\wheels\pyyaml-6.0.3-cp314-cp314-win_amd64.whl	pyyaml-6.0.3-cp314-cp314-win_amd64.whl	https://files.pythonhosted.org/packages/23/20/bb6982b26a40bb43951265ba29d4c246ef0ff59c9fdcdf0ed04e0687de4d/pyyaml-6.0.3-cp314-cp314-win_amd64.whl	2026-10-03T18:16:43.013627+00:00	156429	4a2e8cebe2ff6ab7d1050ecd59c25d4c8bd7e6f400f5f82b96557ac0abafd0ac	6.0.3	Canonical locked binary-wheel installation reproduced with telemetry; exact file hash retained; disposable wheel removed after validation; exact official URL verified against published SHA256
.cache\install_validation\wheels\scipy-1.18.1-cp314-cp314-win_amd64.whl	scipy-1.18.1-cp314-cp314-win_amd64.whl	https://files.pythonhosted.org/packages/52/94/d73da0d28f16c45bb9b0a5691b91610b0275c5ef0eb5e43c87cf2dc1bf31/scipy-1.18.1-cp314-cp314-win_amd64.whl	2026-10-03T18:16:43.139624+00:00	37362755	78a0d7c918e74a232394117160e7e3db503377572a45bcef8826e4ab8a35feba	1.18.1	Canonical locked binary-wheel installation reproduced with telemetry; exact file hash retained; disposable wheel removed after validation; exact official URL verified against published SHA256
.cache\install_validation\wheels\setuptools-78.1.0-py3-none-any.whl	setuptools-78.1.0-py3-none-any.whl	https://files.pythonhosted.org/packages/54/21/f43f0a1fa8b06b32812e0975981f4677d28e0f3271601dc88ac5a5b83220/setuptools-78.1.0-py3-none-any.whl	2026-10-03T18:16:43.268749+00:00	1256108	3e386e96793c8702ae83d17b853fb93d3e09ef82ec62722e61da5cd22376dcd8	78.1.0	Canonical locked binary-wheel installation reproduced with telemetry; exact file hash retained; disposable wheel removed after validation; exact official URL verified against published SHA256
.cache\install_validation\wheels\six-1.17.0-py2.py3-none-any.whl	six-1.17.0-py2.py3-none-any.whl	https://files.pythonhosted.org/packages/b7/ce/149a00dd41f10bc29e5921b496af8b574d8413afcd5e30dfa0ed46c2cc5e/six-1.17.0-py2.py3-none-any.whl	2026-10-03T18:16:43.322735+00:00	11050	4721f391ed90541fddacab5acf947aa0d3dc7d27b2e1e8eda2be8970586c3274	1.17.0	Canonical locked binary-wheel installation reproduced with telemetry; exact file hash retained; disposable wheel removed after validation; exact official URL verified against published SHA256
.cache\install_validation\wheels\sympy-1.14.0-py3-none-any.whl	sympy-1.14.0-py3-none-any.whl	https://files.pythonhosted.org/packages/a2/09/77d55d46fd61b4a135c444fc97158ef34a095e5681d0a6c10b75bf356191/sympy-1.14.0-py3-none-any.whl	2026-10-03T18:16:43.388175+00:00	6299353	e091cc3e99d2141a0ba2847328f5479b05d94a6635cb96148ccb3f34671bd8f5	1.14.0	Canonical locked binary-wheel installation reproduced with telemetry; exact file hash retained; disposable wheel removed after validation; exact official URL verified against published SHA256
.cache\install_validation\wheels\torch-2.14.1+cpu-cp314-cp314-win_amd64.whl	torch-2.14.1+cpu-cp314-cp314-win_amd64.whl	https://download-r2.pytorch.org/whl/cpu/torch-2.14.1%2Bcpu-cp314-cp314-win_amd64.whl	2026-10-03T18:16:43.778630+00:00	125949396	a93db7947d53caab62c2436205a60ddf9c3150c2e09eb9b24610c1c3f4cbaf99	2.14.1+cpu	Canonical locked binary-wheel installation reproduced with telemetry; exact file hash retained; disposable wheel removed after validation; exact official URL verified against published SHA256
.cache\install_validation\wheels\typing_extensions-4.16.0-py3-none-any.whl	typing_extensions-4.16.0-py3-none-any.whl	https://files.pythonhosted.org/packages/49/d3/b8441a820a491ddfc024b0b0cf0393375b75ea13866d9c66727e54c2fc80/typing_extensions-4.16.0-py3-none-any.whl	2026-10-03T18:16:44.098328+00:00	45571	481caa481374e813c1b176ada14e97f1f67a4539ce9cfeb3f350d78d6370c2e8	4.16.0	Canonical locked binary-wheel installation reproduced with telemetry; exact file hash retained; disposable wheel removed after validation; exact official URL verified against published SHA256
data\raw\PMC1563869.html	PMC1563869	https://pmc.ncbi.nlm.nih.gov/articles/PMC1563869/	2026-10-03T18:25:40.789386+00:00	209492	a68edceaac17942c46ddfde9deba3edfa7efdc203bd928c7ba481d9c72b6abda		Original bytes retained; cache timestamp retained on rerun
vendor\ProteinMPNN\LICENSE	ProteinMPNN	https://github.com/dauparas/ProteinMPNN/blob/8907e6671bfbfc92303b5f79c4b5e6ce47cdef57/LICENSE	2026-10-03T18:45:02.596541+00:00	1072	82009d25ce585631f452b2b24589bdb29c559ccfefa2f200ef312ed5b501a586	8907e6671bfbfc92303b5f79c4b5e6ce47cdef57	Retrieved by Git; selective files audited
vendor\ProteinMPNN\README.md	ProteinMPNN	https://github.com/dauparas/ProteinMPNN/blob/8907e6671bfbfc92303b5f79c4b5e6ce47cdef57/README.md	2026-10-03T18:45:02.678921+00:00	10277	772ebe52d2ba5100a28a888910c6f0c9fd4ded1d1372e3d89f6f1c48707e0365	8907e6671bfbfc92303b5f79c4b5e6ce47cdef57	Retrieved by Git; selective files audited
vendor\ProteinMPNN\soluble_model_weights\v_48_020.pt	ProteinMPNN	https://github.com/dauparas/ProteinMPNN/blob/8907e6671bfbfc92303b5f79c4b5e6ce47cdef57/soluble_model_weights/v_48_020.pt	2026-10-03T18:45:02.770460+00:00	6681301	7af52d090172c230c7f0e9d21e02203f6b3a38b16db58d3c7a3960e0a9a6e31a	8907e6671bfbfc92303b5f79c4b5e6ce47cdef57	Retrieved by Git; selective files audited
vendor\ProteinMPNN\vanilla_model_weights\v_48_020.pt	ProteinMPNN	https://github.com/dauparas/ProteinMPNN/blob/8907e6671bfbfc92303b5f79c4b5e6ce47cdef57/vanilla_model_weights/v_48_020.pt	2026-10-03T18:45:02.832023+00:00	6681301	c9cb4a671d79604111231f8dbfc7c590e06f1197453b7a6854ac6661a642f5bd	8907e6671bfbfc92303b5f79c4b5e6ce47cdef57	Retrieved by Git; selective files audited
vendor\EvoEF2\LICENSE	EvoEF2	https://github.com/tommyhuangthu/EvoEF2/blob/38df01d305ed728ef067c3e0d22072058f33e255/LICENSE	2026-10-03T18:45:02.980919+00:00	1109	0aa00be531f5a017b5ef8f462f2e0292a92f81825e72bd376c9f68a4d9099877	38df01d305ed728ef067c3e0d22072058f33e255	Retrieved by Git; selective files audited
vendor\EvoEF2\README.md	EvoEF2	https://github.com/tommyhuangthu/EvoEF2/blob/38df01d305ed728ef067c3e0d22072058f33e255/README.md	2026-10-03T18:45:03.031986+00:00	8721	8d09e693e558a6495149a98d1d533747100f89086c50c7ec54d2e193da351712	38df01d305ed728ef067c3e0d22072058f33e255	Retrieved by Git; selective files audited
vendor\EvoEF2\EvoEF2_local.exe	EvoEF2	https://github.com/tommyhuangthu/EvoEF2/tree/38df01d305ed728ef067c3e0d22072058f33e255	2026-10-03T18:45:03.108932+00:00	758961	cb8f92c447903b65c9b5423559996aabd5f0bbca7c4997602554856a34f5ffea	38df01d305ed728ef067c3e0d22072058f33e255	Locally compiled from pinned source; executable was not downloaded; g++ -O3 -static with existing GCC 4.4.7
data\raw\wheel_metadata\biopython-1.88.json	biopython	https://pypi.org/pypi/biopython/1.88/json	2026-10-03T18:52:26.041686+00:00	50261	01ca48fecfc509d9360ae1e839efd26ce54c022fe4de6af8c6b4f9cc2dbdca30	1.88	Original bytes retained; cache timestamp retained on rerun
data\raw\wheel_metadata\colorama-0.4.6.json	colorama	https://pypi.org/pypi/colorama/0.4.6/json	2026-10-03T18:52:27.757294+00:00	19759	43fb351344384a44c2b7d7fff1c63496b89ac830aea714301525c1f3718addd1	0.4.6	Original bytes retained; cache timestamp retained on rerun
data\raw\wheel_metadata\contourpy-1.4.0.json	contourpy	https://pypi.org/pypi/contourpy/1.4.0/json	2026-10-03T18:52:29.242391+00:00	64674	38b45f9f0cc556a4b2621ae474419bff5ffeb0d01e3582579206af5ff8a5bd3b	1.4.0	Original bytes retained; cache timestamp retained on rerun
data\raw\wheel_metadata\cycler-0.12.1.json	cycler	https://pypi.org/pypi/cycler/0.12.1/json	2026-10-03T18:52:30.434223+00:00	5598	c4dc853a4b3611f48cfef3e363faeb85c70af63e3d49fe2c64dbe56ab5d688f0	0.12.1	Original bytes retained; cache timestamp retained on rerun
data\raw\wheel_metadata\filelock-3.32.3.json	filelock	https://pypi.org/pypi/filelock/3.32.3/json	2026-10-03T18:52:32.004774+00:00	4102	858083e07740f7a2cf4b79a2e734771c24f0565adb6231909cf35c1c2c997822	3.32.3	Original bytes retained; cache timestamp retained on rerun
data\raw\wheel_metadata\fonttools-4.66.1.json	fonttools	https://pypi.org/pypi/fonttools/4.66.1/json	2026-10-03T18:52:33.627701+00:00	183144	6b0790228a44c7f2be7502ddb65410c80d83cf2300c7fc380ddb1f7bfb097481	4.66.1	Original bytes retained; cache timestamp retained on rerun
data\raw\wheel_metadata\fsspec-2026.7.0.json	fsspec	https://pypi.org/pypi/fsspec/2026.7.0/json	2026-10-03T18:52:35.228529+00:00	11291	55eeed4d2aa6c53010b8dc6ac67ce83f2620ef17203c5922f5a642f479b484b0	2026.7.0	Original bytes retained; cache timestamp retained on rerun
data\raw\wheel_metadata\iniconfig-2.3.0.json	iniconfig	https://pypi.org/pypi/iniconfig/2.3.0/json	2026-10-03T18:52:36.811867+00:00	4687	38c06d73779f13d8e4b48d48b3c524ff23e59d7be4bdb44cb6d90b3c5eb20182	2.3.0	Original bytes retained; cache timestamp retained on rerun
data\raw\wheel_metadata\jinja2-3.1.6.json	jinja2	https://pypi.org/pypi/jinja2/3.1.6/json	2026-10-03T18:52:38.354724+00:00	4925	1bc757d7065f3e67d3a49e72ebc731d0774055575732592eede9820c136329cc	3.1.6	Original bytes retained; cache timestamp retained on rerun
data\raw\wheel_metadata\kiwisolver-1.5.1.json	kiwisolver	https://pypi.org/pypi/kiwisolver/1.5.1/json	2026-10-03T18:52:40.061571+00:00	128722	9b4053c476b6cd0da61e905cc5cdf4a7309dc0ce17809475e615c5444ade86fe	1.5.1	Original bytes retained; cache timestamp retained on rerun
data\raw\wheel_metadata\markupsafe-3.0.3.json	markupsafe	https://pypi.org/pypi/markupsafe/3.0.3/json	2026-10-03T18:52:41.667991+00:00	80718	0de4f18187d0fc2318de8504c4178f2297bc7cfa7a55adfb6d013190aff8cff4	3.0.3	Original bytes retained; cache timestamp retained on rerun
data\raw\wheel_metadata\matplotlib-3.11.2.json	matplotlib	https://pypi.org/pypi/matplotlib/3.11.2/json	2026-10-03T18:52:43.329435+00:00	128500	5f75d7e3ecb136a2b41d647188dd25f670558870661e0f870aedc76643d20606	3.11.2	Original bytes retained; cache timestamp retained on rerun
data\raw\wheel_metadata\mpmath-1.3.0.json	mpmath	https://pypi.org/pypi/mpmath/1.3.0/json	2026-10-03T18:52:44.800367+00:00	10700	87119e683fa33e0fcbca594469c138ecd42294fa5194f525c86787eefdfb77aa	1.3.0	Original bytes retained; cache timestamp retained on rerun
data\raw\wheel_metadata\networkx-3.6.1.json	networkx	https://pypi.org/pypi/networkx/3.6.1/json	2026-10-03T18:52:46.195764+00:00	8458	086ea20eae0bce8c0100f4ad27141818546f904be441a713ce4c3a7f2d650d19	3.6.1	Original bytes retained; cache timestamp retained on rerun
data\raw\wheel_metadata\numpy-2.5.3.json	numpy	https://pypi.org/pypi/numpy/2.5.3/json	2026-10-03T18:52:48.059995+00:00	63149	497ade587d7c2cad83a918ca79b9776dbde9eddf4c0abddbfb637b27160e87a9	2.5.3	Original bytes retained; cache timestamp retained on rerun
data\raw\wheel_metadata\packaging-26.3.json	packaging	https://pypi.org/pypi/packaging/26.3/json	2026-10-03T18:52:49.424551+00:00	5748	4f190d2f0b312b3086058cee64ab4333bf3ce67fb78b4c2bdb43899049b29f4d	26.3	Original bytes retained; cache timestamp retained on rerun
data\raw\wheel_metadata\pillow-12.3.0.json	pillow	https://pypi.org/pypi/pillow/12.3.0/json	2026-10-03T18:52:50.951292+00:00	84184	63159d6013cf20f98ff9caeb8b0b210b7f5877975587f4265397ffb0fd8c72a0	12.3.0	Original bytes retained; cache timestamp retained on rerun
data\raw\wheel_metadata\pluggy-1.6.0.json	pluggy	https://pypi.org/pypi/pluggy/1.6.0/json	2026-10-03T18:52:52.432268+00:00	7064	db23d1227f5870da7538b1e29371d9fc9a93b0499989f8e3ef021fdccd75bc8e	1.6.0	Original bytes retained; cache timestamp retained on rerun
data\raw\wheel_metadata\psutil-7.2.2.json	psutil	https://pypi.org/pypi/psutil/7.2.2/json	2026-10-03T18:52:53.729878+00:00	40819	84f9d2597c3c15fe19d1ce069bfdbf25951dc423dc51d67c3979468c029b6415	7.2.2	Original bytes retained; cache timestamp retained on rerun
data\raw\wheel_metadata\pygments-2.21.0.json	pygments	https://pypi.org/pypi/pygments/2.21.0/json	2026-10-03T18:52:55.088065+00:00	4500	330104a10adc8a587e3f98f4e207557125ca0c1d489e129334da5acb2b813a03	2.21.0	Original bytes retained; cache timestamp retained on rerun
data\raw\wheel_metadata\pyparsing-3.3.3.json	pyparsing	https://pypi.org/pypi/pyparsing/3.3.3/json	2026-10-03T18:52:56.651521+00:00	7951	b851d5414eca50b38263f56c00a1fbec80383a26a3ad8e41a204b72cdeee5751	3.3.3	Original bytes retained; cache timestamp retained on rerun
data\raw\wheel_metadata\pytest-9.1.1.json	pytest	https://pypi.org/pypi/pytest/9.1.1/json	2026-10-03T18:52:58.137072+00:00	9742	8ed48304ba7fd0ae974a041f117487b499d553b40e5ce55a9ece677e946f68dd	9.1.1	Original bytes retained; cache timestamp retained on rerun
data\raw\wheel_metadata\python_dateutil-2.9.0.post0.json	python_dateutil	https://pypi.org/pypi/python_dateutil/2.9.0.post0/json	2026-10-03T18:52:59.654915+00:00	10760	65747bc111eb972ae6f477f211253f21e25738cb7d894ddb80ddd65f620b58a7	2.9.0.post0	Original bytes retained; cache timestamp retained on rerun
data\raw\wheel_metadata\pyyaml-6.0.3.json	pyyaml	https://pypi.org/pypi/pyyaml/6.0.3/json	2026-10-03T18:53:01.163881+00:00	66402	c3f35597bc2f08cc990c2a5fe57bef6687b3a3d7c61d8b0ba4cc067777eb1def	6.0.3	Original bytes retained; cache timestamp retained on rerun
data\raw\wheel_metadata\scipy-1.18.1.json	scipy	https://pypi.org/pypi/scipy/1.18.1/json	2026-10-03T18:53:02.783645+00:00	115861	8fc6948fe40ecc069474738e18405af6cab47eefb2ddce5ac017bf342df5a470	1.18.1	Original bytes retained; cache timestamp retained on rerun
data\raw\wheel_metadata\setuptools-78.1.0.json	setuptools	https://pypi.org/pypi/setuptools/78.1.0/json	2026-10-03T18:53:04.463995+00:00	15206	b6acf1216348f895f82d5415f044dfd45ec257dbfe2ec7c236beaf7dc5e8417a	78.1.0	Original bytes retained; cache timestamp retained on rerun
data\raw\wheel_metadata\six-1.17.0.json	six	https://pypi.org/pypi/six/1.17.0/json	2026-10-03T18:53:05.966385+00:00	3904	d8de39dd52b73048d81a8fd78022ee2bc72f8b568bcf0d88e5d5069c302b1208	1.17.0	Original bytes retained; cache timestamp retained on rerun
data\raw\wheel_metadata\sympy-1.14.0.json	sympy	https://pypi.org/pypi/sympy/1.14.0/json	2026-10-03T18:53:07.898073+00:00	15089	7f17c97b2d9ccec17969f30bd7e43c58db3de1145cd1cf00773e48991048d176	1.14.0	Original bytes retained; cache timestamp retained on rerun
data\raw\torch_cpu_wheel_index.html	torch_CPU_index	https://download.pytorch.org/whl/cpu/torch/	2026-10-03T18:53:11.358831+00:00	414325	a447cda4e8daf22c84dcd6a4b1b5a055fb11c63cd768600e9c8c04e86d63ecfd		Original bytes retained; cache timestamp retained on rerun
data\raw\wheel_metadata\typing_extensions-4.16.0.json	typing_extensions	https://pypi.org/pypi/typing_extensions/4.16.0/json	2026-10-03T18:53:12.859557+00:00	5631	2140da00d62dde967f52d0be0ae28444f1d6a3fe603f52c83c23988c32122d5a	4.16.0	Original bytes retained; cache timestamp retained on rerun
