haplotype_id	split	genotype	subtype_distribution	number_of_sequences	mutations_from_reference	modeled_positions	unmodeled_positions	repair_status	clash_count_before	clash_count_after	structure_hash	path
reference	discovery	experimental_template	not_population_sample	0				repaired		2	6acbc194983985496582a95b47c05232228c54d304af9bca56c19ff0889976db	data\processed\states\discovery\reference.pdb
hap_ba23a7799e5c	discovery	1,unknown	"{""1b"": 4, ""unknown"": 2}"	6	I438L,S440A,S446R	438,440,446		BuildMutant plus RepairStructure verified source defaults	not_defined_for_missing_sidechains	4	bad40a9ad704d9d925177f471e7a96de34ca9aa0a4a18743f77afc4dd0dea8ec	data\processed\states\discovery\hap_ba23a7799e5c.pdb
hap_8ddb95e3ef4a	discovery	2	"{""2a"": 11}"	11				BuildMutant plus RepairStructure verified source defaults	not_defined_for_missing_sidechains	2	6acbc194983985496582a95b47c05232228c54d304af9bca56c19ff0889976db	data\processed\states\discovery\hap_8ddb95e3ef4a.pdb
hap_71ec79d01e7e	discovery	3	"{""3a"": 7}"	7	S440G,T444Y,S446K	440,444,446		BuildMutant plus RepairStructure verified source defaults	not_defined_for_missing_sidechains	2	ca7144539e5d858d4db15985a3027fce38293f8c0dc0448621eae81dc73a46c8	data\processed\states\discovery\hap_71ec79d01e7e.pdb
hap_8a1153748e98	discovery	4	"{""4a"": 4}"	4	I438L,S446K	438,446		BuildMutant plus RepairStructure verified source defaults	not_defined_for_missing_sidechains	4	9ea9d89e1c7eecd1b90fa5a639b8f770cefcf12cf81eeece2b6cd15644d7a1b0	data\processed\states\discovery\hap_8a1153748e98.pdb
hap_538e23ca86cb	discovery	5	"{""5a"": 2}"	2	S440G,F442I,T444H,S446R	440,442,444,446		BuildMutant plus RepairStructure verified source defaults	not_defined_for_missing_sidechains	2	857d2804f2fc696dce40c60bd4b88222ca7199c858ceb255d148cea0fe4174aa	data\processed\states\discovery\hap_538e23ca86cb.pdb
hap_c4dfac06ffec	discovery	2,6	"{""2a"": 2, ""6a"": 3}"	5	S446R	446		BuildMutant plus RepairStructure verified source defaults	not_defined_for_missing_sidechains	2	64eb1993e2f5aca4ac446f97ecaa0e27201eb61b2f2331f7c581e87b6a9d6cf2	data\processed\states\discovery\hap_c4dfac06ffec.pdb
hap_1f945568f197	discovery	5,unknown	"{""5a"": 1, ""unknown"": 3}"	4	I438V,S440G,F442L,T444Y,S446K	438,440,442,444,446		BuildMutant plus RepairStructure verified source defaults	not_defined_for_missing_sidechains	2	aeffa6da543342930aa4b76f5d00dfb428e1feb7dd54780ebf52e5cc7ada8a85	data\processed\states\discovery\hap_1f945568f197.pdb
hap_2419b0841e7c	discovery	1,unknown	"{""1b"": 3, ""unknown"": 1}"	4	I438L,S440A,T444A,S446K	438,440,444,446		BuildMutant plus RepairStructure verified source defaults	not_defined_for_missing_sidechains	4	ab04c4f57e565d080fa35d3d2c7bf6d91e2e7e20d02f737f60728e04881a222b	data\processed\states\discovery\hap_2419b0841e7c.pdb
hap_c52b2cf4c7a6	discovery	2	"{""2b"": 5}"	5	T444A,H445N,S446N	444,445,446		BuildMutant plus RepairStructure verified source defaults	not_defined_for_missing_sidechains	2	61a3e50b37f0f319c217fd3405ada6cf9d40f89eee8ccbf66c946a1e94b18446	data\processed\states\discovery\hap_c52b2cf4c7a6.pdb
hap_c014f30a4daf	discovery	3	"{""3a"": 4}"	4	R424S,S440G,T444Y,S446K	424,440,444,446		BuildMutant plus RepairStructure verified source defaults	not_defined_for_missing_sidechains	2	6f48c8f97683288c11901bce389e4683a535c5678dd939a2280833266e506249	data\processed\states\discovery\hap_c014f30a4daf.pdb
hap_25908b0f82d9	discovery	4	"{""4a"": 2}"	2	I438L,A439V,S440N,H445N,S446K	438,439,440,445,446		BuildMutant plus RepairStructure verified source defaults	not_defined_for_missing_sidechains	4	14d5142f6f28a5e32fb104601473b0b2c091349b839df6835b29226f893f86f2	data\processed\states\discovery\hap_25908b0f82d9.pdb
hap_aa3c3e10892b	discovery	5	"{""5a"": 1}"	1	S440G,T444V,H445N,S446K	440,444,445,446		BuildMutant plus RepairStructure verified source defaults	not_defined_for_missing_sidechains	2	9e74eaad3366d3b57f8ccb756322fc85b6557cebc6276429550c1a7410eacfba	data\processed\states\discovery\hap_aa3c3e10892b.pdb
hap_f42e9205b691	discovery	6	"{""6a"": 3}"	3	S446K	446		BuildMutant plus RepairStructure verified source defaults	not_defined_for_missing_sidechains	2	edb26583994c44e1409272a8326c3860a8bec343a070216479397f7fd56c4607	data\processed\states\discovery\hap_f42e9205b691.pdb
hap_af45ead73f67	discovery	1,2,unknown	"{""1b"": 2, ""2"": 1, ""unknown"": 1}"	4	I438L,S440A,S446K	438,440,446		BuildMutant plus RepairStructure verified source defaults	not_defined_for_missing_sidechains	4	19bde22a6fd62c3c0ae7a541c6f4f41b0ccc6a564ec6ff1fc64a376df7dd526b	data\processed\states\discovery\hap_af45ead73f67.pdb
hap_fdbfe77dbf7f	discovery	1	"{""1a"": 3}"	3	F437W,I438V,S440G,T444H,S446R	437,438,440,444,446		BuildMutant plus RepairStructure verified source defaults	not_defined_for_missing_sidechains	2	c695bfe5bcacefb9731e7a764637aa8c475292e3c27806310284a9bb650ff666	data\processed\states\discovery\hap_fdbfe77dbf7f.pdb
hap_3f36d3d05c6d	discovery	2,4	"{""2"": 1, ""2a"": 2, ""4a"": 1}"	4	I438L,S446R	438,446		BuildMutant plus RepairStructure verified source defaults	not_defined_for_missing_sidechains	4	d5b0ee715f372965eea2aba70046dd11f41e095636142ceb5a189c65fd4555f4	data\processed\states\discovery\hap_3f36d3d05c6d.pdb
hap_9d59a1b7091f	discovery	3	"{""3a"": 1}"	1	S440G,Y443H,T444Y,S446M	440,443,444,446		BuildMutant plus RepairStructure verified source defaults	not_defined_for_missing_sidechains	2	487def9f291cb3cd06eed8c8322e9c7ef2795c22ac605b256f02923ea7b408ab	data\processed\states\discovery\hap_9d59a1b7091f.pdb
hap_dc899f4b3e04	discovery	4	"{""4a"": 1}"	1	I438L,T444A,S446K	438,444,446		BuildMutant plus RepairStructure verified source defaults	not_defined_for_missing_sidechains	4	8c76cb82d7aebefb36b6b31aae971edeef8e645afb3f5ab3406a98abb0049ba6	data\processed\states\discovery\hap_dc899f4b3e04.pdb
hap_1f876ea04e0f	discovery	5	"{""5a"": 1}"	1	S440G,F442I,T444A,S446K	440,442,444,446		BuildMutant plus RepairStructure verified source defaults	not_defined_for_missing_sidechains	2	c2897a8700d91f5842aa5679d9209967869f87934de1fde11bb9fd1a0a8cef01	data\processed\states\discovery\hap_1f876ea04e0f.pdb
hap_a6ca3d05175d	discovery	6	"{""6a"": 3}"	3	A439S,S440A,T444S,S446K	439,440,444,446		BuildMutant plus RepairStructure verified source defaults	not_defined_for_missing_sidechains	2	f7058e9aee97a124757ab20452b38bb266b61bf8324668ef97fc02563cb4836f	data\processed\states\discovery\hap_a6ca3d05175d.pdb
hap_e817a97cd0f3	discovery	unknown	"{""unknown"": 1}"	1	S440A,T444K,S446K	440,444,446		BuildMutant plus RepairStructure verified source defaults	not_defined_for_missing_sidechains	2	d9a8f9662bd7cac3342b64e7adc573cfde2f768223d8e767132f0a13ac41bf75	data\processed\states\discovery\hap_e817a97cd0f3.pdb
hap_401a6ee3e281	discovery	1	"{""1a"": 3}"	3	F437W,I438V,S440G,T444Y,S446R	437,438,440,444,446		BuildMutant plus RepairStructure verified source defaults	not_defined_for_missing_sidechains	2	5d49befa3dd57ceab40a450d8cefa84421fbb91dd83b4602735a686f65b22c84	data\processed\states\discovery\hap_401a6ee3e281.pdb
hap_a3711291050d	discovery	2,6	"{""2a"": 1, ""2b"": 2, ""6a"": 1}"	4	I438L	438		BuildMutant plus RepairStructure verified source defaults	not_defined_for_missing_sidechains	4	ee14b0dcabbe724b42ba9dfd7ee6858ea2426fcd2c85ecac131f15863777c353	data\processed\states\discovery\hap_a3711291050d.pdb
hap_e357f7e13d39	discovery	3	"{""3a"": 1}"	1	S440G,T444Y,S446R	440,444,446		BuildMutant plus RepairStructure verified source defaults	not_defined_for_missing_sidechains	2	00e815fa055a9a531488561108bba946357ebf13516fd2147b75304ee0bbc4ac	data\processed\states\discovery\hap_e357f7e13d39.pdb
reference	held_out	experimental_template	not_population_sample	0				repaired		2	6acbc194983985496582a95b47c05232228c54d304af9bca56c19ff0889976db	data\processed\states\held_out\reference.pdb
hap_263ab099835e	held_out	1	"{""1a"": 1}"	1	I438L,S440G,T444K,H445Y,S446K	438,440,444,445,446		BuildMutant plus RepairStructure verified source defaults	not_defined_for_missing_sidechains	4	1cc8e241a808c91888a4ccba79da755e8074a7a8201fad838230452fb45ef770	data\processed\states\held_out\hap_263ab099835e.pdb
hap_d1edd567d6e9	held_out	2	"{""2a"": 2}"	2	I422V,H445K,S446N	422,445,446		BuildMutant plus RepairStructure verified source defaults	not_defined_for_missing_sidechains	2	fafbdc5301a39e5dbdf3612bd4f2162e2dd9c494a8888d5bd36407a2002f4221	data\processed\states\held_out\hap_d1edd567d6e9.pdb
hap_09de089a8cd2	held_out	3	"{""3a"": 1}"	1	S440G,T444R,H445Y,S446K	440,444,445,446		BuildMutant plus RepairStructure verified source defaults	not_defined_for_missing_sidechains	4	a66b12ba247b39587b6479c9bf1a7ac7ee826a124462d018bae4b6c8784d75af	data\processed\states\held_out\hap_09de089a8cd2.pdb
hap_9adf06ae6c9b	held_out	4	"{""4a"": 1}"	1	I438L,S440G,T444A,H445Y,S446K	438,440,444,445,446		BuildMutant plus RepairStructure verified source defaults	not_defined_for_missing_sidechains	4	2c75406d6c520db40d7d16074041d48f8beb7361314a242fb0f53ba817a958a1	data\processed\states\held_out\hap_9adf06ae6c9b.pdb
hap_33eb738a7ad7	held_out	5	"{""5a"": 1}"	1	I438L,S440G,T444F,H445R,S446K	438,440,444,445,446		BuildMutant plus RepairStructure verified source defaults	not_defined_for_missing_sidechains	4	457241089fb461abbe258c3d2dd32e9fd4521e547acdd2d94ca11612db9a45e6	data\processed\states\held_out\hap_33eb738a7ad7.pdb
hap_6875bdbde43e	held_out	6	"{""6a"": 2}"	2	I438V,S440A,T444V,H445N,S446K	438,440,444,445,446		BuildMutant plus RepairStructure verified source defaults	not_defined_for_missing_sidechains	2	de76aaac5c76d50c8f628dda55d9a6a8b6df8b512369de6a58d1fb5c9a964cf3	data\processed\states\held_out\hap_6875bdbde43e.pdb
hap_8df88e85742a	held_out	1	"{""1a"": 1}"	1	F437W,I438V,S440G,F442I,T444H,S446K,P616S	437,438,440,442,444,446,616		BuildMutant plus RepairStructure verified source defaults	not_defined_for_missing_sidechains	2	6ad5cadaef185999ead65a9a447565bc06c02014436e2cc58ff749bb7a60e183	data\processed\states\held_out\hap_8df88e85742a.pdb
hap_688a72cbd469	held_out	2	"{""2b"": 1}"	1	I438L,A439H,T444I,H445T,S446R	438,439,444,445,446		BuildMutant plus RepairStructure verified source defaults	not_defined_for_missing_sidechains	4	3823e1482192cf9360ddbb6d83acd0ede133b235d0dfef3788f2244d49d1658d	data\processed\states\held_out\hap_688a72cbd469.pdb
hap_97b72fc7c8a9	held_out	6	"{""6a"": 1}"	1	I438V,S440A,T444V,H445Q,S446K	438,440,444,445,446		BuildMutant plus RepairStructure verified source defaults	not_defined_for_missing_sidechains	2	eb069db360ec62e7dc43d64b2525cc290678a5866f881ad0b71402f029651f72	data\processed\states\held_out\hap_97b72fc7c8a9.pdb
hap_252ebf07669a	held_out	1	"{""1a"": 1}"	1	R424S,F437W,I438L,S440G,T444S,S446K	424,437,438,440,444,446		BuildMutant plus RepairStructure verified source defaults	not_defined_for_missing_sidechains	4	f5996757db761be702f66afb57575721b71bddc960b42d7f7b058ac4165d258d	data\processed\states\held_out\hap_252ebf07669a.pdb
