accession	sequence_length	protein_length	genotype	subtype	query_stratum	genotype_evidence	geography	collection_date	inclusion_status	exclusion_reason	accession_multiplicity	download_date	description
PZ746523.1	9210	3003	1	1a	1a	record source/definition	China: Nanping	26-Nov-2025	included		1	2026-10-03T17:59:44.567244+00:00	Orthohepacivirus hominis isolate YPYY124025 polyprotein (POLY) gene, partial cds; and protein F (POLY) gene, complete cds
PZ746450.1	9210	3003	1	1a	1a	record source/definition	China: Fuzhou	21-Apr-2023	included		1	2026-10-03T17:59:44.573154+00:00	Orthohepacivirus hominis isolate GLRQ123154 polyprotein (POLY) gene, partial cds; and protein F (POLY) gene, complete cds
OZ474898.1	9646	0	1	1a	1a	record source/definition	Nigeria:Lagos State, Ikorodu	2024-02-06	excluded	no_annotated_CDS_translation	1	2026-10-03T17:59:44.574163+00:00	hepatitis C virus genotype 1a isolate HCV/NG/11240235/2024 genome assembly, complete genome: monopartite
OZ474896.1	9646	0	1	1a	1a	record source/definition	Nigeria:Lagos State, Ikorodu	2024-01-24	excluded	no_annotated_CDS_translation	1	2026-10-03T17:59:44.574715+00:00	hepatitis C virus genotype 1a isolate HCV/NG/11240191/2024 genome assembly, complete genome: monopartite
OZ474892.1	9646	0	1	1a	1a	record source/definition	Nigeria:Ondo State, Owo	2023-10-16	excluded	no_annotated_CDS_translation	1	2026-10-03T17:59:44.575229+00:00	hepatitis C virus genotype 1a isolate HCV/NG/12230630/2023 genome assembly, complete genome: monopartite
PX387037.1	9393	3011	1	1a	1a	record source/definition	United Kingdom	2017	excluded	excessive_ambiguous_amino_acids	1	2026-10-03T17:59:44.580619+00:00	Orthohepacivirus hominis isolate NGS8_61 polyprotein (POLY) and protein F (POLY) genes, complete cds
PX387035.1	9162	2958	1	1a	1a	record source/definition	United Kingdom	2016	excluded	excessive_ambiguous_amino_acids	1	2026-10-03T17:59:44.586257+00:00	Orthohepacivirus hominis isolate NGS8_373 polyprotein (POLY) gene, partial cds; and protein F (POLY) gene, complete cds
PX387033.1	9237	2987	1	1a	1a	record source/definition	United Kingdom	2017	excluded	excessive_ambiguous_amino_acids	1	2026-10-03T17:59:44.591573+00:00	Orthohepacivirus hominis isolate NGS8_283 polyprotein (POLY) gene, partial cds; and protein F (POLY) gene, complete cds
PX387032.1	9411	3011	1	1a	1a	record source/definition	United Kingdom	2016	excluded	excessive_ambiguous_amino_acids	1	2026-10-03T17:59:44.597325+00:00	Orthohepacivirus hominis isolate NGS8_264 polyprotein (POLY) and protein F (POLY) genes, complete cds
PX387030.1	9237	2987	1	1a	1a	record source/definition	United Kingdom	2016	excluded	excessive_ambiguous_amino_acids	1	2026-10-03T17:59:44.602971+00:00	Orthohepacivirus hominis isolate NGS8_255 polyprotein (POLY) gene, partial cds; and similar to protein F gene
PX387028.1	9227	2988	1	1a	1a	record source/definition	United Kingdom	2017	included		1	2026-10-03T17:59:44.608057+00:00	Orthohepacivirus hominis isolate NGS8_200 polyprotein (POLY) gene, partial cds; and protein F (POLY) gene, complete cds
PX387025.1	9392	3011	1	1a	1a	record source/definition	United Kingdom	2015	excluded	excessive_ambiguous_amino_acids	1	2026-10-03T17:59:44.613500+00:00	Orthohepacivirus hominis isolate NGS7_397 polyprotein (POLY) and protein F (POLY) genes, complete cds
PX387024.1	9309	3011	1	1a	1a	record source/definition	United Kingdom	2016	included		1	2026-10-03T17:59:44.619130+00:00	Orthohepacivirus hominis isolate NGS7_396 polyprotein (POLY) gene, partial cds; and protein F (POLY) gene, complete cds
PX387023.1	9312	3011	1	1a	1a	record source/definition	United Kingdom	2015	excluded	excessive_ambiguous_amino_acids	1	2026-10-03T17:59:44.624259+00:00	Orthohepacivirus hominis isolate NGS7_395 polyprotein (POLY) and protein F (POLY) genes, complete cds
PX387022.1	9387	3011	1	1a	1a	record source/definition	United Kingdom	2015	included		1	2026-10-03T17:59:44.629608+00:00	Orthohepacivirus hominis isolate NGS7_394 polyprotein (POLY) and protein F (POLY) genes, complete cds
PX387021.1	9306	3011	1	1a	1a	record source/definition	United Kingdom	2015	excluded	excessive_ambiguous_amino_acids	1	2026-10-03T17:59:44.634898+00:00	Orthohepacivirus hominis isolate NGS7_393 polyprotein (POLY) and protein F (POLY) genes, complete cds
PX387020.1	9387	3011	1	1a	1a	record source/definition	United Kingdom	2015	excluded	excessive_ambiguous_amino_acids	1	2026-10-03T17:59:44.640113+00:00	Orthohepacivirus hominis isolate NGS7_391 polyprotein (POLY) and protein F (POLY) genes, complete cds
PX387019.1	9387	3011	1	1a	1a	record source/definition	United Kingdom	2015	excluded	excessive_ambiguous_amino_acids	1	2026-10-03T17:59:44.645211+00:00	Orthohepacivirus hominis isolate NGS7_390 polyprotein (POLY) and protein F (POLY) genes, complete cds
PX387018.1	9312	3011	1	1a	1a	record source/definition	United Kingdom	2015	included		1	2026-10-03T17:59:44.653218+00:00	Orthohepacivirus hominis isolate NGS7_389 polyprotein (POLY) and protein F (POLY) genes, complete cds
PX387016.1	9415	3012	1	1a	1a	record source/definition	United Kingdom	2016	included		1	2026-10-03T17:59:44.658287+00:00	Orthohepacivirus hominis isolate NGS7_387 polyprotein (POLY) and protein F (POLY) genes, complete cds
PX387015.1	9551	3011	1	1a	1a	record source/definition	United Kingdom	2016	excluded	excessive_ambiguous_amino_acids	1	2026-10-03T17:59:44.663984+00:00	Orthohepacivirus hominis isolate NGS7_386 polyprotein (POLY) gene, complete cds; and similar to protein F gene
PX387014.1	9306	3011	1	1a	1a	record source/definition	United Kingdom	2016	excluded	excessive_ambiguous_amino_acids	1	2026-10-03T17:59:44.673298+00:00	Orthohepacivirus hominis isolate NGS7_385 polyprotein (POLY) and protein F (POLY) genes, complete cds
PX387013.1	9410	3011	1	1a	1a	record source/definition	United Kingdom	2016	excluded	excessive_ambiguous_amino_acids	1	2026-10-03T17:59:44.680223+00:00	Orthohepacivirus hominis isolate NGS7_384 polyprotein (POLY) and protein F (POLY) genes, complete cds
PX387012.1	9295	3011	1	1a	1a	record source/definition	United Kingdom	2015	excluded	excessive_ambiguous_amino_acids	1	2026-10-03T17:59:44.687626+00:00	Orthohepacivirus hominis isolate NGS7_383 polyprotein (POLY) and protein F (POLY) genes, complete cds
PX387011.1	9320	2995	1	1a	1a	record source/definition	United Kingdom	2015	included		1	2026-10-03T17:59:44.692935+00:00	Orthohepacivirus hominis isolate NGS7_382 polyprotein (POLY) gene, partial cds; and protein F (POLY) gene, complete cds
PX387010.1	9277	2981	1	1a	1a	record source/definition	United Kingdom	2015	included		1	2026-10-03T17:59:44.698995+00:00	Orthohepacivirus hominis isolate NGS7_381 polyprotein (POLY) gene, partial cds; and protein F (POLY) gene, complete cds
PX387009.1	9328	3011	1	1a	1a	record source/definition	United Kingdom	2015	included		1	2026-10-03T17:59:44.704209+00:00	Orthohepacivirus hominis isolate NGS7_380 polyprotein (POLY) and protein F (POLY) genes, complete cds
PX387008.1	9392	3011	1	1a	1a	record source/definition	United Kingdom	2016	excluded	excessive_ambiguous_amino_acids	1	2026-10-03T17:59:44.709530+00:00	Orthohepacivirus hominis isolate NGS7_379 polyprotein (POLY) and protein F (POLY) genes, complete cds
PX387007.1	9329	3011	1	1a	1a	record source/definition	United Kingdom	2017	excluded	excessive_ambiguous_amino_acids	1	2026-10-03T17:59:44.714822+00:00	Orthohepacivirus hominis isolate NGS7_376 polyprotein (POLY) and protein F (POLY) genes, complete cds
PX387004.1	9137	2957	1	1a	1a	record source/definition	United Kingdom	2017	excluded	excessive_ambiguous_amino_acids	1	2026-10-03T17:59:44.720072+00:00	Orthohepacivirus hominis isolate NGS6_372 polyprotein (POLY) gene, partial cds; and similar to protein F gene
PX387003.1	9243	2989	1	1a	1a	record source/definition	United Kingdom	2017	included		1	2026-10-03T17:59:44.725540+00:00	Orthohepacivirus hominis isolate NGS6_371 polyprotein (POLY) gene, partial cds; and protein F (POLY) gene, complete cds
PX386992.1	9292	3011	1	1a	1a	record source/definition	United Kingdom	2017	excluded	excessive_ambiguous_amino_acids	1	2026-10-03T17:59:44.730672+00:00	Orthohepacivirus hominis isolate NGS6_351 polyprotein (POLY) and protein F (POLY) genes, complete cds
PX386958.1	9306	3011	1	1a	1a	record source/definition	United Kingdom	2017	included		1	2026-10-03T17:59:44.735771+00:00	Orthohepacivirus hominis isolate NGS6_311 polyprotein (POLY) and protein F (POLY) genes, complete cds
PX386955.1	9312	3011	1	1a	1a	record source/definition	United Kingdom	2017	excluded	excessive_ambiguous_amino_acids	1	2026-10-03T17:59:44.740798+00:00	Orthohepacivirus hominis isolate NGS5_308 polyprotein (POLY) and protein F (POLY) genes, complete cds
PX386954.1	9218	2988	1	1a	1a	record source/definition	United Kingdom	2016	excluded	excessive_ambiguous_amino_acids	1	2026-10-03T17:59:44.746054+00:00	Orthohepacivirus hominis isolate NGS5_307 polyprotein (POLY) gene, partial cds; and protein F (POLY) gene, complete cds
PX386953.1	9317	3009	1	1a	1a	record source/definition	United Kingdom	2016	excluded	excessive_ambiguous_amino_acids	1	2026-10-03T17:59:44.751239+00:00	Orthohepacivirus hominis isolate NGS5_306 polyprotein (POLY) gene, partial cds; and protein F (POLY) gene, complete cds
PX386952.1	9147	2957	1	1a	1a	record source/definition	United Kingdom	2017	included		1	2026-10-03T17:59:44.756457+00:00	Orthohepacivirus hominis isolate NGS5_305 polyprotein (POLY) gene, partial cds; and protein F (POLY) gene, complete cds
PX386951.1	9393	3011	1	1a	1a	record source/definition	United Kingdom	2017	excluded	excessive_ambiguous_amino_acids	1	2026-10-03T17:59:44.761534+00:00	Orthohepacivirus hominis isolate NGS5_304 polyprotein (POLY) and protein F (POLY) genes, complete cds
PX386948.1	9411	3011	1	1a	1a	record source/definition	United Kingdom	2017	excluded	excessive_ambiguous_amino_acids	1	2026-10-03T17:59:44.767099+00:00	Orthohepacivirus hominis isolate NGS5_301 polyprotein (POLY) and protein F (POLY) genes, complete cds
PX386947.1	9309	3011	1	1a	1a	record source/definition	United Kingdom	2016	excluded	excessive_ambiguous_amino_acids	1	2026-10-03T17:59:44.772355+00:00	Orthohepacivirus hominis isolate NGS5_300 polyprotein (POLY) gene, partial cds; and protein F (POLY) gene, complete cds
PZ746536.1	9210	3003	1	1b	1b	record source/definition	China: Quanzhou	18-Aug-2025	included		1	2026-10-03T17:59:45.192714+00:00	Orthohepacivirus hominis isolate AX35425001 polyprotein (POLY) gene, partial cds
PZ746534.1	9210	3003	1	1b	1b	record source/definition	China: Nanping	22-Nov-2024	included		1	2026-10-03T17:59:45.199345+00:00	Orthohepacivirus hominis isolate YPYY124004 polyprotein (POLY) gene, partial cds; and protein F (POLY) gene, complete cds
PZ746530.1	9210	3003	1	1b	1b	record source/definition	China: Nanping	14-May-2025	included		1	2026-10-03T17:59:45.208313+00:00	Orthohepacivirus hominis isolate YPYY125011 polyprotein (POLY) gene, partial cds
PZ746529.1	9210	3003	1	1b	1b	record source/definition	China: Nanping	17-Apr-2025	included		1	2026-10-03T17:59:45.214294+00:00	Orthohepacivirus hominis isolate YPYY125010 polyprotein (POLY) gene, partial cds
PZ746522.1	9210	3003	1	1b	1b	record source/definition	China: Nanping	14-Nov-2025	included		1	2026-10-03T17:59:45.219835+00:00	Orthohepacivirus hominis isolate YPYY124024 polyprotein (POLY) gene, partial cds
PZ746521.1	9210	3003	1	1b	1b	record source/definition	China: Nanping	25-Oct-2025	included		1	2026-10-03T17:59:45.225586+00:00	Orthohepacivirus hominis isolate YPYY124023 polyprotein (POLY) gene, partial cds
PZ746518.1	9210	3003	1	1b	1b	record source/definition	China: Nanping	09-Oct-2025	included		1	2026-10-03T17:59:45.231770+00:00	Orthohepacivirus hominis isolate YPYY124018 polyprotein (POLY) gene, partial cds
PZ746510.1	9210	3003	1	1b	1b	record source/definition	China: Xiamen	21-May-2025	included		1	2026-10-03T17:59:45.237571+00:00	Orthohepacivirus hominis isolate XMYY125004 polyprotein (POLY) gene, partial cds; and protein F (POLY) gene, complete cds
PZ746507.1	9207	3002	1	1b	1b	record source/definition	China: Sanming	20-May-2025	included		1	2026-10-03T17:59:45.244431+00:00	Orthohepacivirus hominis isolate SYYY125002 polyprotein (POLY) gene, partial cds
PZ746499.1	9210	3003	1	1b	1b	record source/definition	China: Putian	21-Aug-2025	included		2	2026-10-03T17:59:45.250674+00:00	Orthohepacivirus hominis isolate LCYY125017 polyprotein (POLY) gene, partial cds
PZ746498.1	9210	3003	1	1b	1b	record source/definition	China: Putian	21-Aug-2025	included		2	2026-10-03T17:59:45.256407+00:00	Orthohepacivirus hominis isolate LCYY125013 polyprotein (POLY) gene, partial cds
PZ746494.1	9210	3003	1	1b	1b	record source/definition	China: Putian	07-Aug-2025	included		1	2026-10-03T17:59:45.263362+00:00	Orthohepacivirus hominis isolate LCYY125005 polyprotein (POLY) gene, partial cds
PZ746490.1	9210	3003	1	1b	1b	record source/definition	China: Putian	13-Apr-2023	included		1	2026-10-03T17:59:45.269295+00:00	Orthohepacivirus hominis isolate LC24024 polyprotein (POLY) gene, partial cds
PZ746489.1	9210	3003	1	1b	1b	record source/definition	China: Putian	11-Apr-2023	included		1	2026-10-03T17:59:45.274799+00:00	Orthohepacivirus hominis isolate LC24023 polyprotein (POLY) gene, partial cds
PZ746488.1	9210	3003	1	1b	1b	record source/definition	China: Putian	21-Feb-2023	included		1	2026-10-03T17:59:45.280343+00:00	Orthohepacivirus hominis isolate LC24014 polyprotein (POLY) gene, partial cds
PZ746487.1	9210	3003	1	1b	1b	record source/definition	China: Putian	28-Oct-2022	included		1	2026-10-03T17:59:45.286159+00:00	Orthohepacivirus hominis isolate LC24012 polyprotein (POLY) gene, partial cds
PZ746486.1	9213	3004	1	1b	1b	record source/definition	China: Putian	28-Oct-2022	included		1	2026-10-03T17:59:45.291714+00:00	Orthohepacivirus hominis isolate LC24011 polyprotein (POLY) gene, partial cds
PZ746483.1	9210	3003	1	1b	1b	record source/definition	China: Putian	28-Oct-2022	included		1	2026-10-03T17:59:45.301232+00:00	Orthohepacivirus hominis isolate LC24006 polyprotein (POLY) gene, partial cds
PZ746482.1	9210	3003	1	1b	1b	record source/definition	China: Putian	28-Oct-2022	included		1	2026-10-03T17:59:45.309284+00:00	Orthohepacivirus hominis isolate LC24003 polyprotein (POLY) gene, partial cds
PZ746480.1	9210	3003	1	1b	1b	record source/definition	China: Putian	28-Oct-2022	included		1	2026-10-03T17:59:45.316608+00:00	Orthohepacivirus hominis isolate LC24001 polyprotein (POLY) gene, partial cds; and protein F (POLY) gene, complete cds
PZ746477.1	9210	3003	1	1b	1b	record source/definition	China: Fuqing	24-Jun-2024	included		1	2026-10-03T17:59:45.322282+00:00	Orthohepacivirus hominis isolate GLRQ124014 polyprotein (POLY) gene, partial cds; and protein F (POLY) gene, complete cds
PZ746476.1	9210	3003	1	1b	1b	record source/definition	China: Fuzhou	24-Jun-2024	included		1	2026-10-03T17:59:45.327808+00:00	Orthohepacivirus hominis isolate GLRQ124009 polyprotein (POLY) gene, partial cds
PZ746475.1	9210	3003	1	1b	1b	record source/definition	China: Fuzhou	15-May-2024	included		1	2026-10-03T17:59:45.333771+00:00	Orthohepacivirus hominis isolate GLRQ124007 polyprotein (POLY) gene, partial cds
PZ746473.1	9210	3003	1	1b	1b	record source/definition	China: Nanping	28-Aug-2024	included		1	2026-10-03T17:59:45.339870+00:00	Orthohepacivirus hominis isolate YPYY124013 polyprotein (POLY) gene, partial cds; and protein F (POLY) gene, complete cds
PZ746472.1	9210	3003	1	1b	1b	record source/definition	China: Nanping	29-Jul-2024	included		1	2026-10-03T17:59:45.345911+00:00	Orthohepacivirus hominis isolate YPYY124011 polyprotein (POLY) gene, partial cds
PZ746470.1	9210	3003	1	1b	1b	record source/definition	China: Nanping	25-Apr-2024	included		1	2026-10-03T17:59:45.351472+00:00	Orthohepacivirus hominis isolate YPYY124008 polyprotein (POLY) gene, partial cds
PZ746469.1	9210	3003	1	1b	1b	record source/definition	China: Nanping	29-Jan-2024	included		1	2026-10-03T17:59:45.357079+00:00	Orthohepacivirus hominis isolate YPYY124001 polyprotein (POLY) gene, partial cds
PZ746468.1	9210	3003	1	1b	1b	record source/definition	China: Putian	04-Jun-2024	included		1	2026-10-03T17:59:45.364485+00:00	Orthohepacivirus hominis isolate CXRQ324001 polyprotein (POLY) gene, partial cds
PZ746458.1	9210	3003	1	1b	1b	record source/definition	China: Xiamen	24-Apr-2024	included		1	2026-10-03T17:59:45.372891+00:00	Orthohepacivirus hominis isolate XMYY124007 polyprotein (POLY) gene, partial cds
PZ746457.1	9210	3003	1	1b	1b	record source/definition	China: Xiamen	18-Apr-2024	included		1	2026-10-03T17:59:45.378527+00:00	Orthohepacivirus hominis isolate XMYY124006 polyprotein (POLY) gene, partial cds
PZ746454.1	9210	3003	1	1b	1b	record source/definition	China: Xiamen	22-Mar-2024	included		1	2026-10-03T17:59:45.385759+00:00	Orthohepacivirus hominis isolate XMYY124002 polyprotein (POLY) gene, partial cds
PZ746451.1	9210	3003	1	1b	1b	record source/definition	China: Fuzhou	29-Sep-2023	included		1	2026-10-03T17:59:45.391922+00:00	Orthohepacivirus hominis isolate FZRQ323178 polyprotein (POLY) gene, partial cds
OZ474894.1	9605	0	1	1b	1b	record source/definition	Nigeria:Ebonyi State, Abakaliki	2024-06-25	excluded	no_annotated_CDS_translation	1	2026-10-03T17:59:45.393104+00:00	hepatitis C virus genotype 1b isolate HCV/NG/14241782/2024 genome assembly, complete genome: monopartite
OZ474893.1	9605	0	1	1b	1b	record source/definition	Nigeria:Ebonyi State, Abakaliki, Abofia	2024-02-29	excluded	no_annotated_CDS_translation	1	2026-10-03T17:59:45.394165+00:00	hepatitis C virus genotype 1b isolate HCV/NG/14240353/2024 genome assembly, complete genome: monopartite
PZ098544.1	9315	3010	unknown	unknown	1b	unclassified; query term alone insufficient	Russia: West Siberia, Tomsk region	2024	included		1	2026-10-03T17:59:45.401211+00:00	Orthohepacivirus hominis isolate HCV-1b/Tomsk-15 polyprotein (POLY) gene, complete cds
PZ098543.1	9315	3010	unknown	unknown	1b	unclassified; query term alone insufficient	Russia: West Siberia, Tomsk region	2024	included		1	2026-10-03T17:59:45.407069+00:00	Orthohepacivirus hominis isolate HCV-1b/Tomsk-14 polyprotein (POLY) gene, complete cds
PZ098542.1	9315	3010	unknown	unknown	1b	unclassified; query term alone insufficient	Russia: West Siberia, Tomsk region	2024	included		1	2026-10-03T17:59:45.412516+00:00	Orthohepacivirus hominis isolate HCV-1b/Tomsk-13 polyprotein (POLY) gene, complete cds
PZ098541.1	9315	3010	unknown	unknown	1b	unclassified; query term alone insufficient	Russia: West Siberia, Tomsk region	2024	included		1	2026-10-03T17:59:45.418287+00:00	Orthohepacivirus hominis isolate HCV-1b/Tomsk-12 polyprotein (POLY) gene, complete cds
PZ098540.1	9315	3010	unknown	unknown	1b	unclassified; query term alone insufficient	Russia: West Siberia, Tomsk region	2024	included		1	2026-10-03T17:59:45.425073+00:00	Orthohepacivirus hominis isolate HCV-1b/Tomsk-11 polyprotein (POLY) gene, complete cds
PZ098539.1	9315	3010	unknown	unknown	1b	unclassified; query term alone insufficient	Russia: West Siberia, Tomsk region	2024	included		1	2026-10-03T17:59:45.431825+00:00	Orthohepacivirus hominis isolate HCV-1b/Tomsk-10 polyprotein (POLY) and protein F (POLY) genes, complete cds
PZ746527.1	9279	3026	2	2a	2a	record source/definition	China: Nanping	06-Mar-2025	included		1	2026-10-03T17:59:45.847598+00:00	Orthohepacivirus hominis isolate YPYY125006 polyprotein (POLY) gene, partial cds; and protein F (POLY) gene, complete cds
PZ746516.1	9282	3026	2	2a	2a	record source/definition	China: Nanping	25-Sep-2025	included		1	2026-10-03T17:59:45.852758+00:00	Orthohepacivirus hominis isolate YPYY124015 polyprotein (POLY) gene, partial cds; and protein F (POLY) gene, complete cds
PZ746509.1	9279	3026	2	2a	2a	record source/definition	China: Xiamen	13-May-2025	included		1	2026-10-03T17:59:45.857794+00:00	Orthohepacivirus hominis isolate XMYY125003 polyprotein (POLY) gene, partial cds; and protein F (POLY) gene, complete cds
PZ746504.1	9279	3026	2	2a	2a	record source/definition	China: Ningde	04-Jul-2025	included		1	2026-10-03T17:59:45.863360+00:00	Orthohepacivirus hominis isolate GTYY125004 polyprotein (POLY) gene, partial cds; and protein F (POLY) gene, complete cds
PZ746503.1	9279	3026	2	2a	2a	record source/definition	China: Ningde	03-Jun-2025	included		1	2026-10-03T17:59:45.869458+00:00	Orthohepacivirus hominis isolate GTYY125003 polyprotein (POLY) gene, partial cds; and protein F (POLY) gene, complete cds
PZ746501.1	9279	3026	2	2a	2a	record source/definition	China: Putian	21-Aug-2025	included		1	2026-10-03T17:59:45.874793+00:00	Orthohepacivirus hominis isolate LCYY125019 polyprotein (POLY) gene, partial cds; and protein F (POLY) gene, complete cds
PZ746496.1	9279	3026	2	2a	2a	record source/definition	China: Putian	14-Aug-2025	included		1	2026-10-03T17:59:45.879930+00:00	Orthohepacivirus hominis isolate LCYY125008 polyprotein (POLY) gene, partial cds; and protein F (POLY) gene, complete cds
PZ746493.1	9279	3026	2	2a	2a	record source/definition	China: Putian	07-Jul-2025	included		2	2026-10-03T17:59:45.885118+00:00	Orthohepacivirus hominis isolate LCYY125003 polyprotein (POLY) gene, partial cds; and protein F (POLY) gene, complete cds
PZ746492.1	9279	3026	2	2a	2a	record source/definition	China: Putian	10-Jul-2025	included		2	2026-10-03T17:59:45.890077+00:00	Orthohepacivirus hominis isolate LCYY125001 polyprotein (POLY) gene, partial cds; and protein F (POLY) gene, complete cds
PZ746484.1	9279	3026	2	2a	2a	record source/definition	China: Putian	28-Oct-2022	included		1	2026-10-03T17:59:45.895287+00:00	Orthohepacivirus hominis isolate LC24007 polyprotein (POLY) gene, partial cds; and protein F (POLY) gene, complete cds
PZ746481.1	9279	3026	2	2a	2a	record source/definition	China: Putian	28-Oct-2022	included		1	2026-10-03T17:59:45.901957+00:00	Orthohepacivirus hominis isolate LC24002 polyprotein (POLY) gene, partial cds
PZ746471.1	9279	3026	2	2a	2a	record source/definition	China: Nanping	31-May-2024	included		1	2026-10-03T17:59:45.906810+00:00	Orthohepacivirus hominis isolate YPYY124009 polyprotein (POLY) gene, partial cds; and protein F (POLY) gene, complete cds
PZ746446.1	9279	3026	2	2a	2a	record source/definition	China: Ningde	09-Nov-2023	included		1	2026-10-03T17:59:45.911965+00:00	Orthohepacivirus hominis isolate GTYY123002 polyprotein (POLY) gene, partial cds; and protein F (POLY) gene, complete cds
OZ474897.1	9678	0	2	2a	2a	record source/definition	Nigeria:Ebonyi State, Abakaliki	2024-03-27	excluded	no_annotated_CDS_translation	1	2026-10-03T17:59:45.915299+00:00	Hepatitis C virus subtype 2a isolate HCV/NG/14240745/2024 genome assembly, complete genome: monopartite
PX386800.1	9332	3002	2	2a	2a	record source/definition	United Kingdom	2016	excluded	excessive_ambiguous_amino_acids	1	2026-10-03T17:59:45.921036+00:00	Orthohepacivirus hominis isolate NGS2_84 polyprotein (POLY) gene, partial cds; and similar to protein F gene
PP372686.1	9429	3033	2	2a	2a	record source/definition	China	21-May-2021	included		1	2026-10-03T17:59:45.925654+00:00	Orthohepacivirus hominis isolate SH-ZSH01 polyprotein gene, complete cds
OR497955.1	9120	3039	2	2a	2a	record source/definition	Belgium	2015	excluded	excessive_ambiguous_amino_acids	1	2026-10-03T17:59:45.929971+00:00	Orthohepacivirus hominis isolate 2a_1 polyprotein gene, complete cds
OM525901.1	9114	3037	2	2	2a	record source/definition	Benin	30-Aug-2019	included		1	2026-10-03T17:59:45.934989+00:00	Hepacivirus C isolate Benin82 polyprotein gene, complete cds
OM525878.1	9102	3033	2	2	2a	record source/definition	Benin	16-Aug-2019	included		1	2026-10-03T17:59:45.939792+00:00	Hepacivirus C isolate Benin42 polyprotein gene, complete cds
AB690459.1	8887	2004	unknown	unknown	2a	unclassified; query term alone insufficient			excluded	severe_alignment_failure	1	2026-10-03T17:59:45.944247+00:00	Hepatitis C virus replicon pSGR-JFH2.2/Luc DNA, complete sequence
AB690458.1	8887	2004	unknown	unknown	2a	unclassified; query term alone insufficient			excluded	severe_alignment_failure	1	2026-10-03T17:59:45.950472+00:00	Hepatitis C virus replicon pSGR-JFH2.1/Luc DNA, complete sequence
AB690457.1	8029	2004	unknown	unknown	2a	unclassified; query term alone insufficient			excluded	severe_alignment_failure	1	2026-10-03T17:59:45.955225+00:00	Hepatitis C virus replicon pSGR-JFH2.2 DNA, complete sequence
AB690456.1	8029	2004	unknown	unknown	2a	unclassified; query term alone insufficient			excluded	severe_alignment_failure	1	2026-10-03T17:59:45.959846+00:00	Hepatitis C virus replicon pSGR-JFH2.1 DNA, complete sequence
AB114136.1	8024	2004	unknown	unknown	2a	unclassified; query term alone insufficient			excluded	interface_coverage_missing	1	2026-10-03T17:59:45.965068+00:00	Hepatitis C virus replicon pSGR-JFH1 gene for neomysin resistance gene product, hepatitis C virus nonstructural protein, complete cds
AB047645.1	9683	3032	2	2a	2a	record source/definition			included		1	2026-10-03T17:59:45.970515+00:00	Hepacivirus hominis gene for polyprotein, complete cds, clone:JCH-6
AB047644.1	9691	3033	2	2a	2a	record source/definition			included		1	2026-10-03T17:59:45.975786+00:00	Hepacivirus hominis gene for polyprotein, complete cds, clone:JCH-5
AB047643.1	9641	3032	2	2a	2a	record source/definition			included		1	2026-10-03T17:59:45.980465+00:00	Hepacivirus hominis gene for polyprotein, complete cds, clone:JCH-4
AB047642.1	9678	3033	2	2a	2a	record source/definition			included		1	2026-10-03T17:59:45.985609+00:00	Hepacivirus hominis gene for polyprotein, complete cds, clone:JCH-3
AB047641.1	9659	3033	2	2a	2a	record source/definition			included		1	2026-10-03T17:59:45.990267+00:00	Hepacivirus hominis gene for polyprotein, complete cds, clone:JCH-2
AB047640.1	9674	3033	2	2a	2a	record source/definition			included		1	2026-10-03T17:59:45.994679+00:00	Hepacivirus hominis gene for polyprotein, complete cds, clone:JCH-1
OP022921.1	9102	3033	2	2a	2a	record source/definition	United Kingdom	2019	included		1	2026-10-03T17:59:45.999294+00:00	Hepacivirus C isolate P20 polyprotein gene, complete cds
OP022920.1	9102	3033	2	2a	2a	record source/definition	United Kingdom	2019	included		1	2026-10-03T17:59:46.004160+00:00	Hepacivirus C isolate P19 polyprotein gene, complete cds
OP022919.1	9102	3033	2	2b	2a	record source/definition	United Kingdom	2019	included		1	2026-10-03T17:59:46.009171+00:00	Hepacivirus C isolate P18 polyprotein gene, complete cds
OP022918.1	9102	3033	2	2b	2a	record source/definition	United Kingdom	2018	included		1	2026-10-03T17:59:46.014081+00:00	Hepacivirus C isolate P17 polyprotein gene, complete cds
OP022917.1	9102	3033	2	2a	2a	record source/definition	United Kingdom	2019	included		1	2026-10-03T17:59:46.018624+00:00	Hepacivirus C isolate P16 polyprotein gene, complete cds
OP022916.1	9102	3033	2	2b	2a	record source/definition	United Kingdom	2019	included		1	2026-10-03T17:59:46.023389+00:00	Hepacivirus C isolate P15 polyprotein gene, complete cds
OP022915.1	9102	3033	2	2b	2a	record source/definition	United Kingdom	2019	excluded	excessive_ambiguous_amino_acids	1	2026-10-03T17:59:46.027651+00:00	Hepacivirus C isolate P14 polyprotein gene, complete cds
OP022914.1	9102	3033	2	2b	2a	record source/definition	United Kingdom	2018	excluded	excessive_ambiguous_amino_acids	1	2026-10-03T17:59:46.032539+00:00	Hepacivirus C isolate P13 polyprotein gene, complete cds
OP022913.1	9102	3033	2	2b	2a	record source/definition	United Kingdom	2019	included		1	2026-10-03T17:59:46.037134+00:00	Hepacivirus C isolate P12 polyprotein gene, complete cds
OP022912.1	9102	3033	2	2b	2a	record source/definition	United Kingdom	2018	excluded	excessive_ambiguous_amino_acids	1	2026-10-03T17:59:46.041720+00:00	Hepacivirus C isolate P11 polyprotein gene, complete cds
PX387040.1	9240	2979	2	2b	2b	record source/definition	United Kingdom	2017	excluded	excessive_ambiguous_amino_acids	1	2026-10-03T17:59:46.458303+00:00	Orthohepacivirus hominis isolate NGS8_71 polyprotein (POLY) gene, partial cds; and similar to protein F gene
PX386990.1	9406	3033	2	2b	2b	record source/definition	United Kingdom	2015	included		1	2026-10-03T17:59:46.462971+00:00	Orthohepacivirus hominis isolate NGS6_349 polyprotein (POLY) gene, complete cds; and similar to protein F gene
PX386989.1	9246	2980	2	2b	2b	record source/definition	United Kingdom	2015	included		1	2026-10-03T17:59:46.467532+00:00	Orthohepacivirus hominis isolate NGS6_348 polyprotein (POLY) gene, partial cds; and similar to protein F gene
PX386988.1	9418	3037	2	2b	2b	record source/definition	United Kingdom	2015	excluded	excessive_ambiguous_amino_acids	1	2026-10-03T17:59:46.472260+00:00	Orthohepacivirus hominis isolate NGS6_347 polyprotein (POLY) gene, complete cds; and similar to protein F gene
PX386987.1	9406	3033	2	2b	2b	record source/definition	United Kingdom	2015	excluded	excessive_ambiguous_amino_acids	1	2026-10-03T17:59:46.476909+00:00	Orthohepacivirus hominis isolate NGS6_345 polyprotein (POLY) gene, complete cds; and similar to protein F gene
PX386956.1	9290	2995	2	2b	2b	record source/definition	United Kingdom	2016	included		1	2026-10-03T17:59:46.482719+00:00	Orthohepacivirus hominis isolate NGS5_309 polyprotein (POLY) gene, partial cds; and similar to protein F gene
PX386868.1	9406	3033	2	2b	2b	record source/definition	United Kingdom	2018	excluded	excessive_ambiguous_amino_acids	1	2026-10-03T17:59:46.487925+00:00	Orthohepacivirus hominis isolate NGS4_199 polyprotein (POLY) gene, complete cds; and similar to protein F gene
PX386866.1	9339	3012	2	2b	2b	record source/definition	United Kingdom	2016	excluded	excessive_ambiguous_amino_acids	1	2026-10-03T17:59:46.492680+00:00	Orthohepacivirus hominis isolate NGS4_197 polyprotein (POLY) gene, partial cds; and similar to protein F gene
PX386846.1	9305	3000	2	2b	2b	record source/definition	United Kingdom	2016	excluded	excessive_ambiguous_amino_acids	1	2026-10-03T17:59:46.497699+00:00	Orthohepacivirus hominis isolate NGS3_171 polyprotein (POLY) gene, partial cds; and similar to protein F gene
PX386826.1	9241	2979	2	2b	2b	record source/definition	United Kingdom	2017	included		1	2026-10-03T17:59:46.502411+00:00	Orthohepacivirus hominis isolate NGS3_140 polyprotein (POLY) gene, partial cds; and similar to protein F gene
PX386801.1	9406	3033	2	2b	2b	record source/definition	United Kingdom	2017	included		1	2026-10-03T17:59:46.507195+00:00	Orthohepacivirus hominis isolate NGS2_86 polyprotein (POLY) gene, complete cds; and similar to protein F gene
PX386755.1	9412	3036	2	2b	2b	record source/definition	United Kingdom	2016	included		1	2026-10-03T17:59:46.511937+00:00	Orthohepacivirus hominis isolate NGS1_57 polyprotein (POLY) gene, partial cds; and similar to protein F gene
PX386728.1	9406	3033	2	2b	2b	record source/definition	United Kingdom	2017	included		1	2026-10-03T17:59:46.517252+00:00	Orthohepacivirus hominis isolate NGS1_20 polyprotein (POLY) gene, complete cds; and similar to protein F gene
PX386726.1	9406	3033	2	2b	2b	record source/definition	United Kingdom	2016	excluded	excessive_ambiguous_amino_acids	1	2026-10-03T17:59:46.522011+00:00	Orthohepacivirus hominis isolate NGS1_19 polyprotein (POLY) gene, complete cds; and similar to protein F gene
OM525899.1	9102	3033	2	2	2b	record source/definition	Benin	30-Aug-2019	included		1	2026-10-03T17:59:46.526607+00:00	Hepacivirus C isolate Benin80 polyprotein gene, complete cds
OM525880.1	9102	3033	2	2	2b	record source/definition	Benin	16-Aug-2019	included		1	2026-10-03T17:59:46.531187+00:00	Hepacivirus C isolate Benin45 polyprotein gene, complete cds
LC273304.1	9054	3017	2	2b	2b	record source/definition	Japan		included		1	2026-10-03T17:59:46.536010+00:00	Hepacivirus hominis gene for polyprotein, complete cds, isolate: SR127-4
LC150893.1	9448	3014	unknown	unknown	2b	unclassified; query term alone insufficient	Japan:Mito	2008-08-26	excluded	excessive_ambiguous_amino_acids	1	2026-10-03T17:59:46.540363+00:00	Hepacivirus hominis gene for polyprotein, complete cds, isolate: HC14-2357
AB677533.1	9471	3014	2	2b	2b	record source/definition	Japan:Saitama, Tokorozawa	2011-01-12	included		2	2026-10-03T17:59:46.544966+00:00	Hepacivirus hominis gene for polyprotein, complete cds, isolate: HCV-M8774
AB677532.1	9392	3014	2	2b	2b	record source/definition	Japan:Saitama, Tokorozawa	2010-04-12	included		1	2026-10-03T17:59:46.549694+00:00	Hepacivirus hominis gene for polyprotein, complete cds, isolate: HCV-M2777
AB677531.1	9321	3014	2	2b	2b	record source/definition	Japan:Saitama, Tokorozawa	2003-05-19	included		2	2026-10-03T17:59:46.554194+00:00	Hepacivirus hominis gene for polyprotein, complete cds, isolate: HCV-M4431
AB677530.1	9321	3014	2	2b	2b	record source/definition	Japan:Saitama, Tokorozawa	1998-08-22	included		1	2026-10-03T17:59:46.558859+00:00	Hepacivirus hominis gene for polyprotein, complete cds, isolate: HCV-M4414
AB677529.1	9321	3014	2	2b	2b	record source/definition	Japan:Saitama, Tokorozawa	1997-09-03	included		1	2026-10-03T17:59:46.564876+00:00	Hepacivirus hominis gene for polyprotein, complete cds, isolate: HCV-M4416
AB677528.1	9471	3014	2	2b	2b	record source/definition	Japan:Saitama, Tokorozawa	2010-05-12	included		1	2026-10-03T17:59:46.569820+00:00	Hepacivirus hominis gene for polyprotein, complete cds, isolate: HCV-M4430
AB677527.1	9471	3014	2	2b	2b	record source/definition	Japan: Saitama, Tokorozawa	1993-11-16	included		1	2026-10-03T17:59:46.574293+00:00	Hepacivirus hominis gene for polyprotein, complete cds, isolate: HCV-B5808
AB622121.1	9452	3014	unknown	unknown	2b	unclassified; query term alone insufficient	Japan:Ibaraki	2010-08-05	included		1	2026-10-03T17:59:46.578628+00:00	Hepacivirus hominis gene for polyprotein, complete cds, isolate: HC10-0804
AB559564.1	9511	3033	2	2b	2b	record source/definition			included		1	2026-10-03T17:59:46.583252+00:00	Hepacivirus hominis HCV gene for hepatitis C virus polyprotein, complete cds
OP022906.1	9102	3033	2	2b	2b	record source/definition	United Kingdom	2018	excluded	excessive_ambiguous_amino_acids	1	2026-10-03T17:59:46.592025+00:00	Hepacivirus C isolate P5 polyprotein gene, complete cds
OP022904.1	9102	3033	2	2b	2b	record source/definition	United Kingdom	2019	included		1	2026-10-03T17:59:46.596965+00:00	Hepacivirus C isolate P3 polyprotein gene, complete cds
OP022903.1	9102	3033	2	2b	2b	record source/definition	United Kingdom	2018	excluded	excessive_ambiguous_amino_acids	1	2026-10-03T17:59:46.601808+00:00	Hepacivirus C isolate P2 polyprotein gene, complete cds
OK552996.1	8943	2981	2	2b	2b	record source/definition	USA	23-Jan-2017	included		2	2026-10-03T17:59:46.606467+00:00	Hepacivirus C isolate S553_20170123_FL_T12 polyprotein gene, partial cds
OK552995.1	8943	2981	2	2b	2b	record source/definition	USA	23-Jan-2017	included		1	2026-10-03T17:59:46.610933+00:00	Hepacivirus C isolate S553_20170123_FL_T06 polyprotein gene, partial cds
OK552994.1	8943	2981	2	2b	2b	record source/definition	USA	23-Jan-2017	included		2	2026-10-03T17:59:46.617054+00:00	Hepacivirus C isolate S553_20170123_FL_T05 polyprotein gene, partial cds
PZ746513.1	9243	3014	3	3a	3a	record source/definition	China: Xiamen	26-Jun-2025	included		1	2026-10-03T17:59:47.036837+00:00	Orthohepacivirus hominis isolate XMYY125009 polyprotein (POLY) gene, partial cds
PZ746500.1	9243	3014	3	3a	3a	record source/definition	China: Putian	21-Aug-2025	included		1	2026-10-03T17:59:47.042587+00:00	Orthohepacivirus hominis isolate LCYY125018 polyprotein (POLY) gene, partial cds
PZ746452.1	9243	3014	3	3a	3a	record source/definition	China: Zhangzhou	10-May-2023	included		1	2026-10-03T17:59:47.050136+00:00	Orthohepacivirus hominis isolate ZPYY223001 polyprotein (POLY) gene, partial cds
PX387039.1	9413	3021	3	3a	3a	record source/definition	United Kingdom	2016	excluded	excessive_ambiguous_amino_acids	1	2026-10-03T17:59:47.058818+00:00	Orthohepacivirus hominis isolate NGS8_66 polyprotein (POLY) gene, complete cds; and similar to protein F gene
PX387038.1	9321	2997	3	3a	3a	record source/definition	United Kingdom	2015	excluded	excessive_ambiguous_amino_acids	1	2026-10-03T17:59:47.066088+00:00	Orthohepacivirus hominis isolate NGS8_63 polyprotein (POLY) gene, partial cds; and similar to protein F gene
PX387034.1	9408	3019	3	3a	3a	record source/definition	United Kingdom	2013	excluded	excessive_ambiguous_amino_acids	1	2026-10-03T17:59:47.072462+00:00	Orthohepacivirus hominis isolate NGS8_35 polyprotein (POLY) gene, complete cds; and similar to protein F gene
PX387031.1	9418	3021	3	3a	3a	record source/definition	United Kingdom	2017	included		1	2026-10-03T17:59:47.078669+00:00	Orthohepacivirus hominis isolate NGS8_261 polyprotein (POLY) gene, complete cds; and similar to protein F gene
PX387027.1	9420	3022	3	3a	3a	record source/definition	United Kingdom	2014	excluded	excessive_ambiguous_amino_acids	1	2026-10-03T17:59:47.085055+00:00	Orthohepacivirus hominis isolate NGS8_190 polyprotein (POLY) gene, complete cds; and similar to protein F gene
PX387026.1	9417	3021	3	3a	3a	record source/definition	United Kingdom	2017	excluded	excessive_ambiguous_amino_acids	1	2026-10-03T17:59:47.093215+00:00	Orthohepacivirus hominis isolate NGS8_156 polyprotein (POLY) gene, complete cds; and similar to protein F gene
PX387017.1	9416	3021	3	3a	3a	record source/definition	United Kingdom	2016	included		1	2026-10-03T17:59:47.099590+00:00	Orthohepacivirus hominis isolate NGS7_388 polyprotein (POLY) gene, complete cds; and similar to protein F gene
PX387005.1	9421	3021	3	3a	3a	record source/definition	United Kingdom	2017	excluded	excessive_ambiguous_amino_acids	1	2026-10-03T17:59:47.106093+00:00	Orthohepacivirus hominis isolate NGS7_374 polyprotein (POLY) gene, complete cds; and similar to protein F gene
PX386960.1	9430	3021	3	3a	3a	record source/definition	United Kingdom	2017	excluded	excessive_ambiguous_amino_acids	1	2026-10-03T17:59:47.112072+00:00	Orthohepacivirus hominis isolate NGS6_313 polyprotein (POLY) gene, complete cds; and similar to protein F gene
PX386959.1	9409	3021	3	3a	3a	record source/definition	United Kingdom	2017	included		1	2026-10-03T17:59:47.118432+00:00	Orthohepacivirus hominis isolate NGS6_312 polyprotein (POLY) gene, complete cds; and similar to protein F gene
PX386957.1	9420	3021	3	3a	3a	record source/definition	United Kingdom	2014	included		1	2026-10-03T17:59:47.124077+00:00	Orthohepacivirus hominis isolate NGS5_310 polyprotein (POLY) gene, complete cds; and similar to protein F gene
PX386950.1	9415	3021	3	3a	3a	record source/definition	United Kingdom	2016	included		1	2026-10-03T17:59:47.129629+00:00	Orthohepacivirus hominis isolate NGS5_303 polyprotein (POLY) gene, complete cds; and similar to protein F gene
PX386946.1	9414	3021	3	3a	3a	record source/definition	United Kingdom	2015	excluded	excessive_ambiguous_amino_acids	1	2026-10-03T17:59:47.135287+00:00	Orthohepacivirus hominis isolate NGS5_299 polyprotein (POLY) gene, complete cds; and similar to protein F gene
PX386945.1	9315	2996	3	3a	3a	record source/definition	United Kingdom	2016	excluded	excessive_ambiguous_amino_acids	1	2026-10-03T17:59:47.140664+00:00	Orthohepacivirus hominis isolate NGS5_298 polyprotein (POLY) gene, partial cds; and similar to protein F gene
PX386943.1	9419	3021	3	3a	3a	record source/definition	United Kingdom	2015	excluded	excessive_ambiguous_amino_acids	1	2026-10-03T17:59:47.146189+00:00	Orthohepacivirus hominis isolate NGS5_296 polyprotein (POLY) gene, complete cds; and similar to protein F gene
PX386942.1	9417	3021	3	3a	3a	record source/definition	United Kingdom	2017	excluded	excessive_ambiguous_amino_acids	1	2026-10-03T17:59:47.153106+00:00	Orthohepacivirus hominis isolate NGS5_295 polyprotein (POLY) gene, complete cds; and similar to protein F gene
PX386941.1	9342	3006	3	3a	3a	record source/definition	United Kingdom	2014	excluded	excessive_ambiguous_amino_acids	1	2026-10-03T17:59:47.159675+00:00	Orthohepacivirus hominis isolate NGS5_294 polyprotein (POLY) gene, partial cds; and similar to protein F gene
PX386934.1	9416	3021	3	3a	3a	record source/definition	United Kingdom	2014	included		1	2026-10-03T17:59:47.168523+00:00	Orthohepacivirus hominis isolate NGS5_286 polyprotein (POLY) gene, complete cds; and similar to protein F gene
PX386933.1	9419	3020	3	3a	3a	record source/definition	United Kingdom	2015	included		1	2026-10-03T17:59:47.175289+00:00	Orthohepacivirus hominis isolate NGS5_285 polyprotein (POLY) gene, complete cds; and similar to protein F gene
PX386929.1	9397	3016	3	3a	3a	record source/definition	United Kingdom	2014	excluded	excessive_ambiguous_amino_acids	1	2026-10-03T17:59:47.181066+00:00	Orthohepacivirus hominis isolate NGS5_278 polyprotein (POLY) gene, complete cds; and similar to protein F gene
PX386928.1	9415	3021	3	3a	3a	record source/definition	United Kingdom	2015	included		1	2026-10-03T17:59:47.186893+00:00	Orthohepacivirus hominis isolate NGS5_277 polyprotein (POLY) gene, complete cds; and similar to protein F gene
PX386925.1	9422	3021	3	3a	3a	record source/definition	United Kingdom	2016	included		1	2026-10-03T17:59:47.192676+00:00	Orthohepacivirus hominis isolate NGS5_273 polyprotein (POLY) gene, complete cds; and similar to protein F gene
PX386921.1	9422	3021	3	3a	3a	record source/definition	United Kingdom	2016	included		1	2026-10-03T17:59:47.198684+00:00	Orthohepacivirus hominis isolate NGS5_269 polyprotein (POLY) gene, complete cds; and similar to protein F gene
PX386920.1	9414	3021	3	3a	3a	record source/definition	United Kingdom	2013	included		1	2026-10-03T17:59:47.205779+00:00	Orthohepacivirus hominis isolate NGS5_268 polyprotein (POLY) gene, complete cds; and similar to protein F gene
PX386919.1	9409	3021	3	3a	3a	record source/definition	United Kingdom	2015	included		1	2026-10-03T17:59:47.211530+00:00	Orthohepacivirus hominis isolate NGS5_267 polyprotein (POLY) gene, complete cds; and similar to protein F gene
PX386918.1	9422	3021	3	3a	3a	record source/definition	United Kingdom	2017	included		1	2026-10-03T17:59:47.217962+00:00	Orthohepacivirus hominis isolate NGS5_266 polyprotein (POLY) gene, complete cds; and similar to protein F gene
PX386916.1	9418	3021	3	3a	3a	record source/definition	United Kingdom	2014	included		1	2026-10-03T17:59:47.223714+00:00	Orthohepacivirus hominis isolate NGS5_263 polyprotein (POLY) gene, complete cds; and similar to protein F gene
PX386914.1	9319	2997	3	3a	3a	record source/definition	United Kingdom	2013	excluded	excessive_ambiguous_amino_acids	1	2026-10-03T17:59:47.232109+00:00	Orthohepacivirus hominis isolate NGS5_259 polyprotein (POLY) gene, partial cds; and similar to protein F gene
PX386912.1	9420	3021	3	3a	3a	record source/definition	United Kingdom	2016	excluded	excessive_ambiguous_amino_acids	1	2026-10-03T17:59:47.238984+00:00	Orthohepacivirus hominis isolate NGS5_257 polyprotein (POLY) gene, complete cds; and similar to protein F gene
PX386911.1	9423	3021	3	3a	3a	record source/definition	United Kingdom	2016	excluded	excessive_ambiguous_amino_acids	1	2026-10-03T17:59:47.244686+00:00	Orthohepacivirus hominis isolate NGS5_256 polyprotein (POLY) gene, complete cds; and similar to protein F gene
PX386910.1	9427	3021	3	3a	3a	record source/definition	United Kingdom	2017	included		1	2026-10-03T17:59:47.252875+00:00	Orthohepacivirus hominis isolate NGS5_254 polyprotein (POLY) gene, complete cds; and similar to protein F gene
PX386905.1	9409	3021	3	3a	3a	record source/definition	United Kingdom	2015	included		1	2026-10-03T17:59:47.261195+00:00	Orthohepacivirus hominis isolate NGS5_249 polyprotein (POLY) gene, complete cds; and similar to protein F gene
PX386904.1	9415	3023	3	3a	3a	record source/definition	United Kingdom	2016	excluded	excessive_ambiguous_amino_acids	1	2026-10-03T17:59:47.268357+00:00	Orthohepacivirus hominis isolate NGS4_248 polyprotein (POLY) gene, complete cds; and similar to protein F gene
PX386902.1	9426	3024	3	3a	3a	record source/definition	United Kingdom	2013	included		1	2026-10-03T17:59:47.273894+00:00	Orthohepacivirus hominis isolate NGS4_245 polyprotein (POLY) gene, complete cds; and similar to protein F gene
PX386901.1	9411	3021	3	3a	3a	record source/definition	United Kingdom	2015	included		1	2026-10-03T17:59:47.279466+00:00	Orthohepacivirus hominis isolate NGS4_243 polyprotein (POLY) gene, complete cds; and similar to protein F gene
PX386899.1	9413	3021	3	3a	3a	record source/definition	United Kingdom	2013	included		1	2026-10-03T17:59:47.285224+00:00	Orthohepacivirus hominis isolate NGS4_241 polyprotein (POLY) gene, complete cds; and similar to protein F gene
PX386896.1	9419	3021	3	3a	3a	record source/definition	United Kingdom	2015	included		1	2026-10-03T17:59:47.290627+00:00	Orthohepacivirus hominis isolate NGS4_237 polyprotein (POLY) gene, complete cds; and similar to protein F gene
OZ474899.1	9497	0	4	4a	4a	record source/definition	Nigeria:Ebonyi State, Abakaliki	2024-02-20	excluded	no_annotated_CDS_translation	1	2026-10-03T17:59:47.703176+00:00	Hepatitis C virus subtype 4a isolate HCV/NG/14240330/2024 genome assembly, complete genome: monopartite
OZ474895.1	9497	0	4	4a	4a	record source/definition	Nigeria:Ebonyi State, Ishielu, Ohabueze	2024-02-29	excluded	no_annotated_CDS_translation	1	2026-10-03T17:59:47.704368+00:00	Hepatitis C virus subtype 4a isolate HCV/NG/14240496/2024 genome assembly, complete genome: monopartite
PQ660859.1	9027	3008	4	4a	4a	record source/definition	Kenya	17-Jun-2016	included		1	2026-10-03T17:59:47.709376+00:00	Orthohepacivirus hominis isolate KEN371 polyprotein gene, complete cds
PQ660858.1	9036	3011	1	1a	4a	record source/definition	Kenya	17-Jun-2016	included		1	2026-10-03T17:59:47.714942+00:00	Orthohepacivirus hominis isolate KEN363 polyprotein gene, complete cds
PQ660857.1	9023	3008	4	4a	4a	record source/definition	Kenya	17-Jun-2016	included		1	2026-10-03T17:59:47.720496+00:00	Orthohepacivirus hominis isolate KEN357 polyprotein gene, partial cds
PQ660856.1	9027	3008	4	4a	4a	record source/definition	Kenya	16-Jun-2016	included		1	2026-10-03T17:59:47.729112+00:00	Orthohepacivirus hominis isolate KEN355 polyprotein gene, complete cds
PQ660855.1	9036	3011	1	1a	4a	record source/definition	Kenya	15-Jun-2016	included		1	2026-10-03T17:59:47.734939+00:00	Orthohepacivirus hominis isolate KEN324 polyprotein gene, complete cds
PQ660854.1	9036	3011	1	1a	4a	record source/definition	Kenya	10-Jun-2016	included		1	2026-10-03T17:59:47.741948+00:00	Orthohepacivirus hominis isolate KEN292 polyprotein gene, complete cds
PQ660853.1	9036	3011	1	1a	4a	record source/definition	Kenya	08-Jun-2016	included		1	2026-10-03T17:59:47.747653+00:00	Orthohepacivirus hominis isolate KEN254 polyprotein gene, complete cds
PQ660852.1	9016	3005	4	4a	4a	record source/definition	Kenya	08-Jun-2016	included		1	2026-10-03T17:59:47.753639+00:00	Orthohepacivirus hominis isolate KEN244 polyprotein gene, partial cds
PQ660851.1	9032	3011	1	1a	4a	record source/definition	Kenya	07-Jun-2016	included		1	2026-10-03T17:59:47.759126+00:00	Orthohepacivirus hominis isolate KEN229 polyprotein gene, partial cds
PQ660850.1	9036	3011	1	1a	4a	record source/definition	Kenya	06-Jun-2016	included		1	2026-10-03T17:59:47.766351+00:00	Orthohepacivirus hominis isolate KEN222 polyprotein gene, complete cds
PQ660849.1	9036	3011	1	1a	4a	record source/definition	Kenya	06-Jun-2016	included		1	2026-10-03T17:59:47.771787+00:00	Orthohepacivirus hominis isolate KEN216 polyprotein gene, complete cds
PQ660848.1	9023	3008	4	4a	4a	record source/definition	Kenya	22-Jan-2016	included		1	2026-10-03T17:59:47.778739+00:00	Orthohepacivirus hominis isolate KEN202 polyprotein gene, partial cds
PQ660847.1	8962	2987	4	4a	4a	record source/definition	Kenya	22-Jan-2016	included		1	2026-10-03T17:59:47.784910+00:00	Orthohepacivirus hominis isolate KEN200 polyprotein gene, partial cds
PQ660846.1	9036	3011	1	1a	4a	record source/definition	Kenya	21-Jan-2016	included		1	2026-10-03T17:59:47.790772+00:00	Orthohepacivirus hominis isolate KEN181 polyprotein gene, complete cds
PQ660845.1	9036	3011	1	1a	4a	record source/definition	Kenya	21-Jan-2016	included		2	2026-10-03T17:59:47.796267+00:00	Orthohepacivirus hominis isolate KEN179 polyprotein gene, complete cds
PQ660844.1	9036	3011	1	1a	4a	record source/definition	Kenya	21-Jan-2016	included		1	2026-10-03T17:59:47.801944+00:00	Orthohepacivirus hominis isolate KEN175 polyprotein gene, complete cds
PQ660843.1	9036	3011	1	1a	4a	record source/definition	Kenya	21-Jan-2016	included		1	2026-10-03T17:59:47.807515+00:00	Orthohepacivirus hominis isolate KEN169 polyprotein gene, complete cds
PQ660842.1	9036	3011	1	1a	4a	record source/definition	Kenya	20-Jan-2016	included		1	2026-10-03T17:59:47.812907+00:00	Orthohepacivirus hominis isolate KEN164 polyprotein gene, complete cds
PQ660841.1	9036	3011	1	1a	4a	record source/definition	Kenya	20-Jan-2016	included		1	2026-10-03T17:59:47.818722+00:00	Orthohepacivirus hominis isolate KEN148 polyprotein gene, complete cds
PQ660840.1	9023	3008	4	4a	4a	record source/definition	Kenya	20-Jan-2016	included		1	2026-10-03T17:59:47.824322+00:00	Orthohepacivirus hominis isolate KEN142 polyprotein gene, partial cds
PQ660839.1	8960	2987	4	4a	4a	record source/definition	Kenya	19-Jan-2016	included		1	2026-10-03T17:59:47.830142+00:00	Orthohepacivirus hominis isolate KEN135 polyprotein gene, partial cds
PQ660838.1	9036	3011	1	1a	4a	record source/definition	Kenya	19-Jan-2016	included		1	2026-10-03T17:59:47.835703+00:00	Orthohepacivirus hominis isolate KEN126 polyprotein gene, complete cds
PQ660837.1	9023	3008	4	4a	4a	record source/definition	Kenya	19-Jan-2016	included		1	2026-10-03T17:59:47.841059+00:00	Orthohepacivirus hominis isolate KEN125 polyprotein gene, partial cds
PQ660836.1	9036	3011	1	1a	4a	record source/definition	Kenya	19-Jan-2016	included		1	2026-10-03T17:59:47.846921+00:00	Orthohepacivirus hominis isolate KEN120 polyprotein gene, complete cds
PQ660835.1	9036	3011	1	1a	4a	record source/definition	Kenya	22-Dec-2015	included		2	2026-10-03T17:59:47.852349+00:00	Orthohepacivirus hominis isolate KEN113 polyprotein gene, complete cds
PQ660834.1	9036	3011	1	1a	4a	record source/definition	Kenya	22-Dec-2015	included		1	2026-10-03T17:59:47.857370+00:00	Orthohepacivirus hominis isolate KEN109 polyprotein gene, complete cds
PQ660833.1	9036	3011	1	1a	4a	record source/definition	Kenya	22-Dec-2015	included		1	2026-10-03T17:59:47.866577+00:00	Orthohepacivirus hominis isolate KEN103 polyprotein gene, complete cds
PQ660832.1	9036	3011	1	1a	4a	record source/definition	Kenya	21-Dec-2015	included		1	2026-10-03T17:59:47.872012+00:00	Orthohepacivirus hominis isolate KEN080 polyprotein gene, complete cds
PQ660831.1	9036	3011	1	1a	4a	record source/definition	Kenya	21-Dec-2015	included		1	2026-10-03T17:59:47.877332+00:00	Orthohepacivirus hominis isolate KEN077 polyprotein gene, complete cds
PQ660830.1	9027	3008	4	4a	4a	record source/definition	Kenya	21-Dec-2015	included		1	2026-10-03T17:59:47.883175+00:00	Orthohepacivirus hominis isolate KEN075 polyprotein gene, complete cds
PQ660829.1	9036	3011	1	1a	4a	record source/definition	Kenya	18-Dec-2015	included		1	2026-10-03T17:59:47.889745+00:00	Orthohepacivirus hominis isolate KEN041 polyprotein gene, complete cds
PQ660828.1	9036	3011	1	1a	4a	record source/definition	Kenya	17-Dec-2015	included		1	2026-10-03T17:59:47.895272+00:00	Orthohepacivirus hominis isolate KEN021 polyprotein gene, complete cds
PQ660827.1	9036	3011	1	1a	4a	record source/definition	Kenya	16-Dec-2015	included		1	2026-10-03T17:59:47.902523+00:00	Orthohepacivirus hominis isolate KEN020 polyprotein gene, complete cds
PQ660826.1	9036	3011	1	1a	4a	record source/definition	Kenya	16-Dec-2015	included		1	2026-10-03T17:59:47.908026+00:00	Orthohepacivirus hominis isolate KEN017 polyprotein gene, complete cds
PQ660825.1	9036	3011	1	1a	4a	record source/definition	Kenya	16-Dec-2015	included		1	2026-10-03T17:59:47.913456+00:00	Orthohepacivirus hominis isolate KEN008 polyprotein gene, complete cds
PQ660824.1	9036	3011	1	1a	4a	record source/definition	Kenya	16-Dec-2015	included		1	2026-10-03T17:59:47.918698+00:00	Orthohepacivirus hominis isolate KEN006 polyprotein gene, complete cds
PQ660823.1	9036	3011	1	1a	4a	record source/definition	Kenya	16-Dec-2015	included		1	2026-10-03T17:59:47.923850+00:00	Orthohepacivirus hominis isolate KEN004 polyprotein gene, complete cds
OR497875.1	8980	2993	4	4a	4a	record source/definition	Belgium	2012	excluded	excessive_ambiguous_amino_acids	1	2026-10-03T17:59:47.929382+00:00	Orthohepacivirus hominis isolate 4a_2 polyprotein gene, partial cds
PX387002.1	9321	3014	5	5a	5a	record source/definition	United Kingdom	2016	excluded	excessive_ambiguous_amino_acids	1	2026-10-03T17:59:48.350023+00:00	Orthohepacivirus hominis isolate NGS6_369 polyprotein (POLY) gene, complete cds; and similar to protein F gene
PX387001.1	9345	3004	5	5a	5a	record source/definition	United Kingdom	2017	included		1	2026-10-03T17:59:48.355519+00:00	Orthohepacivirus hominis isolate NGS6_368 polyprotein (POLY) gene, partial cds; and similar to protein F gene
NC_009826.1	9343	3014	5	5	5a	record source/definition	United Kingdom: Scotland, Edinburgh		included		1	2026-10-03T17:59:48.364813+00:00	Hepatitis C virus genotype 5, genome
MH427313.1	9576	3014	unknown	unknown	5a	unclassified; query term alone insufficient			included		4	2026-10-03T17:59:48.371723+00:00	Recombinant Hepacivirus C SA13_JF470-510cc, complete genome
MH427312.1	9625	3014	unknown	unknown	5a	unclassified; query term alone insufficient			included		4	2026-10-03T17:59:48.377429+00:00	Recombinant Hepacivirus C SA13_JF372-X_CIQV, complete genome
MH427311.1	9576	3014	unknown	unknown	5a	unclassified; query term alone insufficient			included		4	2026-10-03T17:59:48.383088+00:00	Recombinant Hepacivirus C SA13fl, complete genome
KM587626.1	9405	3015	5	5a	5a	record source/definition	USA	26-Jul-2012	excluded	excessive_ambiguous_amino_acids	1	2026-10-03T17:59:48.388409+00:00	Hepatitis C virus isolate M polyprotein gene, complete cds
KJ925149.1	9584	3014	5	5a	5a	record source/definition	South Africa		included		1	2026-10-03T17:59:48.393818+00:00	Hepatitis C virus strain SA4, complete genome
KJ925148.1	9566	3014	5	5a	5a	record source/definition	South Africa		included		1	2026-10-03T17:59:48.399464+00:00	Hepatitis C virus strain SA3, complete genome
KJ925147.1	9566	3014	5	5a	5a	record source/definition	South Africa		included		1	2026-10-03T17:59:48.404763+00:00	Hepatitis C virus strain SA2, complete genome
KJ925146.1	9562	3014	5	5a	5a	record source/definition	South Africa		included		1	2026-10-03T17:59:48.410201+00:00	Hepatitis C virus strain SA1, complete genome
KC767834.1	8973	2914	5	5a	5a	record source/definition	South Africa	09-May-2010	included		1	2026-10-03T17:59:48.416033+00:00	Hepatitis C virus isolate ZADGM3013 polyprotein gene, partial cds
KC767833.1	8144	2715	5	5a	5a	record source/definition	South Africa	23-Feb-2011	excluded	interface_coverage_missing	1	2026-10-03T17:59:48.421320+00:00	Hepatitis C virus isolate ZADGM1104 polyprotein gene, partial cds
KC767832.1	8987	2919	5	5a	5a	record source/definition	South Africa	07-Jun-2011	included		1	2026-10-03T17:59:48.426696+00:00	Hepatitis C virus isolate ZADGM0518 polyprotein gene, partial cds
KC767831.1	8981	2918	5	5a	5a	record source/definition	South Africa	31-Jan-2007	included		1	2026-10-03T17:59:48.432343+00:00	Hepatitis C virus isolate ZADGM869 polyprotein gene, partial cds
KC767830.1	8979	2916	5	5a	5a	record source/definition	South Africa	21-Apr-2010	included		1	2026-10-03T17:59:48.437642+00:00	Hepatitis C virus isolate ZADGM2582 polyprotein gene, partial cds
KC767829.1	8979	2917	5	5a	5a	record source/definition	South Africa	16-Apr-2011	included		1	2026-10-03T17:59:48.443129+00:00	Hepatitis C virus isolate ZADGM2088 polyprotein gene, partial cds
KC844046.1	9414	3014	5	5a	5a	record source/definition	China	2011	included		1	2026-10-03T17:59:48.448619+00:00	Hepatitis C virus subtype 5a isolate ZS631 polyprotein gene, complete cds
KF373567.1	9301	3014	5	5a	5a	record source/definition	India	23-Mar-2012	included		1	2026-10-03T17:59:48.454198+00:00	Hepatitis C virus isolate ILBS polyprotein gene, complete cds
KF693781.1	9678	3033	2	2a	5a	record source/definition	Denmark	22-Sep-2013	included		11	2026-10-03T17:59:48.459457+00:00	Recombinant Hepatitis C virus J6/JFH1-SA13(NS4A), complete genome
AB691599.1	8852	1990	unknown	unknown	5a	unclassified; query term alone insufficient			excluded	interface_coverage_missing	1	2026-10-03T17:59:48.464635+00:00	Hepatitis C virus replicon pSGR-S310/Luc DNA, complete sequence
JN180460.1	9678	3033	2	2a	5a	record source/definition			included		11	2026-10-03T17:59:48.469842+00:00	Recombinant Hepatitis C virus J6/JFH1-JCH4, complete genome
JN180459.1	9678	3033	2	2a	5a	record source/definition			included		11	2026-10-03T17:59:48.475073+00:00	Recombinant Hepatitis C virus J6/JFH1-JCH2, complete genome
JN180458.1	9678	3033	2	2a	5a	record source/definition			included		11	2026-10-03T17:59:48.480503+00:00	Recombinant Hepatitis C virus J6/JFH1-NZL1, complete genome
JN180457.1	9678	3033	2	2a	5a	record source/definition			included		11	2026-10-03T17:59:48.485911+00:00	Recombinant Hepatitis C virus J6/JFH1-K3a.650, complete genome
JN180456.1	9678	3033	2	2a	5a	record source/definition			included		11	2026-10-03T17:59:48.491448+00:00	Recombinant Hepatitis C virus J6/JFH1-452, complete genome
JN180455.1	9678	3033	2	2a	5a	record source/definition			included		11	2026-10-03T17:59:48.498279+00:00	Recombinant Hepatitis C virus J6/JFH1-HK6a, complete genome
JN180454.1	9678	3033	2	2a	5a	record source/definition			included		11	2026-10-03T17:59:48.504510+00:00	Recombinant Hepatitis C virus J6/JFH1-SA13, complete genome
JN180453.1	9678	3033	2	2a	5a	record source/definition			included		11	2026-10-03T17:59:48.509988+00:00	Recombinant Hepatitis C virus J6/JFH1-S52, complete genome
JN180452.1	9678	3033	2	2a	5a	record source/definition			included		11	2026-10-03T17:59:48.515576+00:00	Recombinant Hepatitis C virus J6/JFH1-J6, complete genome
HQ852464.1	9630	3017	2	2a	5a	record source/definition	Denmark	24-Nov-2010	included		11	2026-10-03T17:59:48.520962+00:00	Recombinant Hepatitis C virus J6/JFH1(SA13-NS5A), complete genome
JF343786.2	9668	3030	5	5a	5a	record source/definition	Denmark	14-Feb-2011	included		4	2026-10-03T17:59:48.526355+00:00	Recombinant Hepatitis C virus SA13(5'UTR-NS2)/JFH1_A1022G,K1119R, complete genome
HC466807.1	9597	0	unknown	unknown	5a	unclassified; query term alone insufficient			excluded	no_annotated_CDS_translation	1	2026-10-03T17:59:48.526820+00:00	Sequence 21 from Patent WO2010022727
HC466806.1	9597	0	unknown	unknown	5a	unclassified; query term alone insufficient			excluded	no_annotated_CDS_translation	1	2026-10-03T17:59:48.527209+00:00	Sequence 20 from Patent WO2010022727
HC466805.1	9585	0	unknown	unknown	5a	unclassified; query term alone insufficient			excluded	no_annotated_CDS_translation	1	2026-10-03T17:59:48.527549+00:00	Sequence 19 from Patent WO2010022727
HC466804.1	9603	0	unknown	unknown	5a	unclassified; query term alone insufficient			excluded	no_annotated_CDS_translation	1	2026-10-03T17:59:48.527867+00:00	Sequence 18 from Patent WO2010022727
PZ746532.1	9240	3012	6	6a	6a	record source/definition	China: Nanping	22-Jul-2025	included		1	2026-10-03T17:59:48.942749+00:00	Orthohepacivirus hominis isolate YPYY125018 polyprotein (POLY) gene, partial cds; and protein F (POLY) gene, complete cds
PZ746531.1	9240	3012	6	6a	6a	record source/definition	China: Nanping	26-May-2025	included		1	2026-10-03T17:59:48.948063+00:00	Orthohepacivirus hominis isolate YPYY125014 polyprotein (POLY) gene, partial cds; and protein F (POLY) gene, complete cds
PZ746528.1	9240	3012	6	6a	6a	record source/definition	China: Nanping	15-Mar-2025	included		1	2026-10-03T17:59:48.953290+00:00	Orthohepacivirus hominis isolate YPYY125008 polyprotein (POLY) gene, partial cds; and protein F (POLY) gene, complete cds
PZ746526.1	9240	3012	6	6a	6a	record source/definition	China: Nanping	02-Feb-2025	included		1	2026-10-03T17:59:48.958504+00:00	Orthohepacivirus hominis isolate YPYY125003 polyprotein (POLY) gene, partial cds; and protein F (POLY) gene, complete cds
PZ746525.1	9240	3012	6	6a	6a	record source/definition	China: Nanping	18-Dec-2025	included		1	2026-10-03T17:59:48.964452+00:00	Orthohepacivirus hominis isolate YPYY124028 polyprotein (POLY) gene, partial cds; and protein F (POLY) gene, complete cds
PZ746524.1	9240	3012	6	6a	6a	record source/definition	China: Nanping	01-Dec-2025	included		1	2026-10-03T17:59:48.970080+00:00	Orthohepacivirus hominis isolate YPYY124027 polyprotein (POLY) gene, partial cds; and protein F (POLY) gene, complete cds
PZ746520.1	9240	3012	6	6a	6a	record source/definition	China: Nanping	23-Oct-2025	included		1	2026-10-03T17:59:48.975834+00:00	Orthohepacivirus hominis isolate YPYY124022 polyprotein (POLY) gene, partial cds; and protein F (POLY) gene, complete cds
PZ746517.1	9240	3012	6	6a	6a	record source/definition	China: Nanping	26-Sep-2025	included		1	2026-10-03T17:59:48.981883+00:00	Orthohepacivirus hominis isolate YPYY124016 polyprotein (POLY) gene, partial cds; and protein F (POLY) gene, complete cds
PZ746511.1	9240	3012	6	6a	6a	record source/definition	China: Xiamen	06-Jun-2025	included		1	2026-10-03T17:59:48.987170+00:00	Orthohepacivirus hominis isolate XMYY125007 polyprotein (POLY) gene, partial cds; and protein F (POLY) gene, complete cds
PZ746508.1	9240	3012	6	6a	6a	record source/definition	China: Zhangzhou	07-Apr-2025	included		1	2026-10-03T17:59:48.992517+00:00	Orthohepacivirus hominis isolate ZPYY125001 polyprotein (POLY) gene, partial cds; and protein F (POLY) gene, complete cds
PZ746497.1	9240	3012	6	6a	6a	record source/definition	China: Putian	14-Aug-2025	included		1	2026-10-03T17:59:48.997960+00:00	Orthohepacivirus hominis isolate LCYY125009 polyprotein (POLY) gene, partial cds; and protein F (POLY) gene, complete cds
PZ746495.1	9240	3012	6	6a	6a	record source/definition	China: Putian	14-Aug-2025	included		1	2026-10-03T17:59:49.003283+00:00	Orthohepacivirus hominis isolate LCYY125007 polyprotein (POLY) gene, partial cds; and protein F (POLY) gene, complete cds
PZ746485.1	9240	3012	6	6a	6a	record source/definition	China: Putian	28-Oct-2022	included		1	2026-10-03T17:59:49.009691+00:00	Orthohepacivirus hominis isolate LC24010 polyprotein (POLY) gene, partial cds; and protein F (POLY) gene, complete cds
PZ746479.1	9240	3012	6	6a	6a	record source/definition	China: Putian	22-Aug-2024	included		1	2026-10-03T17:59:49.016851+00:00	Orthohepacivirus hominis isolate SHYY124001 polyprotein (POLY) gene, partial cds; and protein F (POLY) gene, complete cds
PZ746478.1	9240	3012	6	6a	6a	record source/definition	China: Longyan	25-May-2024	included		1	2026-10-03T17:59:49.024320+00:00	Orthohepacivirus hominis isolate FQYY124002 polyprotein (POLY) gene, partial cds; and protein F (POLY) gene, complete cds
PZ746474.1	9240	3012	6	6a	6a	record source/definition	China: Nanping	30-Aug-2024	included		1	2026-10-03T17:59:49.030335+00:00	Orthohepacivirus hominis isolate YPYY124014 polyprotein (POLY) gene, partial cds; and protein F (POLY) gene, complete cds
PZ746449.1	9240	3012	6	6a	6a	record source/definition	China: Ningde	25-Sep-2023	included		2	2026-10-03T17:59:49.037400+00:00	Orthohepacivirus hominis isolate GTYY123007 polyprotein (POLY) gene, partial cds; and protein F (POLY) gene, complete cds
PZ746448.1	9240	3012	6	6a	6a	record source/definition	China: Ningde	06-Sep-2023	included		2	2026-10-03T17:59:49.042722+00:00	Orthohepacivirus hominis isolate GTYY123005 polyprotein (POLY) gene, partial cds; and protein F (POLY) gene, complete cds
PX386979.1	9358	3019	6	6a	6a	record source/definition	United Kingdom	2014	excluded	excessive_ambiguous_amino_acids	1	2026-10-03T17:59:49.050848+00:00	Orthohepacivirus hominis isolate NGS6_336 polyprotein (POLY) gene, complete cds; and similar to protein F gene
PX386978.1	9358	3019	6	6a	6a	record source/definition	United Kingdom	2014	included		1	2026-10-03T17:59:49.058792+00:00	Orthohepacivirus hominis isolate NGS6_334 polyprotein (POLY) and protein F (POLY) genes, complete cds
PX386969.1	9367	3022	6	6a	6a	record source/definition	United Kingdom	2013	included		1	2026-10-03T17:59:49.064180+00:00	Orthohepacivirus hominis isolate NGS6_325 polyprotein (POLY) gene, complete cds; and similar to protein F gene
MZ161158.1	9342	3019	6	6a	6a	record source/definition	China	16-Aug-2011	included		1	2026-10-03T17:59:49.070991+00:00	Orthohepacivirus hominis strain HCV072 polyprotein (POLY) and protein F (POLY) genes, complete cds
MZ161157.1	9315	3012	6	6a	6a	record source/definition	China	16-Aug-2011	included		1	2026-10-03T17:59:49.077355+00:00	Orthohepacivirus hominis strain HCV071 polyprotein (POLY) gene, partial cds; and protein F (POLY) gene, complete cds
MZ161156.1	9339	3019	6	6a	6a	record source/definition	China	22-Jul-2011	included		1	2026-10-03T17:59:49.082960+00:00	Orthohepacivirus hominis strain HCV070 polyprotein (POLY) and protein F (POLY) genes, complete cds
MZ161155.1	9315	3012	6	6a	6a	record source/definition	China	21-Jul-2011	included		1	2026-10-03T17:59:49.090401+00:00	Orthohepacivirus hominis strain HCV069 polyprotein (POLY) gene, partial cds; and protein F (POLY) gene, complete cds
MZ161154.1	9342	3019	6	6a	6a	record source/definition	China	21-Jul-2011	included		1	2026-10-03T17:59:49.100113+00:00	Orthohepacivirus hominis strain HCV068 polyprotein (POLY) and protein F (POLY) genes, complete cds
MZ161153.1	9315	3012	6	6a	6a	record source/definition	China	19-Jul-2011	included		1	2026-10-03T17:59:49.106842+00:00	Orthohepacivirus hominis strain HCV067 polyprotein (POLY) gene, partial cds; and protein F (POLY) gene, complete cds
MZ161152.1	9315	3012	6	6a	6a	record source/definition	China	15-Jul-2011	included		1	2026-10-03T17:59:49.111917+00:00	Orthohepacivirus hominis strain HCV066 polyprotein (POLY) gene, partial cds; and protein F (POLY) gene, complete cds
MZ161151.1	9315	3012	6	6a	6a	record source/definition	China	15-Jul-2011	included		1	2026-10-03T17:59:49.117440+00:00	Orthohepacivirus hominis strain HCV065 polyprotein (POLY) gene, partial cds; and protein F (POLY) gene, complete cds
MZ161150.1	9315	3012	6	6a	6a	record source/definition	China	04-Jul-2011	included		1	2026-10-03T17:59:49.122796+00:00	Orthohepacivirus hominis strain HCV064 polyprotein (POLY) gene, partial cds; and protein F (POLY) gene, complete cds
MZ161149.1	9315	3012	6	6a	6a	record source/definition	China	30-Jun-2011	included		1	2026-10-03T17:59:49.128088+00:00	Orthohepacivirus hominis strain HCV063 polyprotein (POLY) gene, partial cds; and protein F (POLY) gene, complete cds
MZ161148.1	9315	3012	6	6a	6a	record source/definition	China	29-Jun-2011	included		1	2026-10-03T17:59:49.133457+00:00	Orthohepacivirus hominis strain HCV062 polyprotein (POLY) gene, partial cds; and protein F (POLY) gene, complete cds
MZ161147.1	9315	3012	6	6a	6a	record source/definition	China	29-Jun-2011	included		1	2026-10-03T17:59:49.138753+00:00	Orthohepacivirus hominis strain HCV061 polyprotein (POLY) gene, partial cds; and protein F (POLY) gene, complete cds
MZ161146.1	9315	3012	6	6a	6a	record source/definition	China	29-Jun-2011	included		1	2026-10-03T17:59:49.144220+00:00	Orthohepacivirus hominis strain HCV060 polyprotein (POLY) gene, partial cds; and protein F (POLY) gene, complete cds
MZ161145.1	9342	3019	6	6a	6a	record source/definition	China	01-Dec-2010	included		1	2026-10-03T17:59:49.149795+00:00	Orthohepacivirus hominis strain HCV051 polyprotein (POLY) and protein F (POLY) genes, complete cds
MH155319.1	9641	3019	6	6a	6a	record source/definition			included		1	2026-10-03T17:59:49.155920+00:00	Orthohepacivirus hominis isolate CH6acc, complete genome
MP277876.1	9630	0	unknown	unknown	6a	unclassified; query term alone insufficient			excluded	no_annotated_CDS_translation	1	2026-10-03T17:59:49.156414+00:00	Sequence 67 from Patent WO2019154472
MP277874.1	9629	0	unknown	unknown	6a	unclassified; query term alone insufficient			excluded	no_annotated_CDS_translation	1	2026-10-03T17:59:49.156801+00:00	Sequence 65 from Patent WO2019154472
MP277873.1	9626	0	unknown	unknown	6a	unclassified; query term alone insufficient			excluded	no_annotated_CDS_translation	1	2026-10-03T17:59:49.157136+00:00	Sequence 64 from Patent WO2019154472
MP277841.1	9639	0	unknown	unknown	6a	unclassified; query term alone insufficient			excluded	no_annotated_CDS_translation	1	2026-10-03T17:59:49.157453+00:00	Sequence 32 from Patent WO2019154472
