design_arm	metric	seeds	number_paired_seeds	standard_seed_mean	soluble_seed_mean	soluble_minus_standard	ci95_low	ci95_high	bootstrap_unit	bootstrap_replicates	bootstrap_seed	caveat
A	mean_hydrophobic_sasa_fraction	20261005,20261006,20261007,20261008,20261009	5	0.2632080544461458	0.24443489512266173	-0.018773159323484095	-0.027677764833005263	-0.010329252126990485	matched generation seed within arm; temperatures pooled within seed	2000	20261010	Small seed sample; descriptors on one scaffold; not expression or solubility measurements
A	mean_hydrophobic_patch_proxy	20261005,20261006,20261007,20261008,20261009	5	517.1807151266673	523.8660378519592	6.685322725291667	4.974030208284285	8.396615242299049	matched generation seed within arm; temperatures pooled within seed	2000	20261010	Small seed sample; descriptors on one scaffold; not expression or solubility measurements
A	mean_stability_score	20261005,20261006,20261007,20261008,20261009	5	-445.04921052631573	-455.52043812233285	-10.471227596017126	-13.615174964438154	-7.516665718350066	matched generation seed within arm; temperatures pooled within seed	2000	20261010	Small seed sample; descriptors on one scaffold; not expression or solubility measurements
A	mean_charge	20261005,20261006,20261007,20261008,20261009	5	-1.13973623191205	-4.753993708596214	-3.614257476684164	-4.046549992955723	-3.0961621703005875	matched generation seed within arm; temperatures pooled within seed	2000	20261010	Small seed sample; descriptors on one scaffold; not expression or solubility measurements
A	mean_pI	20261005,20261006,20261007,20261008,20261009	5	6.0954143524169915	5.0193050858781145	-1.0761092665388772	-1.3492908979717047	-0.7685264951507869	matched generation seed within arm; temperatures pooled within seed	2000	20261010	Small seed sample; descriptors on one scaffold; not expression or solubility measurements
A	mean_hydrophobic_fraction	20261005,20261006,20261007,20261008,20261009	5	0.34571259609698407	0.3186280307510349	-0.027084565345949153	-0.03512714370195148	-0.019219396806623323	matched generation seed within arm; temperatures pooled within seed	2000	20261010	Small seed sample; descriptors on one scaffold; not expression or solubility measurements
A	mean_identity	20261005,20261006,20261007,20261008,20261009	5	54.50620934358368	54.79006505026611	0.28385570668243076	-0.2306327616794789	0.691898285038431	matched generation seed within arm; temperatures pooled within seed	2000	20261010	Small seed sample; descriptors on one scaffold; not expression or solubility measurements
A	mean_nll	20261005,20261006,20261007,20261008,20261009	5	1.0601536960978257	1.0942278560839203	0.03407415998609444	0.026305399129265262	0.04231140048880331	matched generation seed within arm; temperatures pooled within seed	2000	20261010	Small seed sample; descriptors on one scaffold; not expression or solubility measurements
B	mean_hydrophobic_sasa_fraction	20261005,20261006,20261007,20261008,20261009	5	0.22989928809785315	0.21718459626337414	-0.012714691834479019	-0.02116183672335874	-0.004267546945599299	matched generation seed within arm; temperatures pooled within seed	2000	20261010	Small seed sample; descriptors on one scaffold; not expression or solubility measurements
B	mean_hydrophobic_patch_proxy	20261005,20261006,20261007,20261008,20261009	5	424.1984822694529	452.1429075863886	27.944425316935746	19.226341877434503	40.48670454535735	matched generation seed within arm; temperatures pooled within seed	2000	20261010	Small seed sample; descriptors on one scaffold; not expression or solubility measurements
B	mean_stability_score	20261005,20261006,20261007,20261008,20261009	5	-443.6113157894736	-449.0387368421053	-5.427421052631655	-7.925263157894778	-2.929578947368532	matched generation seed within arm; temperatures pooled within seed	2000	20261010	Small seed sample; descriptors on one scaffold; not expression or solubility measurements
B	mean_charge	20261005,20261006,20261007,20261008,20261009	5	0.3084566196305365	-3.258834691046302	-3.567291310676839	-4.090411997547968	-3.0258740764589307	matched generation seed within arm; temperatures pooled within seed	2000	20261010	Small seed sample; descriptors on one scaffold; not expression or solubility measurements
B	mean_pI	20261005,20261006,20261007,20261008,20261009	5	7.108972922877262	5.419550293370298	-1.6894226295069654	-1.9513100674277866	-1.4237234737998563	matched generation seed within arm; temperatures pooled within seed	2000	20261010	Small seed sample; descriptors on one scaffold; not expression or solubility measurements
B	mean_hydrophobic_fraction	20261005,20261006,20261007,20261008,20261009	5	0.3325842696629214	0.30762862211709047	-0.02495564754583085	-0.03205204021289178	-0.017859254878769926	matched generation seed within arm; temperatures pooled within seed	2000	20261010	Small seed sample; descriptors on one scaffold; not expression or solubility measurements
B	mean_identity	20261005,20261006,20261007,20261008,20261009	5	46.22117090479007	45.38734476641041	-0.8338261383796592	-1.1058545239503246	-0.5617977528089938	matched generation seed within arm; temperatures pooled within seed	2000	20261010	Small seed sample; descriptors on one scaffold; not expression or solubility measurements
B	mean_nll	20261005,20261006,20261007,20261008,20261009	5	1.0181225899018738	1.0697516861714813	0.051629096269607544	0.046019521826191935	0.05628879415361503	matched generation seed within arm; temperatures pooled within seed	2000	20261010	Small seed sample; descriptors on one scaffold; not expression or solubility measurements
