design_arm	model	seed	count	mean_hydrophobic_sasa_fraction	mean_hydrophobic_patch_proxy	mean_stability_score	mean_charge	mean_pI
A	standard	20261005	38	0.24890079212501115	516.9431748748304	-448.54315789473674	-1.7139407629569305	5.762019177487022
A	standard	20261006	38	0.2516716223831703	519.6335375993394	-440.6842105263158	-0.7880272224279363	6.306989127711245
A	standard	20261007	38	0.27901738547065114	516.3744639310397	-444.80657894736834	-0.5598273698020632	6.493425841080515
A	standard	20261008	38	0.26036606528665707	517.4843945680443	-446.5728947368421	-1.1952491232657676	6.107306028667248
A	standard	20261009	38	0.27608440696523934	515.4680046600831	-444.6392105263158	-1.4416366811075534	5.807331587138929
A	soluble	20261005	37	0.23720679952814683	523.2098380502039	-455.9332432432433	-4.415855914666352	5.211113785408639
A	soluble	20261006	38	0.24569297252612837	523.2098380502039	-456.4821052631579	-4.390734930126619	5.012500973751671
A	soluble	20261007	38	0.24919957028345105	525.7458695395644	-451.73368421052646	-4.951426497440106	4.975672300238358
A	soluble	20261008	38	0.24636858112465496	523.2098380502039	-455.5218421052631	-4.650493997431571	4.985334928412186
A	soluble	20261009	38	0.24370655215092732	523.9548055696193	-457.9313157894737	-5.361457203316422	4.911903441579719
B	standard	20261005	38	0.2187018324170867	424.4282551153356	-444.7055263157894	0.1369424598920986	6.916240651983965
B	standard	20261006	38	0.22887561805441864	424.1545909792814	-441.03499999999997	0.25481672580211523	7.190797012730649
B	standard	20261007	38	0.2413557165885466	427.754950408075	-443.0252631578947	0.017507295197937648	6.915314192520945
B	standard	20261008	38	0.22348697163501666	417.82307772557675	-445.3036842105262	1.195367706019845	7.646977173654659
B	standard	20261009	38	0.23707630179419728	426.83153711899575	-443.98710526315784	-0.062351088759314166	6.875535583496094
B	soluble	20261005	38	0.21274355106977358	441.4135019916398	-450.3297368421052	-2.5020445850801254	5.635998063338431
B	soluble	20261006	38	0.22065225604383537	451.4897966646693	-449.98947368421057	-3.6234873969087857	5.358036693773772
B	soluble	20261007	38	0.2149744823739745	447.2188487413507	-446.91763157894746	-3.485613500164196	5.18588681471975
B	soluble	20261008	38	0.22288806662362318	470.52743444727497	-445.9231578947369	-3.286571759652012	5.487423595629242
B	soluble	20261009	38	0.21466462520566415	450.06495608700845	-452.0336842105263	-3.3964562134263945	5.430406299390291
