design_arm	model	seed	count	unique	mean_nll	mean_identity	mean_hydrophobic_fraction
A	standard	20261005	38	38	1.0612026202051263	55.056179775280896	0.3364872856298049
A	standard	20261006	38	38	1.0573408980118602	54.08042578356003	0.33589591957421644
A	standard	20261007	38	38	1.057145572022388	55.056179775280896	0.3619160260201064
A	standard	20261008	38	38	1.0690298629434485	54.346540508574805	0.3379657007687759
A	standard	20261009	38	38	1.0560495273063057	53.991720875221766	0.3562980484920166
A	soluble	20261005	38	37	1.0846756539846723	55.795387344766404	0.3116499112950916
A	soluble	20261006	38	38	1.0848090366313332	54.642223536369016	0.31785925487877
A	soluble	20261007	38	38	1.0977810527149	54.40567711413365	0.32465996451803675
A	soluble	20261008	38	38	1.0986745137917369	54.40567711413363	0.32081608515671195
A	soluble	20261009	38	38	1.1051990232969586	54.70136014192784	0.3181549379065642
B	standard	20261005	38	38	1.0181901015733417	46.18568894145477	0.32495564754583084
B	standard	20261006	38	38	1.0249028205871582	45.56475458308693	0.3276167947959787
B	standard	20261007	38	38	1.0127801455949481	46.71791839148433	0.3441750443524542
B	standard	20261008	38	38	1.0175968926203878	46.865759905381445	0.3261383796570077
B	standard	20261009	38	38	1.0171429891335337	45.77173270254287	0.3400354819633353
B	soluble	20261005	38	38	1.0732256691706807	45.860437610881135	0.306327616794796
B	soluble	20261006	38	38	1.066978865548184	44.82554701360143	0.3051448846836193
B	soluble	20261007	38	38	1.060609812799253	46.008279124778234	0.3075103489059728
B	soluble	20261008	38	38	1.0747612871621783	45.68302779420462	0.3113542282672975
B	soluble	20261009	38	38	1.0731827961771112	44.559432288586635	0.307806031933767
