check	passed	details
species	True	
language_README.md	True	
language_methods_notes.md	True	
language_project_metadata.md	True	
language_report.md	True	
language_score_dictionary.md	True	
freeze_integrity	True	
frozen_model_sequences	True	
cleanup_manifest_integrity	True	
retained_model_hashes	True	
disposable_models_removed	True	
freeze_precedes_successful_heldout	True	
interface_haplotype_overlap	True	0
near_interface_haplotype_overlap	True	0
duplicate_E2_sequence_overlap	True	0
source_unchanged_7MWX	True	
source_unchanged_3X0E	True	
state_hash_reference_discovery	True	
state_hash_hap_ba23a7799e5c_discovery	True	
state_hash_hap_8ddb95e3ef4a_discovery	True	
state_hash_hap_71ec79d01e7e_discovery	True	
state_hash_hap_8a1153748e98_discovery	True	
state_hash_hap_538e23ca86cb_discovery	True	
state_hash_hap_c4dfac06ffec_discovery	True	
state_hash_hap_1f945568f197_discovery	True	
state_hash_hap_2419b0841e7c_discovery	True	
state_hash_hap_c52b2cf4c7a6_discovery	True	
state_hash_hap_c014f30a4daf_discovery	True	
state_hash_hap_25908b0f82d9_discovery	True	
state_hash_hap_aa3c3e10892b_discovery	True	
state_hash_hap_f42e9205b691_discovery	True	
state_hash_hap_af45ead73f67_discovery	True	
state_hash_hap_fdbfe77dbf7f_discovery	True	
state_hash_hap_3f36d3d05c6d_discovery	True	
state_hash_hap_9d59a1b7091f_discovery	True	
state_hash_hap_dc899f4b3e04_discovery	True	
state_hash_hap_1f876ea04e0f_discovery	True	
state_hash_hap_a6ca3d05175d_discovery	True	
state_hash_hap_e817a97cd0f3_discovery	True	
state_hash_hap_401a6ee3e281_discovery	True	
state_hash_hap_a3711291050d_discovery	True	
state_hash_hap_e357f7e13d39_discovery	True	
state_hash_reference_held_out	True	
state_hash_hap_263ab099835e_held_out	True	
state_hash_hap_d1edd567d6e9_held_out	True	
state_hash_hap_09de089a8cd2_held_out	True	
state_hash_hap_9adf06ae6c9b_held_out	True	
state_hash_hap_33eb738a7ad7_held_out	True	
state_hash_hap_6875bdbde43e_held_out	True	
state_hash_hap_8df88e85742a_held_out	True	
state_hash_hap_688a72cbd469_held_out	True	
state_hash_hap_97b72fc7c8a9_held_out	True	
state_hash_hap_252ebf07669a_held_out	True	
cpu_torch	True	2.14.1+cpu
sampled_disk_hard_ceiling	True	2401081522
rss_ceiling	True	
disk_reserve	True	
figures	True	
traceability_sources	True	
shellcheck_available	True	unavailable: Bash syntax checked; shellcheck not falsely marked passed
bash_syntax_run_all.sh	True	
shellcheck_run_all.sh	True	
bash_syntax_00_configure.sh	True	
shellcheck_00_configure.sh	True	
bash_syntax_02_install.sh	True	
shellcheck_02_install.sh	True	
bash_syntax_19_verify.sh	True	
shellcheck_19_verify.sh	True	
bash_syntax_finish.sh	True	
shellcheck_finish.sh	True	
bash_syntax_stage.sh	True	
shellcheck_stage.sh	True	
tracked_size_limit	True	
ignored_bulk_files	True	
independent_sequence_constraints	True	
required_schemas	True	
effective_seeds	True	
matched_generation_budget	True	
wild_type_comparator_discovery_scores.tsv.gz	True	
wild_type_comparator_heldout_scores.tsv	True	
state_mutation_reference_and_identity	True	
software_model_hashes	True	
downloaded_source_hashes	True	
fixed_positions	True	
benchmark_warning_propagates	True	
required_results	True	
compressed_results	True	
