wheel	version	official_download_url	sha256	verified_against	metadata_source
biopython-1.88-cp314-cp314-win_amd64.whl	1.88	https://files.pythonhosted.org/packages/77/34/ea155a75d0a9748a85c14fb4ba141d01e28bf76f210a539095cee6457442/biopython-1.88-cp314-cp314-win_amd64.whl	0b8fea4940c58915e6d4c670f17f4e9c20797e9e26d4300b6efbe960b99d199d	Official filename and published SHA256 equal the measured installation wheel	https://pypi.org/pypi/biopython/1.88/json
colorama-0.4.6-py2.py3-none-any.whl	0.4.6	https://files.pythonhosted.org/packages/d1/d6/3965ed04c63042e047cb6a3e6ed1a63a35087b6a609aa3a15ed8ac56c221/colorama-0.4.6-py2.py3-none-any.whl	4f1d9991f5acc0ca119f9d443620b77f9d6b33703e51011c16baf57afb285fc6	Official filename and published SHA256 equal the measured installation wheel	https://pypi.org/pypi/colorama/0.4.6/json
contourpy-1.4.0-cp314-cp314-win_amd64.whl	1.4.0	https://files.pythonhosted.org/packages/15/41/3df8cc14bb572c8b447f9dfbc876703f0f2f2896058285b5c87a1d4a638d/contourpy-1.4.0-cp314-cp314-win_amd64.whl	181bea01bc742734ae672fa00c717d855dd35e1f029536406538c52e7b0cd73d	Official filename and published SHA256 equal the measured installation wheel	https://pypi.org/pypi/contourpy/1.4.0/json
cycler-0.12.1-py3-none-any.whl	0.12.1	https://files.pythonhosted.org/packages/e7/05/c19819d5e3d95294a6f5947fb9b9629efb316b96de511b418c53d245aae6/cycler-0.12.1-py3-none-any.whl	85cef7cff222d8644161529808465972e51340599459b8ac3ccbac5a854e0d30	Official filename and published SHA256 equal the measured installation wheel	https://pypi.org/pypi/cycler/0.12.1/json
filelock-3.32.3-py3-none-any.whl	3.32.3	https://files.pythonhosted.org/packages/a7/8e/50f46a9c0ce8d2861a394c1347caae037ea0431d2f67d7feb151cbc4649a/filelock-3.32.3-py3-none-any.whl	7f0ca4bcc0e181c60dbbd8aa9ab5b120ebb99e4e064e83636340056f833a1f09	Official filename and published SHA256 equal the measured installation wheel	https://pypi.org/pypi/filelock/3.32.3/json
fonttools-4.66.1-cp314-cp314-win_amd64.whl	4.66.1	https://files.pythonhosted.org/packages/b2/53/629dbb4a40c4a7b3de61442c6b4430d36ab6e0e8cf941c547f4fd66f3337/fonttools-4.66.1-cp314-cp314-win_amd64.whl	05aeb146451f37289f782c3c861f3d0f4b86c2dd2e4620b46683544c7406640e	Official filename and published SHA256 equal the measured installation wheel	https://pypi.org/pypi/fonttools/4.66.1/json
fsspec-2026.7.0-py3-none-any.whl	2026.7.0	https://files.pythonhosted.org/packages/fd/3c/6a2bf344106328fd04963664a60b9bb6496fc25df8e962fcdc1367285fb9/fsspec-2026.7.0-py3-none-any.whl	b57ddbafedfaef7018c1ecab32aa200a9d7ca26b77965f64e48b70061249d279	Official filename and published SHA256 equal the measured installation wheel	https://pypi.org/pypi/fsspec/2026.7.0/json
iniconfig-2.3.0-py3-none-any.whl	2.3.0	https://files.pythonhosted.org/packages/cb/b1/3846dd7f199d53cb17f49cba7e651e9ce294d8497c8c150530ed11865bb8/iniconfig-2.3.0-py3-none-any.whl	f631c04d2c48c52b84d0d0549c99ff3859c98df65b3101406327ecc7d53fbf12	Official filename and published SHA256 equal the measured installation wheel	https://pypi.org/pypi/iniconfig/2.3.0/json
jinja2-3.1.6-py3-none-any.whl	3.1.6	https://files.pythonhosted.org/packages/62/a1/3d680cbfd5f4b8f15abc1d571870c5fc3e594bb582bc3b64ea099db13e56/jinja2-3.1.6-py3-none-any.whl	85ece4451f492d0c13c5dd7c13a64681a86afae63a5f347908daf103ce6d2f67	Official filename and published SHA256 equal the measured installation wheel	https://pypi.org/pypi/jinja2/3.1.6/json
kiwisolver-1.5.1-cp314-cp314-win_amd64.whl	1.5.1	https://files.pythonhosted.org/packages/4e/0e/49522e1ab5788cbaf63a26fbd3b851f9028616828c961b8a31b35cb96df8/kiwisolver-1.5.1-cp314-cp314-win_amd64.whl	f4167e87b397f273dc2356fcf1eaf50a6bac51e6105f45103ef7129c8efb0255	Official filename and published SHA256 equal the measured installation wheel	https://pypi.org/pypi/kiwisolver/1.5.1/json
markupsafe-3.0.3-cp314-cp314-win_amd64.whl	3.0.3	https://files.pythonhosted.org/packages/28/52/182836104b33b444e400b14f797212f720cbc9ed6ba34c800639d154e821/markupsafe-3.0.3-cp314-cp314-win_amd64.whl	bdc919ead48f234740ad807933cdf545180bfbe9342c2bb451556db2ed958581	Official filename and published SHA256 equal the measured installation wheel	https://pypi.org/pypi/markupsafe/3.0.3/json
matplotlib-3.11.2-cp314-cp314-win_amd64.whl	3.11.2	https://files.pythonhosted.org/packages/ea/61/4315ef0d63937fe56f451887b4a0be3b8e8b22cf1d92a8d157caac54570d/matplotlib-3.11.2-cp314-cp314-win_amd64.whl	ecea603dd2fbf8242fd31a305a8b12a4ece2de28096870c65fdd0d1e35b8d9a6	Official filename and published SHA256 equal the measured installation wheel	https://pypi.org/pypi/matplotlib/3.11.2/json
mpmath-1.3.0-py3-none-any.whl	1.3.0	https://files.pythonhosted.org/packages/43/e3/7d92a15f894aa0c9c4b49b8ee9ac9850d6e63b03c9c32c0367a13ae62209/mpmath-1.3.0-py3-none-any.whl	a0b2b9fe80bbcd81a6647ff13108738cfb482d481d826cc0e02f5b35e5c88d2c	Official filename and published SHA256 equal the measured installation wheel	https://pypi.org/pypi/mpmath/1.3.0/json
networkx-3.6.1-py3-none-any.whl	3.6.1	https://files.pythonhosted.org/packages/9e/c9/b2622292ea83fbb4ec318f5b9ab867d0a28ab43c5717bb85b0a5f6b3b0a4/networkx-3.6.1-py3-none-any.whl	d47fbf302e7d9cbbb9e2555a0d267983d2aa476bac30e90dfbe5669bd57f3762	Official filename and published SHA256 equal the measured installation wheel	https://pypi.org/pypi/networkx/3.6.1/json
numpy-2.5.3-cp314-cp314-win_amd64.whl	2.5.3	https://files.pythonhosted.org/packages/a4/73/d2c08231e4fde7e415501fd02c715d96e98599b2d8384445933944152984/numpy-2.5.3-cp314-cp314-win_amd64.whl	2c25dfa72943e4336ddb6b0ee4277b47a0c85bede0807530ec68103bf58e2c10	Official filename and published SHA256 equal the measured installation wheel	https://pypi.org/pypi/numpy/2.5.3/json
packaging-26.3-py3-none-any.whl	26.3	https://files.pythonhosted.org/packages/63/34/ba1c580383c9eada3711951fef0795c80b829a078d72188184bcab9dd527/packaging-26.3-py3-none-any.whl	d7193f7c8e4e93f444fde0262bf90af30e16fa0ad0ad44cb553c87339b23cd1c	Official filename and published SHA256 equal the measured installation wheel	https://pypi.org/pypi/packaging/26.3/json
pillow-12.3.0-cp314-cp314-win_amd64.whl	12.3.0	https://files.pythonhosted.org/packages/f1/e0/492879f69d94f91f60fc8cd05ba03650e9520afebb2fb7aa12777d7c7f38/pillow-12.3.0-cp314-cp314-win_amd64.whl	fdafc9cce40277e0f7a0feabce0ee50dd2fa1800f3b38015e51296b5e814048d	Official filename and published SHA256 equal the measured installation wheel	https://pypi.org/pypi/pillow/12.3.0/json
pluggy-1.6.0-py3-none-any.whl	1.6.0	https://files.pythonhosted.org/packages/54/20/4d324d65cc6d9205fabedc306948156824eb9f0ee1633355a8f7ec5c66bf/pluggy-1.6.0-py3-none-any.whl	e920276dd6813095e9377c0bc5566d94c932c33b27a3e3945d8389c374dd4746	Official filename and published SHA256 equal the measured installation wheel	https://pypi.org/pypi/pluggy/1.6.0/json
psutil-7.2.2-cp37-abi3-win_amd64.whl	7.2.2	https://files.pythonhosted.org/packages/b4/90/e2159492b5426be0c1fef7acba807a03511f97c5f86b3caeda6ad92351a7/psutil-7.2.2-cp37-abi3-win_amd64.whl	eb7e81434c8d223ec4a219b5fc1c47d0417b12be7ea866e24fb5ad6e84b3d988	Official filename and published SHA256 equal the measured installation wheel	https://pypi.org/pypi/psutil/7.2.2/json
pygments-2.21.0-py3-none-any.whl	2.21.0	https://files.pythonhosted.org/packages/71/46/17f022dd3e953bf20a04a028a21ec746d942f8d2af30fa0f124fa0e6a684/pygments-2.21.0-py3-none-any.whl	2363c69b61c4a97c838da3b130dcd6468f4848992b21a82f2a63ec34377137d9	Official filename and published SHA256 equal the measured installation wheel	https://pypi.org/pypi/pygments/2.21.0/json
pyparsing-3.3.3-py3-none-any.whl	3.3.3	https://files.pythonhosted.org/packages/38/bb/d215ee7c73b61497b28a5503f9f53523f294fcc936762b7caf90e0c1c2b5/pyparsing-3.3.3-py3-none-any.whl	ece8c00a69cf01b45d0b1dedabb469c90d8caf996d4fda40f147627a122849a4	Official filename and published SHA256 equal the measured installation wheel	https://pypi.org/pypi/pyparsing/3.3.3/json
pytest-9.1.1-py3-none-any.whl	9.1.1	https://files.pythonhosted.org/packages/24/25/1de2678b631f5a49215c6c96fff41ba892b0a34df68d6d80292b1b48aa7f/pytest-9.1.1-py3-none-any.whl	37a86b45efb9a47a61a36449063e8e18d0cab3161329fc099eb21783169c4f0c	Official filename and published SHA256 equal the measured installation wheel	https://pypi.org/pypi/pytest/9.1.1/json
python_dateutil-2.9.0.post0-py2.py3-none-any.whl	2.9.0.post0	https://files.pythonhosted.org/packages/ec/57/56b9bcc3c9c6a792fcbaf139543cee77261f3651ca9da0c93f5c1221264b/python_dateutil-2.9.0.post0-py2.py3-none-any.whl	a8b2bc7bffae282281c8140a97d3aa9c14da0b136dfe83f850eea9a5f7470427	Official filename and published SHA256 equal the measured installation wheel	https://pypi.org/pypi/python_dateutil/2.9.0.post0/json
pyyaml-6.0.3-cp314-cp314-win_amd64.whl	6.0.3	https://files.pythonhosted.org/packages/23/20/bb6982b26a40bb43951265ba29d4c246ef0ff59c9fdcdf0ed04e0687de4d/pyyaml-6.0.3-cp314-cp314-win_amd64.whl	4a2e8cebe2ff6ab7d1050ecd59c25d4c8bd7e6f400f5f82b96557ac0abafd0ac	Official filename and published SHA256 equal the measured installation wheel	https://pypi.org/pypi/pyyaml/6.0.3/json
scipy-1.18.1-cp314-cp314-win_amd64.whl	1.18.1	https://files.pythonhosted.org/packages/52/94/d73da0d28f16c45bb9b0a5691b91610b0275c5ef0eb5e43c87cf2dc1bf31/scipy-1.18.1-cp314-cp314-win_amd64.whl	78a0d7c918e74a232394117160e7e3db503377572a45bcef8826e4ab8a35feba	Official filename and published SHA256 equal the measured installation wheel	https://pypi.org/pypi/scipy/1.18.1/json
setuptools-78.1.0-py3-none-any.whl	78.1.0	https://files.pythonhosted.org/packages/54/21/f43f0a1fa8b06b32812e0975981f4677d28e0f3271601dc88ac5a5b83220/setuptools-78.1.0-py3-none-any.whl	3e386e96793c8702ae83d17b853fb93d3e09ef82ec62722e61da5cd22376dcd8	Official filename and published SHA256 equal the measured installation wheel	https://pypi.org/pypi/setuptools/78.1.0/json
six-1.17.0-py2.py3-none-any.whl	1.17.0	https://files.pythonhosted.org/packages/b7/ce/149a00dd41f10bc29e5921b496af8b574d8413afcd5e30dfa0ed46c2cc5e/six-1.17.0-py2.py3-none-any.whl	4721f391ed90541fddacab5acf947aa0d3dc7d27b2e1e8eda2be8970586c3274	Official filename and published SHA256 equal the measured installation wheel	https://pypi.org/pypi/six/1.17.0/json
sympy-1.14.0-py3-none-any.whl	1.14.0	https://files.pythonhosted.org/packages/a2/09/77d55d46fd61b4a135c444fc97158ef34a095e5681d0a6c10b75bf356191/sympy-1.14.0-py3-none-any.whl	e091cc3e99d2141a0ba2847328f5479b05d94a6635cb96148ccb3f34671bd8f5	Official filename and published SHA256 equal the measured installation wheel	https://pypi.org/pypi/sympy/1.14.0/json
torch-2.14.1+cpu-cp314-cp314-win_amd64.whl	2.14.1+cpu	https://download-r2.pytorch.org/whl/cpu/torch-2.14.1%2Bcpu-cp314-cp314-win_amd64.whl	a93db7947d53caab62c2436205a60ddf9c3150c2e09eb9b24610c1c3f4cbaf99	Official filename and published SHA256 equal the measured installation wheel	https://download.pytorch.org/whl/cpu/torch/
typing_extensions-4.16.0-py3-none-any.whl	4.16.0	https://files.pythonhosted.org/packages/49/d3/b8441a820a491ddfc024b0b0cf0393375b75ea13866d9c66727e54c2fc80/typing_extensions-4.16.0-py3-none-any.whl	481caa481374e813c1b176ada14e97f1f67a4539ce9cfeb3f350d78d6370c2e8	Official filename and published SHA256 equal the measured installation wheel	https://pypi.org/pypi/typing_extensions/4.16.0/json
