wheel	size_bytes	sha256	installed_distribution_metadata_license	license_files	cpu_torch_verified	date_checked
biopython-1.88-cp314-cp314-win_amd64.whl	2745968	0b8fea4940c58915e6d4c670f17f4e9c20797e9e26d4300b6efbe960b99d199d	"[""License-Expression: LicenseRef-Biopython-License-Agreement""]"	"[""biopython-1.88.dist-info/licenses/LICENSE.rst""]"	True	2026-10-03T18:16:41.660846+00:00
colorama-0.4.6-py2.py3-none-any.whl	25335	4f1d9991f5acc0ca119f9d443620b77f9d6b33703e51011c16baf57afb285fc6	[]	"[""colorama-0.4.6.dist-info/licenses/LICENSE.txt""]"	True	2026-10-03T18:16:41.705296+00:00
contourpy-1.4.0-cp314-cp314-win_amd64.whl	240101	181bea01bc742734ae672fa00c717d855dd35e1f029536406538c52e7b0cd73d	"[""License-Expression: BSD-3-Clause""]"	"[""contourpy-1.4.0.dist-info/licenses/LICENSE""]"	True	2026-10-03T18:16:41.763087+00:00
cycler-0.12.1-py3-none-any.whl	8321	85cef7cff222d8644161529808465972e51340599459b8ac3ccbac5a854e0d30	"[""License: Copyright (c) 2015, matplotlib project""]"	"[""cycler-0.12.1.dist-info/LICENSE""]"	True	2026-10-03T18:16:41.818891+00:00
filelock-3.32.3-py3-none-any.whl	98901	7f0ca4bcc0e181c60dbbd8aa9ab5b120ebb99e4e064e83636340056f833a1f09	"[""License-Expression: MIT""]"	"[""filelock-3.32.3.dist-info/licenses/LICENSE""]"	True	2026-10-03T18:16:41.876939+00:00
fonttools-4.66.1-cp314-cp314-win_amd64.whl	2489763	05aeb146451f37289f782c3c861f3d0f4b86c2dd2e4620b46683544c7406640e	"[""License: MIT""]"	"[""fonttools-4.66.1.dist-info/licenses/LICENSE"", ""fonttools-4.66.1.dist-info/licenses/LICENSE.external""]"	True	2026-10-03T18:16:41.938842+00:00
fsspec-2026.7.0-py3-none-any.whl	206583	b57ddbafedfaef7018c1ecab32aa200a9d7ca26b77965f64e48b70061249d279	"[""License-Expression: BSD-3-Clause""]"	"[""fsspec-2026.7.0.dist-info/licenses/LICENSE""]"	True	2026-10-03T18:16:42.000292+00:00
iniconfig-2.3.0-py3-none-any.whl	7484	f631c04d2c48c52b84d0d0549c99ff3859c98df65b3101406327ecc7d53fbf12	"[""License-Expression: MIT""]"	"[""iniconfig-2.3.0.dist-info/licenses/LICENSE""]"	True	2026-10-03T18:16:42.055369+00:00
jinja2-3.1.6-py3-none-any.whl	134899	85ece4451f492d0c13c5dd7c13a64681a86afae63a5f347908daf103ce6d2f67	[]	"[""jinja2-3.1.6.dist-info/licenses/LICENSE.txt""]"	True	2026-10-03T18:16:42.119683+00:00
kiwisolver-1.5.1-cp314-cp314-win_amd64.whl	72282	f4167e87b397f273dc2356fcf1eaf50a6bac51e6105f45103ef7129c8efb0255	"[""License: =========================""]"	"[""kiwisolver-1.5.1.dist-info/licenses/LICENSE""]"	True	2026-10-03T18:16:42.173904+00:00
markupsafe-3.0.3-cp314-cp314-win_amd64.whl	15341	bdc919ead48f234740ad807933cdf545180bfbe9342c2bb451556db2ed958581	"[""License-Expression: BSD-3-Clause""]"	"[""markupsafe-3.0.3.dist-info/licenses/LICENSE.txt""]"	True	2026-10-03T18:16:42.234995+00:00
matplotlib-3.11.2-cp314-cp314-win_amd64.whl	9505972	ecea603dd2fbf8242fd31a305a8b12a4ece2de28096870c65fdd0d1e35b8d9a6	"[""License: License agreement for matplotlib versions 1.3.0 and later""]"	"[""matplotlib-3.11.2.dist-info/LICENSE""]"	True	2026-10-03T18:16:42.331181+00:00
mpmath-1.3.0-py3-none-any.whl	536198	a0b2b9fe80bbcd81a6647ff13108738cfb482d481d826cc0e02f5b35e5c88d2c	"[""License: BSD""]"	"[""mpmath-1.3.0.dist-info/LICENSE""]"	True	2026-10-03T18:16:42.406669+00:00
networkx-3.6.1-py3-none-any.whl	2068504	d47fbf302e7d9cbbb9e2555a0d267983d2aa476bac30e90dfbe5669bd57f3762	"[""License-Expression: BSD-3-Clause""]"	"[""networkx-3.6.1.dist-info/licenses/LICENSE.txt""]"	True	2026-10-03T18:16:42.466495+00:00
numpy-2.5.3-cp314-cp314-win_amd64.whl	12698179	2c25dfa72943e4336ddb6b0ee4277b47a0c85bede0807530ec68103bf58e2c10	"[""License-Expression: BSD-3-Clause AND 0BSD AND MIT AND Zlib AND CC0-1.0""]"	"[""numpy/ma/LICENSE"", ""numpy/_core/include/numpy/random/LICENSE.txt"", ""numpy-2.5.3.dist-info/licenses/"", ""numpy-2.5.3.dist-info/licenses/numpy/"", ""numpy-2.5.3.dist-info/licenses/LICENSE.txt"", ""numpy-2.5.3.dist-info/licenses/numpy/fft/"", ""numpy-2.5.3.dist-info/licenses/numpy/linalg/"", ""numpy-2.5.3.dist-info/licenses/numpy/ma/"", ""numpy-2.5.3.dist-info/licenses/numpy/random/"", ""numpy-2.5.3.dist-info/licenses/numpy/_core/"", ""numpy-2.5.3.dist-info/licenses/numpy/fft/pocketfft/"", ""numpy-2.5.3.dist-info/licenses/numpy/fft/pocketfft/LICENSE.md"", ""numpy-2.5.3.dist-info/licenses/numpy/linalg/lapack_lite/"", ""numpy-2.5.3.dist-info/licenses/numpy/linalg/lapack_lite/LICENSE.txt"", ""numpy-2.5.3.dist-info/licenses/numpy/ma/LICENSE"", ""numpy-2.5.3.dist-info/licenses/numpy/random/src/"", ""numpy-2.5.3.dist-info/licenses/numpy/random/LICENSE.md"", ""numpy-2.5.3.dist-info/licenses/numpy/random/src/distributions/"", ""numpy-2.5.3.dist-info/licenses/numpy/random/src/mt19937/"", ""numpy-2.5.3.dist-info/licenses/numpy/random/src/pcg64/"", ""numpy-2.5.3.dist-info/licenses/numpy/random/src/philox/"", ""numpy-2.5.3.dist-info/licenses/numpy/random/src/sfc64/"", ""numpy-2.5.3.dist-info/licenses/numpy/random/src/splitmix64/"", ""numpy-2.5.3.dist-info/licenses/numpy/random/src/distributions/LICENSE.md"", ""numpy-2.5.3.dist-info/licenses/numpy/random/src/mt19937/LICENSE.md"", ""numpy-2.5.3.dist-info/licenses/numpy/random/src/pcg64/LICENSE.md"", ""numpy-2.5.3.dist-info/licenses/numpy/random/src/philox/LICENSE.md"", ""numpy-2.5.3.dist-info/licenses/numpy/random/src/sfc64/LICENSE.md"", ""numpy-2.5.3.dist-info/licenses/numpy/random/src/splitmix64/LICENSE.md"", ""numpy-2.5.3.dist-info/licenses/numpy/_core/include/"", ""numpy-2.5.3.dist-info/licenses/numpy/_core/src/"", ""numpy-2.5.3.dist-info/licenses/numpy/_core/include/numpy/"", ""numpy-2.5.3.dist-info/licenses/numpy/_core/include/numpy/libdivide/"", ""numpy-2.5.3.dist-info/licenses/numpy/_core/include/numpy/libdivide/LICENSE.txt"", ""numpy-2.5.3.dist-info/licenses/numpy/_core/src/common/"", ""numpy-2.5.3.dist-info/licenses/numpy/_core/src/highway/"", ""numpy-2.5.3.dist-info/licenses/numpy/_core/src/multiarray/"", ""numpy-2.5.3.dist-info/licenses/numpy/_core/src/npysort/"", ""numpy-2.5.3.dist-info/licenses/numpy/_core/src/umath/"", ""numpy-2.5.3.dist-info/licenses/numpy/_core/src/common/pythoncapi-compat/"", ""numpy-2.5.3.dist-info/licenses/numpy/_core/src/common/pythoncapi-compat/COPYING"", ""numpy-2.5.3.dist-info/licenses/numpy/_core/src/highway/LICENSE"", ""numpy-2.5.3.dist-info/licenses/numpy/_core/src/multiarray/dragon4_LICENSE.txt"", ""numpy-2.5.3.dist-info/licenses/numpy/_core/src/npysort/x86-simd-sort/"", ""numpy-2.5.3.dist-info/licenses/numpy/_core/src/npysort/x86-simd-sort/LICENSE.md"", ""numpy-2.5.3.dist-info/licenses/numpy/_core/src/umath/svml/"", ""numpy-2.5.3.dist-info/licenses/numpy/_core/src/umath/svml/LICENSE""]"	True	2026-10-03T18:16:42.544595+00:00
packaging-26.3-py3-none-any.whl	129956	d7193f7c8e4e93f444fde0262bf90af30e16fa0ad0ad44cb553c87339b23cd1c	"[""License-Expression: Apache-2.0 OR BSD-2-Clause""]"	"[""packaging/licenses/__init__.py"", ""packaging/licenses/_spdx.py"", ""packaging-26.3.dist-info/licenses/LICENSE"", ""packaging-26.3.dist-info/licenses/LICENSE.APACHE"", ""packaging-26.3.dist-info/licenses/LICENSE.BSD""]"	True	2026-10-03T18:16:42.633554+00:00
pillow-12.3.0-cp314-cp314-win_amd64.whl	7237707	fdafc9cce40277e0f7a0feabce0ee50dd2fa1800f3b38015e51296b5e814048d	"[""License-Expression: MIT-CMU""]"	"[""pillow-12.3.0.dist-info/licenses/LICENSE""]"	True	2026-10-03T18:16:42.693785+00:00
pluggy-1.6.0-py3-none-any.whl	20538	e920276dd6813095e9377c0bc5566d94c932c33b27a3e3945d8389c374dd4746	"[""License: MIT""]"	"[""pluggy-1.6.0.dist-info/licenses/LICENSE""]"	True	2026-10-03T18:16:42.748891+00:00
psutil-7.2.2-cp37-abi3-win_amd64.whl	137737	eb7e81434c8d223ec4a219b5fc1c47d0417b12be7ea866e24fb5ad6e84b3d988	"[""License: BSD-3-Clause""]"	"[""psutil-7.2.2.dist-info/LICENSE""]"	True	2026-10-03T18:16:42.784063+00:00
pygments-2.21.0-py3-none-any.whl	1250147	2363c69b61c4a97c838da3b130dcd6468f4848992b21a82f2a63ec34377137d9	"[""License-Expression: BSD-2-Clause""]"	"[""pygments-2.21.0.dist-info/licenses/AUTHORS"", ""pygments-2.21.0.dist-info/licenses/LICENSE""]"	True	2026-10-03T18:16:42.833063+00:00
pyparsing-3.3.3-py3-none-any.whl	126420	ece8c00a69cf01b45d0b1dedabb469c90d8caf996d4fda40f147627a122849a4	"[""License-Expression: MIT""]"	"[""pyparsing-3.3.3.dist-info/licenses/LICENSE""]"	True	2026-10-03T18:16:42.876518+00:00
pytest-9.1.1-py3-none-any.whl	386536	37a86b45efb9a47a61a36449063e8e18d0cab3161329fc099eb21783169c4f0c	"[""License-Expression: MIT""]"	"[""pytest-9.1.1.dist-info/licenses/LICENSE""]"	True	2026-10-03T18:16:42.925860+00:00
python_dateutil-2.9.0.post0-py2.py3-none-any.whl	229892	a8b2bc7bffae282281c8140a97d3aa9c14da0b136dfe83f850eea9a5f7470427	"[""License: Dual License""]"	"[""python_dateutil-2.9.0.post0.dist-info/LICENSE""]"	True	2026-10-03T18:16:42.967312+00:00
pyyaml-6.0.3-cp314-cp314-win_amd64.whl	156429	4a2e8cebe2ff6ab7d1050ecd59c25d4c8bd7e6f400f5f82b96557ac0abafd0ac	"[""License: MIT""]"	"[""pyyaml-6.0.3.dist-info/licenses/LICENSE""]"	True	2026-10-03T18:16:43.013544+00:00
scipy-1.18.1-cp314-cp314-win_amd64.whl	37362755	78a0d7c918e74a232394117160e7e3db503377572a45bcef8826e4ab8a35feba	"[""License: Copyright (c) 2001-2002 Enthought, Inc. 2003, SciPy Developers.""]"	"[""scipy/_lib/_uarray/LICENSE"", ""scipy-1.18.1.dist-info/LICENSE.txt""]"	True	2026-10-03T18:16:43.139524+00:00
setuptools-78.1.0-py3-none-any.whl	1256108	3e386e96793c8702ae83d17b853fb93d3e09ef82ec62722e61da5cd22376dcd8	[]	"[""setuptools/_vendor/packaging/licenses/__init__.py"", ""setuptools/_vendor/packaging/licenses/_spdx.py"", ""setuptools/_vendor/platformdirs-4.2.2.dist-info/licenses/LICENSE"", ""setuptools/_vendor/wheel/vendored/packaging/LICENSE"", ""setuptools-78.1.0.dist-info/licenses/LICENSE"", ""setuptools/_vendor/autocommand-2.2.2.dist-info/LICENSE"", ""setuptools/_vendor/backports.tarfile-1.2.0.dist-info/LICENSE"", ""setuptools/_vendor/importlib_metadata-8.0.0.dist-info/LICENSE"", ""setuptools/_vendor/inflect-7.3.1.dist-info/LICENSE"", ""setuptools/_vendor/jaraco.collections-5.1.0.dist-info/LICENSE"", ""setuptools/_vendor/jaraco.context-5.3.0.dist-info/LICENSE"", ""setuptools/_vendor/jaraco.functools-4.0.1.dist-info/LICENSE"", ""setuptools/_vendor/jaraco.text-3.12.1.dist-info/LICENSE"", ""setuptools/_vendor/more_itertools-10.3.0.dist-info/LICENSE"", ""setuptools/_vendor/packaging-24.2.dist-info/LICENSE"", ""setuptools/_vendor/tomli-2.0.1.dist-info/LICENSE"", ""setuptools/_vendor/typeguard-4.3.0.dist-info/LICENSE"", ""setuptools/_vendor/typing_extensions-4.12.2.dist-info/LICENSE"", ""setuptools/_vendor/wheel-0.45.1.dist-info/LICENSE.txt"", ""setuptools/_vendor/zipp-3.19.2.dist-info/LICENSE""]"	True	2026-10-03T18:16:43.268627+00:00
six-1.17.0-py2.py3-none-any.whl	11050	4721f391ed90541fddacab5acf947aa0d3dc7d27b2e1e8eda2be8970586c3274	"[""License: MIT""]"	"[""six-1.17.0.dist-info/LICENSE""]"	True	2026-10-03T18:16:43.322639+00:00
sympy-1.14.0-py3-none-any.whl	6299353	e091cc3e99d2141a0ba2847328f5479b05d94a6635cb96148ccb3f34671bd8f5	"[""License: BSD"", ""License: New BSD License (see the [LICENSE](LICENSE) file for details) covers all""]"	"[""sympy/parsing/latex/LICENSE.txt"", ""sympy-1.14.0.dist-info/licenses/AUTHORS"", ""sympy-1.14.0.dist-info/licenses/LICENSE""]"	True	2026-10-03T18:16:43.388060+00:00
torch-2.14.1+cpu-cp314-cp314-win_amd64.whl	125949396	a93db7947d53caab62c2436205a60ddf9c3150c2e09eb9b24610c1c3f4cbaf99	"[""License-Expression: Apache-2.0 AND Apache-2.0 WITH LLVM-exception AND BSD-2-Clause AND BSD-3-Clause AND BSL-1.0 AND MIT""]"	"[""torch/_vendor/packaging/LICENSE"", ""torch/_vendor/quack/LICENSE"", ""torch-2.14.1+cpu.dist-info/licenses/LICENSE"", ""torch-2.14.1+cpu.dist-info/licenses/third_party/aiter/LICENSE"", ""torch-2.14.1+cpu.dist-info/licenses/third_party/benchmark/LICENSE"", ""torch-2.14.1+cpu.dist-info/licenses/third_party/composable_kernel/LICENSE"", ""torch-2.14.1+cpu.dist-info/licenses/third_party/cpp-httplib/LICENSE"", ""torch-2.14.1+cpu.dist-info/licenses/third_party/cpuinfo/LICENSE"", ""torch-2.14.1+cpu.dist-info/licenses/third_party/cudnn_frontend/LICENSE.txt"", ""torch-2.14.1+cpu.dist-info/licenses/third_party/cutlass/LICENSE.txt"", ""torch-2.14.1+cpu.dist-info/licenses/third_party/fbgemm/LICENSE"", ""torch-2.14.1+cpu.dist-info/licenses/third_party/flash-attention/LICENSE"", ""torch-2.14.1+cpu.dist-info/licenses/third_party/flatbuffers/LICENSE"", ""torch-2.14.1+cpu.dist-info/licenses/third_party/fmt/LICENSE"", ""torch-2.14.1+cpu.dist-info/licenses/third_party/FP16/LICENSE"", ""torch-2.14.1+cpu.dist-info/licenses/third_party/FXdiv/LICENSE"", ""torch-2.14.1+cpu.dist-info/licenses/third_party/gloo/LICENSE"", ""torch-2.14.1+cpu.dist-info/licenses/third_party/googletest/LICENSE"", ""torch-2.14.1+cpu.dist-info/licenses/third_party/ideep/LICENSE"", ""torch-2.14.1+cpu.dist-info/licenses/third_party/kineto/LICENSE"", ""torch-2.14.1+cpu.dist-info/licenses/third_party/llvm-openmp/LICENSE.txt"", ""torch-2.14.1+cpu.dist-info/licenses/third_party/mimalloc/LICENSE"", ""torch-2.14.1+cpu.dist-info/licenses/third_party/miniz-3.0.2/LICENSE"", ""torch-2.14.1+cpu.dist-info/licenses/third_party/mslk/LICENSE"", ""torch-2.14.1+cpu.dist-info/licenses/third_party/NNPACK/LICENSE"", ""torch-2.14.1+cpu.dist-info/licenses/third_party/NVTX/LICENSE.txt"", ""torch-2.14.1+cpu.dist-info/licenses/third_party/onnx/LICENSE"", ""torch-2.14.1+cpu.dist-info/licenses/third_party/perfetto/LICENSE"", ""torch-2.14.1+cpu.dist-info/licenses/third_party/protobuf/LICENSE"", ""torch-2.14.1+cpu.dist-info/licenses/third_party/psimd/LICENSE"", ""torch-2.14.1+cpu.dist-info/licenses/third_party/pthreadpool/LICENSE"", ""torch-2.14.1+cpu.dist-info/licenses/third_party/pybind11/LICENSE"", ""torch-2.14.1+cpu.dist-info/licenses/third_party/python-peachpy/LICENSE.rst"", ""torch-2.14.1+cpu.dist-info/licenses/third_party/sleef/LICENSE.txt"", ""torch-2.14.1+cpu.dist-info/licenses/third_party/tensorpipe/LICENSE.txt"", ""torch-2.14.1+cpu.dist-info/licenses/third_party/VulkanMemoryAllocator/LICENSE.txt"", ""torch-2.14.1+cpu.dist-info/licenses/third_party/XNNPACK/LICENSE"", ""torch-2.14.1+cpu.dist-info/licenses/third_party/tensorpipe/third_party/googletest/LICENSE"", ""torch-2.14.1+cpu.dist-info/licenses/third_party/tensorpipe/third_party/libnop/LICENSE"", ""torch-2.14.1+cpu.dist-info/licenses/third_party/tensorpipe/third_party/libuv/LICENSE"", ""torch-2.14.1+cpu.dist-info/licenses/third_party/tensorpipe/third_party/pybind11/LICENSE"", ""torch-2.14.1+cpu.dist-info/licenses/third_party/tensorpipe/third_party/pybind11/tools/clang/LICENSE.txt"", ""torch-2.14.1+cpu.dist-info/licenses/third_party/tensorpipe/third_party/googletest/googlemock/LICENSE"", ""torch-2.14.1+cpu.dist-info/licenses/third_party/tensorpipe/third_party/googletest/googletest/LICENSE"", ""torch-2.14.1+cpu.dist-info/licenses/third_party/tensorpipe/third_party/googletest/googlemock/scripts/generator/LICENSE"", ""torch-2.14.1+cpu.dist-info/licenses/third_party/protobuf/third_party/benchmark/LICENSE"", ""torch-2.14.1+cpu.dist-info/licenses/third_party/protobuf/third_party/googletest/LICENSE"", ""torch-2.14.1+cpu.dist-info/licenses/third_party/protobuf/third_party/utf8_range/LICENSE"", ""torch-2.14.1+cpu.dist-info/licenses/third_party/protobuf/third_party/googletest/googlemock/LICENSE"", ""torch-2.14.1+cpu.dist-info/licenses/third_party/protobuf/third_party/googletest/googletest/LICENSE"", ""torch-2.14.1+cpu.dist-info/licenses/third_party/protobuf/third_party/googletest/googlemock/scripts/generator/LICENSE"", ""torch-2.14.1+cpu.dist-info/licenses/third_party/onnx/third_party/pybind11/LICENSE"", ""torch-2.14.1+cpu.dist-info/licenses/third_party/NVTX/docs/LICENSE.txt"", ""torch-2.14.1+cpu.dist-info/licenses/third_party/NVTX/python/LICENSE.txt"", ""torch-2.14.1+cpu.dist-info/licenses/third_party/NVTX/rust/LICENSE"", ""torch-2.14.1+cpu.dist-info/licenses/third_party/NVTX/tools/docs/github-markdown-css/LICENSE"", ""torch-2.14.1+cpu.dist-info/licenses/third_party/mslk/mslk/attention/flash_attn/LICENSE"", ""torch-2.14.1+cpu.dist-info/licenses/third_party/mslk/external/composable_kernel/LICENSE"", ""torch-2.14.1+cpu.dist-info/licenses/third_party/mslk/external/cutlass/LICENSE.txt"", ""torch-2.14.1+cpu.dist-info/licenses/third_party/mslk/external/googletest/LICENSE"", ""torch-2.14.1+cpu.dist-info/licenses/third_party/mslk/external/hipify_torch/LICENSE.txt"", ""torch-2.14.1+cpu.dist-info/licenses/third_party/mslk/external/cutlass/python/LICENSE.txt"", ""torch-2.14.1+cpu.dist-info/licenses/third_party/mslk/external/composable_kernel/docs/LICENSE.rst"", ""torch-2.14.1+cpu.dist-info/licenses/third_party/kineto/libkineto/third_party/dynolog_headers/LICENSE"", ""torch-2.14.1+cpu.dist-info/licenses/third_party/kineto/libkineto/third_party/fmt/LICENSE"", ""torch-2.14.1+cpu.dist-info/licenses/third_party/kineto/libkineto/third_party/googletest/LICENSE"", ""torch-2.14.1+cpu.dist-info/licenses/third_party/ideep/mkl-dnn/LICENSE"", ""torch-2.14.1+cpu.dist-info/licenses/third_party/ideep/mkl-dnn/third_party/gtest/LICENSE"", ""torch-2.14.1+cpu.dist-info/licenses/third_party/ideep/mkl-dnn/third_party/opencl/LICENSE"", ""torch-2.14.1+cpu.dist-info/licenses/third_party/gemmlowp/gemmlowp/LICENSE"", ""torch-2.14.1+cpu.dist-info/licenses/third_party/flatbuffers/dart/LICENSE"", ""torch-2.14.1+cpu.dist-info/licenses/third_party/flatbuffers/swift/LICENSE"", ""torch-2.14.1+cpu.dist-info/licenses/third_party/flash-attention/third_party/aiter/LICENSE"", ""torch-2.14.1+cpu.dist-info/licenses/third_party/flash-attention/third_party/aiter/3rdparty/composable_kernel/LICENSE"", ""torch-2.14.1+cpu.dist-info/licenses/third_party/flash-attention/third_party/aiter/3rdparty/composable_kernel/docs/LICENSE.rst"", ""torch-2.14.1+cpu.dist-info/licenses/third_party/flash-attention/flash_attn/cute/LICENSE"", ""torch-2.14.1+cpu.dist-info/licenses/third_party/flash-attention/csrc/composable_kernel/LICENSE"", ""torch-2.14.1+cpu.dist-info/licenses/third_party/flash-attention/csrc/cutlass/LICENSE.txt"", ""torch-2.14.1+cpu.dist-info/licenses/third_party/flash-attention/csrc/cutlass/python/LICENSE.txt"", ""torch-2.14.1+cpu.dist-info/licenses/third_party/flash-attention/csrc/composable_kernel/docs/LICENSE.rst"", ""torch-2.14.1+cpu.dist-info/licenses/third_party/fbgemm/fbgemm_gpu/test/quantize/mx/LICENSE"", ""torch-2.14.1+cpu.dist-info/licenses/third_party/fbgemm/fbgemm_gpu/src/quantize_ops/mx/LICENSE"", ""torch-2.14.1+cpu.dist-info/licenses/third_party/fbgemm/fbgemm_gpu/experimental/hstu/LICENSE"", ""torch-2.14.1+cpu.dist-info/licenses/third_party/fbgemm/fbgemm_gpu/docs/src/general/LICENSE.rst"", ""torch-2.14.1+cpu.dist-info/licenses/third_party/fbgemm/external/composable_kernel/LICENSE"", ""torch-2.14.1+cpu.dist-info/licenses/third_party/fbgemm/external/cpuinfo/LICENSE"", ""torch-2.14.1+cpu.dist-info/licenses/third_party/fbgemm/external/cutlass/LICENSE.txt"", ""torch-2.14.1+cpu.dist-info/licenses/third_party/fbgemm/external/googletest/LICENSE"", ""torch-2.14.1+cpu.dist-info/licenses/third_party/fbgemm/external/hipify_torch/LICENSE.txt"", ""torch-2.14.1+cpu.dist-info/licenses/third_party/fbgemm/external/cutlass/python/LICENSE.txt"", ""torch-2.14.1+cpu.dist-info/licenses/third_party/fbgemm/external/cpuinfo/deps/clog/LICENSE"", ""torch-2.14.1+cpu.dist-info/licenses/third_party/fbgemm/external/composable_kernel/docs/LICENSE.rst"", ""torch-2.14.1+cpu.dist-info/licenses/third_party/cutlass/python/LICENSE.txt"", ""torch-2.14.1+cpu.dist-info/licenses/third_party/cpuinfo/deps/clog/LICENSE"", ""torch-2.14.1+cpu.dist-info/licenses/third_party/composable_kernel/docs/LICENSE.rst"", ""torch-2.14.1+cpu.dist-info/licenses/third_party/aiter/3rdparty/composable_kernel/LICENSE"", ""torch-2.14.1+cpu.dist-info/licenses/third_party/aiter/3rdparty/composable_kernel/docs/LICENSE.rst""]"	True	2026-10-03T18:16:43.778513+00:00
typing_extensions-4.16.0-py3-none-any.whl	45571	481caa481374e813c1b176ada14e97f1f67a4539ce9cfeb3f350d78d6370c2e8	"[""License-Expression: PSF-2.0""]"	"[""typing_extensions-4.16.0.dist-info/licenses/LICENSE""]"	True	2026-10-03T18:16:44.098127+00:00
