haplotype_id	genotype	primary_wt_score	extra_repair_wt_score	wt_score_change	interpretation
hap_263ab099835e	1	60.39	60.39	0.0	Same E2 coordinates; extra native receptor repair; no candidate reselection
hap_d1edd567d6e9	2	31.67	31.67	0.0	Same E2 coordinates; extra native receptor repair; no candidate reselection
hap_09de089a8cd2	3	77.08	77.08	0.0	Same E2 coordinates; extra native receptor repair; no candidate reselection
hap_9adf06ae6c9b	4	63.18	63.18	0.0	Same E2 coordinates; extra native receptor repair; no candidate reselection
hap_33eb738a7ad7	5	62.08	62.08	0.0	Same E2 coordinates; extra native receptor repair; no candidate reselection
hap_6875bdbde43e	6	37.87	37.87	0.0	Same E2 coordinates; extra native receptor repair; no candidate reselection
hap_8df88e85742a	1	33.66	33.66	0.0	Same E2 coordinates; extra native receptor repair; no candidate reselection
hap_688a72cbd469	2	57.88	57.88	0.0	Same E2 coordinates; extra native receptor repair; no candidate reselection
hap_97b72fc7c8a9	6	37.33	37.33	0.0	Same E2 coordinates; extra native receptor repair; no candidate reselection
hap_252ebf07669a	1	61.38	61.38	0.0	Same E2 coordinates; extra native receptor repair; no candidate reselection
